seed,feature_group,epoch,loss,validation_loss,origin_month
17,full,1,0.10728125274181366,0.07874008268117905,2023-07-01
17,full,2,0.06723721325397491,0.058790575712919235,2023-07-01
17,full,3,0.053345806896686554,0.053195446729660034,2023-07-01
17,full,4,0.04758400842547417,0.050447653979063034,2023-07-01
17,full,5,0.044789984822273254,0.05066005885601044,2023-07-01
17,full,6,0.04214361682534218,0.049357879906892776,2023-07-01
17,full,7,0.04024837166070938,0.04669595882296562,2023-07-01
17,full,8,0.039557117968797684,0.04698912799358368,2023-07-01
17,full,9,0.038351647555828094,0.0471017062664032,2023-07-01
17,full,10,0.036909233778715134,0.04497969150543213,2023-07-01
17,full,11,0.036493003368377686,0.045771267265081406,2023-07-01
17,full,12,0.0364304780960083,0.044999003410339355,2023-07-01
17,full,13,0.03519951179623604,0.04438358172774315,2023-07-01
17,full,14,0.03520670905709267,0.044671181589365005,2023-07-01
17,full,15,0.03443610295653343,0.04319820925593376,2023-07-01
17,full,16,0.033407486975193024,0.04107585549354553,2023-07-01
17,full,17,0.032903023064136505,0.04127304628491402,2023-07-01
17,full,18,0.032891009002923965,0.03999297320842743,2023-07-01
17,full,19,0.032369550317525864,0.039997395128011703,2023-07-01
17,full,20,0.031826671212911606,0.03896552696824074,2023-07-01
17,full,21,0.03145290166139603,0.03939250856637955,2023-07-01
17,full,22,0.03121711127460003,0.0378766693174839,2023-07-01
17,full,23,0.031177012249827385,0.03812402859330177,2023-07-01
17,full,24,0.0306685883551836,0.03695448115468025,2023-07-01
17,full,25,0.031013140454888344,0.03732983395457268,2023-07-01
17,full,26,0.031084533780813217,0.03764243423938751,2023-07-01
17,full,27,0.029817020520567894,0.03827732801437378,2023-07-01
17,full,28,0.030095981433987617,0.04073018953204155,2023-07-01
17,full,29,0.029485367238521576,0.040538910776376724,2023-07-01
17,full,30,0.02871382050216198,0.03901773318648338,2023-07-01
17,full,31,0.029105620458722115,0.03700537607073784,2023-07-01
17,full,32,0.02807415835559368,0.036388661712408066,2023-07-01
17,full,33,0.028430135920643806,0.03628923371434212,2023-07-01
17,full,34,0.027159301564097404,0.037612948566675186,2023-07-01
17,full,35,0.027657104656100273,0.036671996116638184,2023-07-01
17,full,36,0.02662465162575245,0.03603285923600197,2023-07-01
17,full,37,0.027072696015238762,0.0362524650990963,2023-07-01
17,full,38,0.026720872148871422,0.03744561970233917,2023-07-01
17,full,39,0.02643774263560772,0.03665589913725853,2023-07-01
17,full,40,0.025716135278344154,0.036532212048769,2023-07-01
17,full,41,0.02556266263127327,0.036634575575590134,2023-07-01
17,full,42,0.02539467066526413,0.03814791142940521,2023-07-01
17,full,43,0.025138812139630318,0.037336625158786774,2023-07-01
17,full,44,0.02537490800023079,0.037688713520765305,2023-07-01
17,full,45,0.024964293465018272,0.03609325364232063,2023-07-01
17,full,46,0.024710239842534065,0.036114972084760666,2023-07-01
17,full,47,0.024895496666431427,0.03633943572640419,2023-07-01
17,full,48,0.024717804044485092,0.03772361949086189,2023-07-01
42,full,1,0.11589040607213974,0.07892609387636185,2023-07-01
42,full,2,0.07233011722564697,0.06710761785507202,2023-07-01
42,full,3,0.05651741847395897,0.05410259962081909,2023-07-01
42,full,4,0.04898591339588165,0.0515299029648304,2023-07-01
42,full,5,0.04567878320813179,0.05193747207522392,2023-07-01
42,full,6,0.043043751269578934,0.04970993101596832,2023-07-01
42,full,7,0.041164807975292206,0.047911256551742554,2023-07-01
42,full,8,0.040908243507146835,0.046584438532590866,2023-07-01
42,full,9,0.04014803469181061,0.04825868085026741,2023-07-01
42,full,10,0.03758050501346588,0.05035775899887085,2023-07-01
42,full,11,0.037130776792764664,0.0505187027156353,2023-07-01
42,full,12,0.036819927394390106,0.049654945731163025,2023-07-01
42,full,13,0.036138590425252914,0.04846445843577385,2023-07-01
42,full,14,0.03473299369215965,0.05055058002471924,2023-07-01
42,full,15,0.03520479425787926,0.051536332815885544,2023-07-01
42,full,16,0.03472692891955376,0.05157070234417915,2023-07-01
42,full,17,0.03383846953511238,0.0494849868118763,2023-07-01
42,full,18,0.033075492829084396,0.0496838204562664,2023-07-01
42,full,19,0.033217351883649826,0.04942626133561134,2023-07-01
42,full,20,0.033224817365407944,0.046381283551454544,2023-07-01
42,full,21,0.03258282318711281,0.04413242265582085,2023-07-01
42,full,22,0.03249296173453331,0.04435758292675018,2023-07-01
42,full,23,0.032738491892814636,0.04608932510018349,2023-07-01
42,full,24,0.031339969485998154,0.04553937539458275,2023-07-01
42,full,25,0.03073427826166153,0.0449802540242672,2023-07-01
42,full,26,0.030594173818826675,0.04634609818458557,2023-07-01
42,full,27,0.029980221763253212,0.04465403035283089,2023-07-01
42,full,28,0.029595186933875084,0.04451219365000725,2023-07-01
42,full,29,0.02910171076655388,0.04529455304145813,2023-07-01
42,full,30,0.028731346130371094,0.0441909022629261,2023-07-01
42,full,31,0.028554880991578102,0.04311951622366905,2023-07-01
42,full,32,0.02847241424024105,0.04466850683093071,2023-07-01
42,full,33,0.028370440006256104,0.04704105481505394,2023-07-01
42,full,34,0.027843134477734566,0.046585846692323685,2023-07-01
42,full,35,0.0274326391518116,0.0448114387691021,2023-07-01
42,full,36,0.02742173708975315,0.042874883860349655,2023-07-01
42,full,37,0.02739688567817211,0.04329230263829231,2023-07-01
42,full,38,0.02728167735040188,0.0416998565196991,2023-07-01
42,full,39,0.02680443972349167,0.044723059982061386,2023-07-01
42,full,40,0.027058418840169907,0.042783528566360474,2023-07-01
42,full,41,0.026820417493581772,0.043748486787080765,2023-07-01
42,full,42,0.026550671085715294,0.04268043115735054,2023-07-01
42,full,43,0.02574465051293373,0.040713850408792496,2023-07-01
42,full,44,0.02590358257293701,0.04122010990977287,2023-07-01
42,full,45,0.02533780410885811,0.04055729880928993,2023-07-01
42,full,46,0.024901263415813446,0.04221346601843834,2023-07-01
42,full,47,0.025106556713581085,0.041348788887262344,2023-07-01
42,full,48,0.02477017045021057,0.04056111350655556,2023-07-01
42,full,49,0.024360526353120804,0.04053540527820587,2023-07-01
42,full,50,0.0243095550686121,0.040920086205005646,2023-07-01
42,full,51,0.024462463334202766,0.04037344083189964,2023-07-01
42,full,52,0.024838458746671677,0.0426434725522995,2023-07-01
42,full,53,0.0242981668561697,0.040943343192338943,2023-07-01
42,full,54,0.024423571303486824,0.03960602357983589,2023-07-01
42,full,55,0.02417575567960739,0.04028613492846489,2023-07-01
42,full,56,0.023628467693924904,0.040544603019952774,2023-07-01
42,full,57,0.024104880169034004,0.041127193719148636,2023-07-01
42,full,58,0.02369816042482853,0.040287792682647705,2023-07-01
42,full,59,0.022963134571909904,0.04029488191008568,2023-07-01
42,full,60,0.023151781409978867,0.04108446463942528,2023-07-01
42,full,61,0.023142416030168533,0.04200449213385582,2023-07-01
42,full,62,0.02270633354783058,0.04140561819076538,2023-07-01
42,full,63,0.02196284756064415,0.04102243110537529,2023-07-01
42,full,64,0.02206832729279995,0.040518153458833694,2023-07-01
42,full,65,0.02258593589067459,0.040418773889541626,2023-07-01
42,full,66,0.022252976894378662,0.04180833697319031,2023-07-01
101,full,1,0.12023122608661652,0.08959167450666428,2023-07-01
101,full,2,0.0741698294878006,0.06870777159929276,2023-07-01
101,full,3,0.05694425851106644,0.06298772245645523,2023-07-01
101,full,4,0.04924454540014267,0.05522866174578667,2023-07-01
101,full,5,0.04473011568188667,0.05194084346294403,2023-07-01
101,full,6,0.042373303323984146,0.04925892874598503,2023-07-01
101,full,7,0.041291408240795135,0.04826552793383598,2023-07-01
101,full,8,0.03984561190009117,0.04629192873835564,2023-07-01
101,full,9,0.03862893208861351,0.046077657490968704,2023-07-01
101,full,10,0.037315767258405685,0.04552638903260231,2023-07-01
101,full,11,0.03652570769190788,0.046193987131118774,2023-07-01
101,full,12,0.035572946071624756,0.04586425796151161,2023-07-01
101,full,13,0.03524728864431381,0.04538070037961006,2023-07-01
101,full,14,0.03411750867962837,0.04465446248650551,2023-07-01
101,full,15,0.03332248702645302,0.0444207638502121,2023-07-01
101,full,16,0.03326151520013809,0.044027481228113174,2023-07-01
101,full,17,0.032953906804323196,0.04445758834481239,2023-07-01
101,full,18,0.032490815967321396,0.04336109757423401,2023-07-01
101,full,19,0.032127220183610916,0.04253518953919411,2023-07-01
101,full,20,0.03171011805534363,0.04365463927388191,2023-07-01
101,full,21,0.030828962102532387,0.04287973418831825,2023-07-01
101,full,22,0.03099752776324749,0.04313189908862114,2023-07-01
101,full,23,0.0306052565574646,0.04310739040374756,2023-07-01
101,full,24,0.030215555801987648,0.04451921582221985,2023-07-01
101,full,25,0.02984503284096718,0.0435669831931591,2023-07-01
101,full,26,0.0293194018304348,0.045452576130628586,2023-07-01
101,full,27,0.030424267053604126,0.04580506682395935,2023-07-01
101,full,28,0.029523372650146484,0.04272577166557312,2023-07-01
101,full,29,0.029154999181628227,0.042587023228406906,2023-07-01
101,full,30,0.028757859021425247,0.041289400309324265,2023-07-01
101,full,31,0.028430640697479248,0.04083085432648659,2023-07-01
101,full,32,0.02824312634766102,0.041261762380599976,2023-07-01
101,full,33,0.027341991662979126,0.042531754821538925,2023-07-01
101,full,34,0.027455516159534454,0.04116618260741234,2023-07-01
101,full,35,0.026779472827911377,0.04150712117552757,2023-07-01
101,full,36,0.026458468288183212,0.04040778800845146,2023-07-01
101,full,37,0.025692088529467583,0.04052945598959923,2023-07-01
101,full,38,0.02615395188331604,0.04010659083724022,2023-07-01
101,full,39,0.026546506211161613,0.04116329178214073,2023-07-01
101,full,40,0.025541817769408226,0.04071270301938057,2023-07-01
101,full,41,0.025592032819986343,0.04050165042281151,2023-07-01
101,full,42,0.025626813992857933,0.04058903828263283,2023-07-01
101,full,43,0.02520887739956379,0.04043593257665634,2023-07-01
101,full,44,0.025098225101828575,0.04007602110505104,2023-07-01
101,full,45,0.025200163945555687,0.03980940952897072,2023-07-01
101,full,46,0.02483479492366314,0.04027963802218437,2023-07-01
101,full,47,0.024376804009079933,0.04033172130584717,2023-07-01
101,full,48,0.024223513901233673,0.03968241438269615,2023-07-01
101,full,49,0.023581765592098236,0.040093794465065,2023-07-01
101,full,50,0.023519303649663925,0.03981238976120949,2023-07-01
101,full,51,0.02384042553603649,0.03963687643408775,2023-07-01
101,full,52,0.02362799644470215,0.04002182558178902,2023-07-01
101,full,53,0.0232908483594656,0.04016243666410446,2023-07-01
101,full,54,0.023891691118478775,0.03946611285209656,2023-07-01
101,full,55,0.0231722854077816,0.040863871574401855,2023-07-01
101,full,56,0.022765856236219406,0.03941839560866356,2023-07-01
101,full,57,0.02304578758776188,0.03969883918762207,2023-07-01
101,full,58,0.02254575490951538,0.03963213041424751,2023-07-01
101,full,59,0.02270440012216568,0.03934944048523903,2023-07-01
101,full,60,0.022693879902362823,0.03930521011352539,2023-07-01
101,full,61,0.022475622594356537,0.03945324942469597,2023-07-01
101,full,62,0.022167976945638657,0.04025407135486603,2023-07-01
101,full,63,0.022148530930280685,0.04045381769537926,2023-07-01
101,full,64,0.022280419245362282,0.039832405745983124,2023-07-01
101,full,65,0.021693747490644455,0.039787519723176956,2023-07-01
101,full,66,0.022568659856915474,0.03999911621212959,2023-07-01
101,full,67,0.021864943206310272,0.039808016270399094,2023-07-01
101,full,68,0.022093093022704124,0.039784278720617294,2023-07-01
101,full,69,0.021756647154688835,0.040124375373125076,2023-07-01
101,full,70,0.02149992249906063,0.04016070067882538,2023-07-01
101,full,71,0.02219456434249878,0.040108438581228256,2023-07-01
101,full,72,0.020846964791417122,0.040124084800481796,2023-07-01
303,full,1,0.13063597679138184,0.07523873448371887,2023-07-01
303,full,2,0.0792633518576622,0.06383023411035538,2023-07-01
303,full,3,0.06169148534536362,0.055035918951034546,2023-07-01
303,full,4,0.052053093910217285,0.04928147420287132,2023-07-01
303,full,5,0.04665660485625267,0.04707526043057442,2023-07-01
303,full,6,0.04426668584346771,0.04487583041191101,2023-07-01
303,full,7,0.041608572006225586,0.0442875511944294,2023-07-01
303,full,8,0.04130823165178299,0.04377245530486107,2023-07-01
303,full,9,0.03927223011851311,0.042633578181266785,2023-07-01
303,full,10,0.03901459276676178,0.042934760451316833,2023-07-01
303,full,11,0.03770284727215767,0.04205343499779701,2023-07-01
303,full,12,0.03641112893819809,0.040948450565338135,2023-07-01
303,full,13,0.0358436144888401,0.04120181128382683,2023-07-01
303,full,14,0.03513026237487793,0.0411820262670517,2023-07-01
303,full,15,0.03514514118432999,0.042442213743925095,2023-07-01
303,full,16,0.034274935722351074,0.04186054691672325,2023-07-01
303,full,17,0.03324941545724869,0.04156975820660591,2023-07-01
303,full,18,0.03346828743815422,0.04149803891777992,2023-07-01
303,full,19,0.03255666047334671,0.04103526845574379,2023-07-01
303,full,20,0.03165605664253235,0.04279707744717598,2023-07-01
303,full,21,0.03194824606180191,0.04458916559815407,2023-07-01
303,full,22,0.031903430819511414,0.044836822897195816,2023-07-01
303,full,23,0.03257087618112564,0.04419886693358421,2023-07-01
303,full,24,0.03245389088988304,0.03988462686538696,2023-07-01
303,full,25,0.031815167516469955,0.038527850061655045,2023-07-01
303,full,26,0.03062526322901249,0.03899867460131645,2023-07-01
303,full,27,0.02971690148115158,0.041021376848220825,2023-07-01
303,full,28,0.029245443642139435,0.041259195655584335,2023-07-01
303,full,29,0.028611741960048676,0.03991681709885597,2023-07-01
303,full,30,0.02906978502869606,0.038600239902734756,2023-07-01
303,full,31,0.028410164639353752,0.03816595673561096,2023-07-01
303,full,32,0.02798907272517681,0.03829764202237129,2023-07-01
303,full,33,0.027778370305895805,0.03877817839384079,2023-07-01
303,full,34,0.027290862053632736,0.04055434465408325,2023-07-01
303,full,35,0.027863770723342896,0.03943406045436859,2023-07-01
303,full,36,0.026332901790738106,0.038898538798093796,2023-07-01
303,full,37,0.026510626077651978,0.03988092765212059,2023-07-01
303,full,38,0.025679705664515495,0.04063752666115761,2023-07-01
303,full,39,0.02580263838171959,0.041361238807439804,2023-07-01
303,full,40,0.025690553709864616,0.03972325101494789,2023-07-01
303,full,41,0.025524724274873734,0.0402953214943409,2023-07-01
303,full,42,0.025883784517645836,0.040896955877542496,2023-07-01
303,full,43,0.02501620166003704,0.04247497022151947,2023-07-01
707,full,1,0.11695270240306854,0.08521211892366409,2023-07-01
707,full,2,0.07398048788309097,0.06601212173700333,2023-07-01
707,full,3,0.05771864578127861,0.05633597448468208,2023-07-01
707,full,4,0.050136055797338486,0.05031881108880043,2023-07-01
707,full,5,0.04623543471097946,0.048000797629356384,2023-07-01
707,full,6,0.043648894876241684,0.04691523686051369,2023-07-01
707,full,7,0.04120325297117233,0.04589956998825073,2023-07-01
707,full,8,0.0403352715075016,0.045794129371643066,2023-07-01
707,full,9,0.03881955146789551,0.04609641805291176,2023-07-01
707,full,10,0.03746466338634491,0.045056115835905075,2023-07-01
707,full,11,0.037165023386478424,0.044873666018247604,2023-07-01
707,full,12,0.03631405904889107,0.04335303604602814,2023-07-01
707,full,13,0.03594394400715828,0.043401431292295456,2023-07-01
707,full,14,0.03538208082318306,0.043635863810777664,2023-07-01
707,full,15,0.03490742668509483,0.04415237903594971,2023-07-01
707,full,16,0.033753927797079086,0.04418928548693657,2023-07-01
707,full,17,0.03353530168533325,0.045413583517074585,2023-07-01
707,full,18,0.032916124910116196,0.04426233470439911,2023-07-01
707,full,19,0.03316987678408623,0.04367769882082939,2023-07-01
707,full,20,0.03288666903972626,0.04286933317780495,2023-07-01
707,full,21,0.032436251640319824,0.04199475049972534,2023-07-01
707,full,22,0.03183075413107872,0.042195454239845276,2023-07-01
707,full,23,0.03158177062869072,0.04189596697688103,2023-07-01
707,full,24,0.031133349984884262,0.04202106595039368,2023-07-01
707,full,25,0.030835624784231186,0.0416630282998085,2023-07-01
707,full,26,0.030255354940891266,0.04149981215596199,2023-07-01
707,full,27,0.029640663415193558,0.04173058271408081,2023-07-01
707,full,28,0.0296533964574337,0.04017550125718117,2023-07-01
707,full,29,0.029327481985092163,0.04113185033202171,2023-07-01
707,full,30,0.028769470751285553,0.04218121990561485,2023-07-01
707,full,31,0.02939041703939438,0.04176009073853493,2023-07-01
707,full,32,0.028023457154631615,0.041189294308423996,2023-07-01
707,full,33,0.02805136702954769,0.04072069004178047,2023-07-01
707,full,34,0.02766217105090618,0.040921833366155624,2023-07-01
707,full,35,0.02702617272734642,0.04095615819096565,2023-07-01
707,full,36,0.026696601882576942,0.04130532965064049,2023-07-01
707,full,37,0.026858646422624588,0.040930185467004776,2023-07-01
707,full,38,0.026066390797495842,0.04152199998497963,2023-07-01
707,full,39,0.026137463748455048,0.04040682315826416,2023-07-01
707,full,40,0.02649843692779541,0.041515644639730453,2023-07-01
17,full,1,0.10418567061424255,0.0762939378619194,2023-08-01
17,full,2,0.0650366023182869,0.06385887414216995,2023-08-01
17,full,3,0.052760228514671326,0.05600482225418091,2023-08-01
17,full,4,0.04640323296189308,0.05397914722561836,2023-08-01
17,full,5,0.04410461708903313,0.051794376224279404,2023-08-01
17,full,6,0.042325884103775024,0.04829202964901924,2023-08-01
17,full,7,0.0401807501912117,0.04618826508522034,2023-08-01
17,full,8,0.038877084851264954,0.04630405828356743,2023-08-01
17,full,9,0.03826429694890976,0.043801724910736084,2023-08-01
17,full,10,0.03724249079823494,0.04362991824746132,2023-08-01
17,full,11,0.03679443523287773,0.04317097365856171,2023-08-01
17,full,12,0.036520861089229584,0.04305185750126839,2023-08-01
17,full,13,0.03588428348302841,0.04309459030628204,2023-08-01
17,full,14,0.03510858491063118,0.0431804358959198,2023-08-01
17,full,15,0.03418750315904617,0.044320106506347656,2023-08-01
17,full,16,0.03366408497095108,0.04431210830807686,2023-08-01
17,full,17,0.03349181264638901,0.04484248161315918,2023-08-01
17,full,18,0.03345146030187607,0.04576655104756355,2023-08-01
17,full,19,0.03296106681227684,0.04714002087712288,2023-08-01
17,full,20,0.03310044854879379,0.04540354385972023,2023-08-01
17,full,21,0.032946836203336716,0.042083222419023514,2023-08-01
17,full,22,0.03196881338953972,0.04016655683517456,2023-08-01
17,full,23,0.03182391822338104,0.0399211086332798,2023-08-01
17,full,24,0.030771413818001747,0.03894584998488426,2023-08-01
17,full,25,0.03046448342502117,0.039626628160476685,2023-08-01
17,full,26,0.030272450298070908,0.04049232229590416,2023-08-01
17,full,27,0.029817955568432808,0.04029135778546333,2023-08-01
17,full,28,0.029346564784646034,0.04050907865166664,2023-08-01
17,full,29,0.02964206226170063,0.03989284113049507,2023-08-01
17,full,30,0.02903074026107788,0.03822437301278114,2023-08-01
17,full,31,0.02835143357515335,0.038813862949609756,2023-08-01
17,full,32,0.02845389023423195,0.03875573351979256,2023-08-01
17,full,33,0.027918053790926933,0.038019608706235886,2023-08-01
17,full,34,0.02820124290883541,0.03940597549080849,2023-08-01
17,full,35,0.027658110484480858,0.03889022767543793,2023-08-01
17,full,36,0.027473412454128265,0.03870821371674538,2023-08-01
17,full,37,0.027089325711131096,0.03850431740283966,2023-08-01
17,full,38,0.02683095820248127,0.03664744272828102,2023-08-01
17,full,39,0.026857580989599228,0.03712175413966179,2023-08-01
17,full,40,0.026474202051758766,0.038789812475442886,2023-08-01
17,full,41,0.026898043230175972,0.03918403014540672,2023-08-01
17,full,42,0.026693645864725113,0.037974562495946884,2023-08-01
17,full,43,0.025694629177451134,0.037896398454904556,2023-08-01
17,full,44,0.0254153273999691,0.03774099424481392,2023-08-01
17,full,45,0.024961985647678375,0.03758950158953667,2023-08-01
17,full,46,0.02499690093100071,0.03834208846092224,2023-08-01
17,full,47,0.02494572289288044,0.04005590081214905,2023-08-01
17,full,48,0.02476557157933712,0.03843040391802788,2023-08-01
17,full,49,0.024960147216916084,0.037663284689188004,2023-08-01
17,full,50,0.02461794950067997,0.03782164677977562,2023-08-01
42,full,1,0.11011326313018799,0.07599920779466629,2023-08-01
42,full,2,0.06902197003364563,0.06444079428911209,2023-08-01
42,full,3,0.05475489795207977,0.056765925139188766,2023-08-01
42,full,4,0.048665981739759445,0.054736893624067307,2023-08-01
42,full,5,0.044619716703891754,0.05053683742880821,2023-08-01
42,full,6,0.041718490421772,0.049524351954460144,2023-08-01
42,full,7,0.041027430444955826,0.04884772375226021,2023-08-01
42,full,8,0.03989700973033905,0.04970264807343483,2023-08-01
42,full,9,0.038869183510541916,0.049599140882492065,2023-08-01
42,full,10,0.038010694086551666,0.050637226551771164,2023-08-01
42,full,11,0.037053897976875305,0.049019504338502884,2023-08-01
42,full,12,0.03636716678738594,0.0487922728061676,2023-08-01
42,full,13,0.035447731614112854,0.04886418953537941,2023-08-01
42,full,14,0.035515956580638885,0.051102250814437866,2023-08-01
42,full,15,0.03448573127388954,0.047584861516952515,2023-08-01
42,full,16,0.03379511833190918,0.05031914636492729,2023-08-01
42,full,17,0.03343476355075836,0.05034339055418968,2023-08-01
42,full,18,0.03303962200880051,0.050220564007759094,2023-08-01
42,full,19,0.03226035088300705,0.04662087559700012,2023-08-01
42,full,20,0.03208501636981964,0.04896344244480133,2023-08-01
42,full,21,0.031585317105054855,0.04741360619664192,2023-08-01
42,full,22,0.03173340857028961,0.047620221972465515,2023-08-01
42,full,23,0.03065411187708378,0.046188950538635254,2023-08-01
42,full,24,0.030850447714328766,0.04561886191368103,2023-08-01
42,full,25,0.030239038169384003,0.04550494626164436,2023-08-01
42,full,26,0.030146710574626923,0.042853012681007385,2023-08-01
42,full,27,0.03007259964942932,0.043078113347291946,2023-08-01
42,full,28,0.02955910935997963,0.04510551318526268,2023-08-01
42,full,29,0.029441867023706436,0.047220196574926376,2023-08-01
42,full,30,0.029000721871852875,0.04303823038935661,2023-08-01
42,full,31,0.02870147116482258,0.04446917399764061,2023-08-01
42,full,32,0.02797510474920273,0.04378664493560791,2023-08-01
42,full,33,0.02820625528693199,0.045297589153051376,2023-08-01
42,full,34,0.028095824643969536,0.04438088461756706,2023-08-01
42,full,35,0.0279061459004879,0.04581153392791748,2023-08-01
42,full,36,0.027698110789060593,0.043123286217451096,2023-08-01
42,full,37,0.027457989752292633,0.04377876594662666,2023-08-01
42,full,38,0.027142874896526337,0.04522346332669258,2023-08-01
101,full,1,0.11572813987731934,0.08783745765686035,2023-08-01
101,full,2,0.07034861296415329,0.06703842431306839,2023-08-01
101,full,3,0.054818276315927505,0.05686921253800392,2023-08-01
101,full,4,0.04724506288766861,0.05200512334704399,2023-08-01
101,full,5,0.04492851719260216,0.048468414694070816,2023-08-01
101,full,6,0.04252621531486511,0.04795946180820465,2023-08-01
101,full,7,0.04063504934310913,0.04559206962585449,2023-08-01
101,full,8,0.03895600140094757,0.044446688145399094,2023-08-01
101,full,9,0.03752352297306061,0.043780069798231125,2023-08-01
101,full,10,0.03712553158402443,0.042719364166259766,2023-08-01
101,full,11,0.03599171340465546,0.042732905596494675,2023-08-01
101,full,12,0.03567509725689888,0.041848074644804,2023-08-01
101,full,13,0.03472595661878586,0.041341740638017654,2023-08-01
101,full,14,0.03386196494102478,0.04043782502412796,2023-08-01
101,full,15,0.0336146354675293,0.040049996227025986,2023-08-01
101,full,16,0.03317956253886223,0.0399971604347229,2023-08-01
101,full,17,0.033082265406847,0.039518143981695175,2023-08-01
101,full,18,0.032539039850234985,0.038902219384908676,2023-08-01
101,full,19,0.03169325739145279,0.039137329906225204,2023-08-01
101,full,20,0.03147869557142258,0.03851638361811638,2023-08-01
101,full,21,0.0315808430314064,0.03872175142168999,2023-08-01
101,full,22,0.03136267513036728,0.03841853141784668,2023-08-01
101,full,23,0.030234456062316895,0.038199570029973984,2023-08-01
101,full,24,0.029769280925393105,0.03752487525343895,2023-08-01
101,full,25,0.029565343633294106,0.038537465035915375,2023-08-01
101,full,26,0.029640235006809235,0.03801809251308441,2023-08-01
101,full,27,0.029119785875082016,0.037869203835725784,2023-08-01
101,full,28,0.028645209968090057,0.03663511201739311,2023-08-01
101,full,29,0.028408948332071304,0.03760666772723198,2023-08-01
101,full,30,0.027976423501968384,0.03755898401141167,2023-08-01
101,full,31,0.02800629287958145,0.037948790937662125,2023-08-01
101,full,32,0.028052767738699913,0.0391104556620121,2023-08-01
101,full,33,0.0285014845430851,0.03919973596930504,2023-08-01
101,full,34,0.027654342353343964,0.037742678076028824,2023-08-01
101,full,35,0.02856535091996193,0.03652839735150337,2023-08-01
101,full,36,0.028112411499023438,0.0353877991437912,2023-08-01
101,full,37,0.027693022042512894,0.035419996827840805,2023-08-01
101,full,38,0.026915468275547028,0.03577287867665291,2023-08-01
101,full,39,0.027088966220617294,0.03492244705557823,2023-08-01
101,full,40,0.02681652456521988,0.0363551564514637,2023-08-01
101,full,41,0.025998555123806,0.03632013127207756,2023-08-01
101,full,42,0.02570021152496338,0.03557614982128143,2023-08-01
101,full,43,0.024886270985007286,0.0350421778857708,2023-08-01
101,full,44,0.024590540677309036,0.03512563556432724,2023-08-01
101,full,45,0.024463968351483345,0.03617672994732857,2023-08-01
101,full,46,0.024680888280272484,0.03656676411628723,2023-08-01
101,full,47,0.02458612062036991,0.034990519285202026,2023-08-01
101,full,48,0.024441618472337723,0.0350673533976078,2023-08-01
101,full,49,0.02411319501698017,0.035553645342588425,2023-08-01
101,full,50,0.02391090616583824,0.036554399877786636,2023-08-01
101,full,51,0.023822886869311333,0.03614954650402069,2023-08-01
303,full,1,0.12282368540763855,0.07316761463880539,2023-08-01
303,full,2,0.07056072354316711,0.06234061345458031,2023-08-01
303,full,3,0.05599156394600868,0.05174664035439491,2023-08-01
303,full,4,0.048965323716402054,0.046673353761434555,2023-08-01
303,full,5,0.04547160491347313,0.04526984691619873,2023-08-01
303,full,6,0.04359354078769684,0.04451925680041313,2023-08-01
303,full,7,0.041667163372039795,0.04359695687890053,2023-08-01
303,full,8,0.04001367464661598,0.04234645143151283,2023-08-01
303,full,9,0.03879834711551666,0.04255419597029686,2023-08-01
303,full,10,0.03774617612361908,0.0428428053855896,2023-08-01
303,full,11,0.03651919588446617,0.0422825925052166,2023-08-01
303,full,12,0.035668034106492996,0.04145065322518349,2023-08-01
303,full,13,0.035095877945423126,0.04114965721964836,2023-08-01
303,full,14,0.034851957112550735,0.04008082300424576,2023-08-01
303,full,15,0.03394237160682678,0.04078548401594162,2023-08-01
303,full,16,0.03334512189030647,0.040585655719041824,2023-08-01
303,full,17,0.03290669620037079,0.03933839499950409,2023-08-01
303,full,18,0.03259674087166786,0.03904737904667854,2023-08-01
303,full,19,0.03187757730484009,0.0389188788831234,2023-08-01
303,full,20,0.03138745576143265,0.03927263244986534,2023-08-01
303,full,21,0.031663909554481506,0.0388711653649807,2023-08-01
303,full,22,0.03068413957953453,0.039131049066782,2023-08-01
303,full,23,0.02999737113714218,0.0398065485060215,2023-08-01
303,full,24,0.029753578826785088,0.03781893849372864,2023-08-01
303,full,25,0.029486145824193954,0.0400940366089344,2023-08-01
303,full,26,0.029133757576346397,0.03792531415820122,2023-08-01
303,full,27,0.029359987005591393,0.037253472954034805,2023-08-01
303,full,28,0.0284165870398283,0.03721971809864044,2023-08-01
303,full,29,0.028131527826189995,0.03632627800107002,2023-08-01
303,full,30,0.028448455035686493,0.03740834444761276,2023-08-01
303,full,31,0.028187815099954605,0.03689561039209366,2023-08-01
303,full,32,0.0276548583060503,0.036217208951711655,2023-08-01
303,full,33,0.02694346383213997,0.03636042773723602,2023-08-01
303,full,34,0.026624850928783417,0.036488424986600876,2023-08-01
303,full,35,0.026310276240110397,0.036098890006542206,2023-08-01
303,full,36,0.0261672493070364,0.035706404596567154,2023-08-01
303,full,37,0.02614440582692623,0.03662368282675743,2023-08-01
303,full,38,0.026226017624139786,0.03579700365662575,2023-08-01
303,full,39,0.025777921080589294,0.03627833351492882,2023-08-01
303,full,40,0.026146944612264633,0.03605564311146736,2023-08-01
303,full,41,0.025128725916147232,0.03595559671521187,2023-08-01
303,full,42,0.025325259193778038,0.035646166652441025,2023-08-01
303,full,43,0.024680599570274353,0.03702928498387337,2023-08-01
303,full,44,0.025094440206885338,0.03543756157159805,2023-08-01
303,full,45,0.025377420708537102,0.035339001566171646,2023-08-01
303,full,46,0.02429926209151745,0.03644053637981415,2023-08-01
303,full,47,0.02427814155817032,0.03624386340379715,2023-08-01
303,full,48,0.02377614751458168,0.03613604977726936,2023-08-01
303,full,49,0.024183202534914017,0.036152590066194534,2023-08-01
303,full,50,0.023806724697351456,0.03713994845747948,2023-08-01
303,full,51,0.023786088451743126,0.03611389920115471,2023-08-01
303,full,52,0.02308586984872818,0.03589780628681183,2023-08-01
303,full,53,0.02314883843064308,0.03615438938140869,2023-08-01
303,full,54,0.02296491526067257,0.03563306853175163,2023-08-01
303,full,55,0.022918131202459335,0.03625432401895523,2023-08-01
303,full,56,0.023528501391410828,0.036217100918293,2023-08-01
303,full,57,0.023519454523921013,0.03652855381369591,2023-08-01
707,full,1,0.11307226121425629,0.07916561514139175,2023-08-01
707,full,2,0.071989506483078,0.06158502772450447,2023-08-01
707,full,3,0.05576084554195404,0.05146189406514168,2023-08-01
707,full,4,0.049283597618341446,0.050063181668519974,2023-08-01
707,full,5,0.04573826491832733,0.04715123772621155,2023-08-01
707,full,6,0.043016500771045685,0.04553152248263359,2023-08-01
707,full,7,0.04110966622829437,0.045077353715896606,2023-08-01
707,full,8,0.039934344589710236,0.044074323028326035,2023-08-01
707,full,9,0.038181379437446594,0.04366963729262352,2023-08-01
707,full,10,0.03687736392021179,0.04289530590176582,2023-08-01
707,full,11,0.0364944152534008,0.04247133433818817,2023-08-01
707,full,12,0.035685405135154724,0.0417313389480114,2023-08-01
707,full,13,0.03537074849009514,0.04123804345726967,2023-08-01
707,full,14,0.034479886293411255,0.04066096246242523,2023-08-01
707,full,15,0.03386348858475685,0.04091983661055565,2023-08-01
707,full,16,0.03355282545089722,0.03992445394396782,2023-08-01
707,full,17,0.0331985168159008,0.040257979184389114,2023-08-01
707,full,18,0.033587779849767685,0.04052646458148956,2023-08-01
707,full,19,0.0324331670999527,0.040050994604825974,2023-08-01
707,full,20,0.032157085835933685,0.04001453146338463,2023-08-01
707,full,21,0.03247933089733124,0.04211137816309929,2023-08-01
707,full,22,0.032730430364608765,0.046187181025743484,2023-08-01
707,full,23,0.0336448960006237,0.044768378138542175,2023-08-01
707,full,24,0.03409241884946823,0.037726711481809616,2023-08-01
707,full,25,0.03130056709051132,0.03829110041260719,2023-08-01
707,full,26,0.03064580447971821,0.037992823868989944,2023-08-01
707,full,27,0.0296647772192955,0.03900417312979698,2023-08-01
707,full,28,0.029630418866872787,0.037446487694978714,2023-08-01
707,full,29,0.028766244649887085,0.03647813946008682,2023-08-01
707,full,30,0.028907597064971924,0.03759467229247093,2023-08-01
707,full,31,0.027977019548416138,0.03728470206260681,2023-08-01
707,full,32,0.027444729581475258,0.037755243480205536,2023-08-01
707,full,33,0.0272072721272707,0.037652309983968735,2023-08-01
707,full,34,0.0270316731184721,0.03780336305499077,2023-08-01
707,full,35,0.02727329730987549,0.03801644966006279,2023-08-01
707,full,36,0.026976512745022774,0.03773203492164612,2023-08-01
707,full,37,0.026334328576922417,0.03698635473847389,2023-08-01
707,full,38,0.026340041309595108,0.03793971613049507,2023-08-01
707,full,39,0.02610618621110916,0.03792158141732216,2023-08-01
707,full,40,0.02559604123234749,0.03734658285975456,2023-08-01
707,full,41,0.02534647472202778,0.03682501241564751,2023-08-01
17,full,1,0.10049621015787125,0.06815163046121597,2023-09-01
17,full,2,0.061992209404706955,0.05522732809185982,2023-09-01
17,full,3,0.05012941360473633,0.05056789889931679,2023-09-01
17,full,4,0.04547491297125816,0.04679102078080177,2023-09-01
17,full,5,0.04268845543265343,0.04624873027205467,2023-09-01
17,full,6,0.04084771126508713,0.045799776911735535,2023-09-01
17,full,7,0.03945920243859291,0.04559573903679848,2023-09-01
17,full,8,0.03846760094165802,0.0458904467523098,2023-09-01
17,full,9,0.03748270869255066,0.04542432725429535,2023-09-01
17,full,10,0.03679463639855385,0.04574032127857208,2023-09-01
17,full,11,0.035665012896060944,0.046724963933229446,2023-09-01
17,full,12,0.03495287522673607,0.04403137043118477,2023-09-01
17,full,13,0.034538932144641876,0.045141201466321945,2023-09-01
17,full,14,0.03385834023356438,0.044605184346437454,2023-09-01
17,full,15,0.033895816653966904,0.045334234833717346,2023-09-01
17,full,16,0.03323211520910263,0.04307163134217262,2023-09-01
17,full,17,0.032395750284194946,0.04276074469089508,2023-09-01
17,full,18,0.032043442130088806,0.04386446997523308,2023-09-01
17,full,19,0.031944163143634796,0.042704496532678604,2023-09-01
17,full,20,0.03086438961327076,0.0437040738761425,2023-09-01
17,full,21,0.031260378658771515,0.043872442096471786,2023-09-01
17,full,22,0.030690090730786324,0.04174738749861717,2023-09-01
17,full,23,0.0307117011398077,0.042464494705200195,2023-09-01
17,full,24,0.0301500391215086,0.04277202486991882,2023-09-01
17,full,25,0.029363760724663734,0.041956692934036255,2023-09-01
17,full,26,0.030306603759527206,0.04139047488570213,2023-09-01
17,full,27,0.02940356731414795,0.04211362823843956,2023-09-01
17,full,28,0.028684556484222412,0.04115888103842735,2023-09-01
17,full,29,0.028117071837186813,0.04068579152226448,2023-09-01
17,full,30,0.02777918241918087,0.04096889868378639,2023-09-01
17,full,31,0.027678923681378365,0.040335819125175476,2023-09-01
17,full,32,0.02766747772693634,0.039016082882881165,2023-09-01
17,full,33,0.027486832812428474,0.04064583405852318,2023-09-01
17,full,34,0.027353661134839058,0.03917262330651283,2023-09-01
17,full,35,0.02710742875933647,0.04005297273397446,2023-09-01
17,full,36,0.026960274204611778,0.04001149907708168,2023-09-01
17,full,37,0.026432259008288383,0.03939153626561165,2023-09-01
17,full,38,0.025795552879571915,0.040261585265398026,2023-09-01
17,full,39,0.025893134996294975,0.038563188165426254,2023-09-01
17,full,40,0.02568933181464672,0.03981759026646614,2023-09-01
17,full,41,0.025546541437506676,0.03911276534199715,2023-09-01
17,full,42,0.025514939799904823,0.03997690603137016,2023-09-01
17,full,43,0.024937575682997704,0.03941115364432335,2023-09-01
17,full,44,0.025135662406682968,0.0391199104487896,2023-09-01
17,full,45,0.024770433083176613,0.039604101330041885,2023-09-01
17,full,46,0.02427397109568119,0.03955770656466484,2023-09-01
17,full,47,0.024778641760349274,0.03960391506552696,2023-09-01
17,full,48,0.024076314643025398,0.03930753841996193,2023-09-01
17,full,49,0.023786108940839767,0.03932418301701546,2023-09-01
17,full,50,0.023864904418587685,0.03847889229655266,2023-09-01
17,full,51,0.023904286324977875,0.039560962468385696,2023-09-01
17,full,52,0.0235104039311409,0.03944721072912216,2023-09-01
17,full,53,0.02276557683944702,0.040638383477926254,2023-09-01
17,full,54,0.022991357371211052,0.04072544351220131,2023-09-01
17,full,55,0.02227964624762535,0.03957194834947586,2023-09-01
17,full,56,0.02244703285396099,0.04006253555417061,2023-09-01
17,full,57,0.021933814510703087,0.04010272026062012,2023-09-01
17,full,58,0.021953841671347618,0.03961656242609024,2023-09-01
17,full,59,0.021568750962615013,0.03999264910817146,2023-09-01
17,full,60,0.02147645130753517,0.037954945117235184,2023-09-01
17,full,61,0.021668048575520515,0.0395294725894928,2023-09-01
17,full,62,0.0211825929582119,0.03859241306781769,2023-09-01
17,full,63,0.0214384775608778,0.03866272047162056,2023-09-01
17,full,64,0.021553652361035347,0.03746291622519493,2023-09-01
17,full,65,0.020848670974373817,0.03856552764773369,2023-09-01
17,full,66,0.020866205915808678,0.038362544029951096,2023-09-01
17,full,67,0.02044576220214367,0.03742962330579758,2023-09-01
17,full,68,0.020819028839468956,0.03773944452404976,2023-09-01
17,full,69,0.02029014192521572,0.037889208644628525,2023-09-01
17,full,70,0.0207737535238266,0.03797056898474693,2023-09-01
17,full,71,0.020435648038983345,0.03830922767519951,2023-09-01
17,full,72,0.020651541650295258,0.03820531442761421,2023-09-01
17,full,73,0.02031920850276947,0.03810301795601845,2023-09-01
17,full,74,0.019620094448328018,0.0378137081861496,2023-09-01
17,full,75,0.02004171907901764,0.03771147131919861,2023-09-01
17,full,76,0.019539697095751762,0.03851209953427315,2023-09-01
17,full,77,0.019688624888658524,0.037906378507614136,2023-09-01
17,full,78,0.02001834847033024,0.03832670673727989,2023-09-01
17,full,79,0.01942823827266693,0.03816039487719536,2023-09-01
42,full,1,0.10613087564706802,0.07198626548051834,2023-09-01
42,full,2,0.06443218141794205,0.05527836084365845,2023-09-01
42,full,3,0.05151328444480896,0.05375469848513603,2023-09-01
42,full,4,0.04641187936067581,0.04721009358763695,2023-09-01
42,full,5,0.042482513934373856,0.04766344651579857,2023-09-01
42,full,6,0.04125616326928139,0.04686218872666359,2023-09-01
42,full,7,0.03976725786924362,0.0468297153711319,2023-09-01
42,full,8,0.03815314173698425,0.04756079986691475,2023-09-01
42,full,9,0.038057588040828705,0.04780033230781555,2023-09-01
42,full,10,0.03688323125243187,0.045386478304862976,2023-09-01
42,full,11,0.036666855216026306,0.04602276161313057,2023-09-01
42,full,12,0.035083845257759094,0.04660668969154358,2023-09-01
42,full,13,0.034355469048023224,0.04487645626068115,2023-09-01
42,full,14,0.03418274223804474,0.044980477541685104,2023-09-01
42,full,15,0.03353685513138771,0.044536370784044266,2023-09-01
42,full,16,0.032799772918224335,0.0454963743686676,2023-09-01
42,full,17,0.03261929377913475,0.047201719135046005,2023-09-01
42,full,18,0.03221141919493675,0.04334306716918945,2023-09-01
42,full,19,0.03187115490436554,0.04680526256561279,2023-09-01
42,full,20,0.03139347583055496,0.04457290470600128,2023-09-01
42,full,21,0.03082987479865551,0.048645954579114914,2023-09-01
42,full,22,0.030805766582489014,0.044036999344825745,2023-09-01
42,full,23,0.03015168011188507,0.04485407471656799,2023-09-01
42,full,24,0.03004298359155655,0.04308818280696869,2023-09-01
42,full,25,0.029020151123404503,0.04257005453109741,2023-09-01
42,full,26,0.028643162921071053,0.04137563705444336,2023-09-01
42,full,27,0.028415123000741005,0.04154745116829872,2023-09-01
42,full,28,0.027784591540694237,0.04136094078421593,2023-09-01
42,full,29,0.028274234384298325,0.043381188064813614,2023-09-01
42,full,30,0.027623925358057022,0.04057643935084343,2023-09-01
42,full,31,0.027638807892799377,0.0401296503841877,2023-09-01
42,full,32,0.02783883735537529,0.04206879064440727,2023-09-01
42,full,33,0.02701669931411743,0.041712019592523575,2023-09-01
42,full,34,0.026415983214974403,0.04150763526558876,2023-09-01
42,full,35,0.02623351663351059,0.03966653719544411,2023-09-01
42,full,36,0.026084650307893753,0.04217180609703064,2023-09-01
42,full,37,0.025691166520118713,0.04191093519330025,2023-09-01
42,full,38,0.025996824726462364,0.03778449818491936,2023-09-01
42,full,39,0.02544654905796051,0.037815239280462265,2023-09-01
42,full,40,0.025119420140981674,0.03978399559855461,2023-09-01
42,full,41,0.024828830733895302,0.03753950819373131,2023-09-01
42,full,42,0.025387508794665337,0.03863823041319847,2023-09-01
42,full,43,0.024270469322800636,0.039176199585199356,2023-09-01
42,full,44,0.024645015597343445,0.03892691060900688,2023-09-01
42,full,45,0.024320414289832115,0.03813652694225311,2023-09-01
42,full,46,0.02346673607826233,0.03843685984611511,2023-09-01
42,full,47,0.02441115863621235,0.03825102746486664,2023-09-01
42,full,48,0.02365274168550968,0.040102582424879074,2023-09-01
42,full,49,0.02305164746940136,0.038252055644989014,2023-09-01
42,full,50,0.02348000556230545,0.036861028522253036,2023-09-01
42,full,51,0.0232875794172287,0.03700393810868263,2023-09-01
42,full,52,0.0231217872351408,0.037520308047533035,2023-09-01
42,full,53,0.022841213271021843,0.03565314784646034,2023-09-01
42,full,54,0.022954706102609634,0.035857342183589935,2023-09-01
42,full,55,0.022839024662971497,0.038103725761175156,2023-09-01
42,full,56,0.02247120998799801,0.036176931113004684,2023-09-01
42,full,57,0.022175053134560585,0.03624755144119263,2023-09-01
42,full,58,0.022205129265785217,0.036686792969703674,2023-09-01
42,full,59,0.02195638045668602,0.036471202969551086,2023-09-01
42,full,60,0.021549111232161522,0.036735352128744125,2023-09-01
42,full,61,0.021543696522712708,0.035616736859083176,2023-09-01
42,full,62,0.02148822695016861,0.0359053872525692,2023-09-01
42,full,63,0.021151844412088394,0.035233624279499054,2023-09-01
42,full,64,0.0212062057107687,0.03566903620958328,2023-09-01
42,full,65,0.021335767582058907,0.03545617312192917,2023-09-01
42,full,66,0.021250896155834198,0.03547113761305809,2023-09-01
42,full,67,0.020492728799581528,0.03522652015089989,2023-09-01
42,full,68,0.02088860794901848,0.035375095903873444,2023-09-01
42,full,69,0.021056760102510452,0.03564968332648277,2023-09-01
42,full,70,0.020703962072730064,0.03571205958724022,2023-09-01
42,full,71,0.020587623119354248,0.03593390807509422,2023-09-01
42,full,72,0.020916983485221863,0.037332501262426376,2023-09-01
42,full,73,0.02044358104467392,0.037375256419181824,2023-09-01
42,full,74,0.020313862711191177,0.03707072511315346,2023-09-01
42,full,75,0.01999819651246071,0.03572116047143936,2023-09-01
101,full,1,0.11416198313236237,0.08013689517974854,2023-09-01
101,full,2,0.06669630110263824,0.05699421465396881,2023-09-01
101,full,3,0.051957521587610245,0.047404151409864426,2023-09-01
101,full,4,0.0459718182682991,0.04490974172949791,2023-09-01
101,full,5,0.04293028637766838,0.04397964850068092,2023-09-01
101,full,6,0.040415287017822266,0.04321710392832756,2023-09-01
101,full,7,0.03913030028343201,0.04207341745495796,2023-09-01
101,full,8,0.038196805864572525,0.0429573655128479,2023-09-01
101,full,9,0.03675546497106552,0.0413176529109478,2023-09-01
101,full,10,0.03566552698612213,0.04131535440683365,2023-09-01
101,full,11,0.03514940291643143,0.040005508810281754,2023-09-01
101,full,12,0.034436628222465515,0.040862787514925,2023-09-01
101,full,13,0.03360041603446007,0.03940114006400108,2023-09-01
101,full,14,0.03355196490883827,0.03918509930372238,2023-09-01
101,full,15,0.03239068761467934,0.03924126550555229,2023-09-01
101,full,16,0.032326433807611465,0.0406559556722641,2023-09-01
101,full,17,0.03175262361764908,0.03914409130811691,2023-09-01
101,full,18,0.031753282994031906,0.038486093282699585,2023-09-01
101,full,19,0.030993768945336342,0.038992393761873245,2023-09-01
101,full,20,0.03041042946279049,0.03835024684667587,2023-09-01
101,full,21,0.030296998098492622,0.03794039785861969,2023-09-01
101,full,22,0.03017454408109188,0.03820990398526192,2023-09-01
101,full,23,0.029520133510231972,0.037811193615198135,2023-09-01
101,full,24,0.028799664229154587,0.038431938737630844,2023-09-01
101,full,25,0.028730718418955803,0.03803924098610878,2023-09-01
101,full,26,0.02848065458238125,0.03761836513876915,2023-09-01
101,full,27,0.027792170643806458,0.037198662757873535,2023-09-01
101,full,28,0.028161998838186264,0.0380103774368763,2023-09-01
101,full,29,0.026953700929880142,0.037189897149801254,2023-09-01
101,full,30,0.026915473863482475,0.0379086397588253,2023-09-01
101,full,31,0.0269327312707901,0.037295565009117126,2023-09-01
101,full,32,0.027061689645051956,0.03622165694832802,2023-09-01
101,full,33,0.026617413386702538,0.03760259225964546,2023-09-01
101,full,34,0.025685051456093788,0.03683175891637802,2023-09-01
101,full,35,0.025226179510354996,0.03651922941207886,2023-09-01
101,full,36,0.025573721155524254,0.036465227603912354,2023-09-01
101,full,37,0.025276843458414078,0.036898430436849594,2023-09-01
101,full,38,0.025495486333966255,0.03723752498626709,2023-09-01
101,full,39,0.025053994730114937,0.03824765607714653,2023-09-01
101,full,40,0.024557432159781456,0.03663288801908493,2023-09-01
101,full,41,0.024643637239933014,0.03653687238693237,2023-09-01
101,full,42,0.0242837555706501,0.03636766970157623,2023-09-01
101,full,43,0.024260614067316055,0.03530595079064369,2023-09-01
101,full,44,0.024351157248020172,0.03615714982151985,2023-09-01
101,full,45,0.023555120453238487,0.03583758696913719,2023-09-01
101,full,46,0.023644831031560898,0.03678034245967865,2023-09-01
101,full,47,0.023761097341775894,0.03718879446387291,2023-09-01
101,full,48,0.023499833419919014,0.035855669528245926,2023-09-01
101,full,49,0.0237825158983469,0.03591698780655861,2023-09-01
101,full,50,0.023451050743460655,0.035661280155181885,2023-09-01
101,full,51,0.022461457177996635,0.036274250596761703,2023-09-01
101,full,52,0.022835010662674904,0.036614518612623215,2023-09-01
101,full,53,0.022904613986611366,0.03516613692045212,2023-09-01
101,full,54,0.022900918498635292,0.035121720284223557,2023-09-01
101,full,55,0.02252088487148285,0.035041444003582,2023-09-01
101,full,56,0.02223345823585987,0.03472418338060379,2023-09-01
101,full,57,0.022328808903694153,0.03483228012919426,2023-09-01
101,full,58,0.022358644753694534,0.03458289057016373,2023-09-01
101,full,59,0.021855875849723816,0.03537297621369362,2023-09-01
101,full,60,0.021946663036942482,0.034501317888498306,2023-09-01
101,full,61,0.021618813276290894,0.03460898995399475,2023-09-01
101,full,62,0.02146071381866932,0.03482525423169136,2023-09-01
101,full,63,0.02097500115633011,0.03504014387726784,2023-09-01
101,full,64,0.021399442106485367,0.03447892889380455,2023-09-01
101,full,65,0.021104522049427032,0.034616678953170776,2023-09-01
101,full,66,0.02114706113934517,0.03557828441262245,2023-09-01
101,full,67,0.020653752610087395,0.034368399530649185,2023-09-01
101,full,68,0.02072141319513321,0.034742072224617004,2023-09-01
101,full,69,0.020368950441479683,0.035570356994867325,2023-09-01
101,full,70,0.02052934654057026,0.03494424372911453,2023-09-01
101,full,71,0.019849013537168503,0.035685669630765915,2023-09-01
101,full,72,0.02030983567237854,0.035361167043447495,2023-09-01
101,full,73,0.02051217295229435,0.035567764192819595,2023-09-01
101,full,74,0.019902830943465233,0.03531596437096596,2023-09-01
101,full,75,0.019754379987716675,0.03499044105410576,2023-09-01
101,full,76,0.01961911842226982,0.03535694628953934,2023-09-01
101,full,77,0.019392963498830795,0.035902444273233414,2023-09-01
101,full,78,0.019539223983883858,0.035575371235609055,2023-09-01
101,full,79,0.019264744594693184,0.035752374678850174,2023-09-01
303,full,1,0.11624132096767426,0.07038502395153046,2023-09-01
303,full,2,0.06609946489334106,0.05490875244140625,2023-09-01
303,full,3,0.051892202347517014,0.04788513109087944,2023-09-01
303,full,4,0.04718325659632683,0.04500121995806694,2023-09-01
303,full,5,0.0441325344145298,0.0441768579185009,2023-09-01
303,full,6,0.041955769062042236,0.04415038228034973,2023-09-01
303,full,7,0.04012143984436989,0.042348165065050125,2023-09-01
303,full,8,0.03892737627029419,0.04318152368068695,2023-09-01
303,full,9,0.03812827169895172,0.04071198031306267,2023-09-01
303,full,10,0.03698904067277908,0.041742753237485886,2023-09-01
303,full,11,0.036428578197956085,0.04168553650379181,2023-09-01
303,full,12,0.03459673374891281,0.03907761722803116,2023-09-01
303,full,13,0.0342542827129364,0.039712902158498764,2023-09-01
303,full,14,0.033450450748205185,0.04032563790678978,2023-09-01
303,full,15,0.032662563025951385,0.038245491683483124,2023-09-01
303,full,16,0.032444871962070465,0.03873234614729881,2023-09-01
303,full,17,0.03225657343864441,0.038547582924366,2023-09-01
303,full,18,0.03161216527223587,0.03842585161328316,2023-09-01
303,full,19,0.031216442584991455,0.03649592772126198,2023-09-01
303,full,20,0.030945923179388046,0.03632795810699463,2023-09-01
303,full,21,0.029986754059791565,0.036039937287569046,2023-09-01
303,full,22,0.030029665678739548,0.035459890961647034,2023-09-01
303,full,23,0.029744721949100494,0.03505989536643028,2023-09-01
303,full,24,0.02939407341182232,0.034960146993398666,2023-09-01
303,full,25,0.028711553663015366,0.03499569371342659,2023-09-01
303,full,26,0.028429605066776276,0.034942980855703354,2023-09-01
303,full,27,0.027953794226050377,0.03444943204522133,2023-09-01
303,full,28,0.027966562658548355,0.0344647653400898,2023-09-01
303,full,29,0.027482524514198303,0.03387840464711189,2023-09-01
303,full,30,0.027235308662056923,0.03464074060320854,2023-09-01
303,full,31,0.02718883380293846,0.03422890603542328,2023-09-01
303,full,32,0.0264129638671875,0.03401818498969078,2023-09-01
303,full,33,0.02636566571891308,0.03447289764881134,2023-09-01
303,full,34,0.026521168649196625,0.03508473560214043,2023-09-01
303,full,35,0.02608170360326767,0.03459789976477623,2023-09-01
303,full,36,0.026006583124399185,0.034949708729982376,2023-09-01
303,full,37,0.02603790909051895,0.03438642621040344,2023-09-01
303,full,38,0.025601569563150406,0.0341372974216938,2023-09-01
303,full,39,0.02480052411556244,0.034135255962610245,2023-09-01
303,full,40,0.025109047070145607,0.03468228504061699,2023-09-01
303,full,41,0.025305237621068954,0.03443034738302231,2023-09-01
707,full,1,0.11142347753047943,0.06941003352403641,2023-09-01
707,full,2,0.06785628944635391,0.05546911433339119,2023-09-01
707,full,3,0.054023634642362595,0.04998135566711426,2023-09-01
707,full,4,0.04739335551857948,0.04729871451854706,2023-09-01
707,full,5,0.044094715267419815,0.04617809131741524,2023-09-01
707,full,6,0.0423472635447979,0.04592226818203926,2023-09-01
707,full,7,0.04021156579256058,0.04553420841693878,2023-09-01
707,full,8,0.038562480360269547,0.04461996257305145,2023-09-01
707,full,9,0.03744871914386749,0.04490470886230469,2023-09-01
707,full,10,0.036398787051439285,0.04476870223879814,2023-09-01
707,full,11,0.03541567921638489,0.042700450867414474,2023-09-01
707,full,12,0.0349402017891407,0.04311061277985573,2023-09-01
707,full,13,0.03442467004060745,0.041870880872011185,2023-09-01
707,full,14,0.0338711179792881,0.042876195162534714,2023-09-01
707,full,15,0.03279665485024452,0.04241495206952095,2023-09-01
707,full,16,0.03228010609745979,0.0435171015560627,2023-09-01
707,full,17,0.031743019819259644,0.042658478021621704,2023-09-01
707,full,18,0.030945798382163048,0.04097868502140045,2023-09-01
707,full,19,0.03060849756002426,0.04090626910328865,2023-09-01
707,full,20,0.03076433576643467,0.04103754833340645,2023-09-01
707,full,21,0.029743239283561707,0.04107462242245674,2023-09-01
707,full,22,0.029920628294348717,0.03999587520956993,2023-09-01
707,full,23,0.030133571475744247,0.04035204276442528,2023-09-01
707,full,24,0.02909533679485321,0.040388330817222595,2023-09-01
707,full,25,0.028579453006386757,0.039202962070703506,2023-09-01
707,full,26,0.02803216315805912,0.039208751171827316,2023-09-01
707,full,27,0.02798321656882763,0.03943132236599922,2023-09-01
707,full,28,0.027041921392083168,0.03866283968091011,2023-09-01
707,full,29,0.027009954676032066,0.0374663770198822,2023-09-01
707,full,30,0.027058536186814308,0.03852874040603638,2023-09-01
707,full,31,0.027102921158075333,0.03752436488866806,2023-09-01
707,full,32,0.026691772043704987,0.03803396597504616,2023-09-01
707,full,33,0.02589232288300991,0.03722919523715973,2023-09-01
707,full,34,0.02598699741065502,0.03751213476061821,2023-09-01
707,full,35,0.025760242715477943,0.037631239742040634,2023-09-01
707,full,36,0.026254046708345413,0.03843967989087105,2023-09-01
707,full,37,0.026182444766163826,0.036836177110672,2023-09-01
707,full,38,0.024861887097358704,0.0382850207388401,2023-09-01
707,full,39,0.02539116144180298,0.03914031758904457,2023-09-01
707,full,40,0.025503989309072495,0.03818710893392563,2023-09-01
707,full,41,0.024136148393154144,0.03821873292326927,2023-09-01
707,full,42,0.02425314486026764,0.0382428802549839,2023-09-01
707,full,43,0.02393006719648838,0.03869802877306938,2023-09-01
707,full,44,0.02443915233016014,0.0376138873398304,2023-09-01
707,full,45,0.02373940870165825,0.037792086601257324,2023-09-01
707,full,46,0.02401050552725792,0.03766370192170143,2023-09-01
707,full,47,0.02365482598543167,0.03711792454123497,2023-09-01
707,full,48,0.023578815162181854,0.03826501592993736,2023-09-01
707,full,49,0.023420412093400955,0.03803612291812897,2023-09-01
17,full,1,0.09684919565916061,0.0684814527630806,2023-10-01
17,full,2,0.05785638466477394,0.060121115297079086,2023-10-01
17,full,3,0.047982025891542435,0.0528520904481411,2023-10-01
17,full,4,0.04389532282948494,0.05253438279032707,2023-10-01
17,full,5,0.041603684425354004,0.05610313639044762,2023-10-01
17,full,6,0.03960186243057251,0.0547470860183239,2023-10-01
17,full,7,0.03847254440188408,0.05233973264694214,2023-10-01
17,full,8,0.03726906701922417,0.050911352038383484,2023-10-01
17,full,9,0.0363641194999218,0.05136662349104881,2023-10-01
17,full,10,0.0356774777173996,0.05203188583254814,2023-10-01
17,full,11,0.03504480421543121,0.05461246892809868,2023-10-01
17,full,12,0.03458494320511818,0.051413387060165405,2023-10-01
17,full,13,0.03375837951898575,0.05184203013777733,2023-10-01
17,full,14,0.033195625990629196,0.05233670398592949,2023-10-01
17,full,15,0.03291946277022362,0.054042115807533264,2023-10-01
17,full,16,0.03233719989657402,0.051861315965652466,2023-10-01
17,full,17,0.03223524987697601,0.04992646351456642,2023-10-01
17,full,18,0.03173745423555374,0.052349042147397995,2023-10-01
17,full,19,0.031174903735518456,0.052586328238248825,2023-10-01
17,full,20,0.030519621446728706,0.05114992335438728,2023-10-01
17,full,21,0.030438540503382683,0.05149485543370247,2023-10-01
17,full,22,0.02967250533401966,0.051342710852622986,2023-10-01
17,full,23,0.02921978570520878,0.046803172677755356,2023-10-01
17,full,24,0.029916824772953987,0.05208703875541687,2023-10-01
17,full,25,0.028382794931530952,0.049376487731933594,2023-10-01
17,full,26,0.028737418353557587,0.050801973789930344,2023-10-01
17,full,27,0.02800126187503338,0.055046383291482925,2023-10-01
17,full,28,0.027969805523753166,0.05139264836907387,2023-10-01
17,full,29,0.02759450115263462,0.04946428909897804,2023-10-01
17,full,30,0.02736620046198368,0.05055208504199982,2023-10-01
17,full,31,0.02719331718981266,0.04685613512992859,2023-10-01
17,full,32,0.027186311781406403,0.050152841955423355,2023-10-01
17,full,33,0.026973791420459747,0.04777137562632561,2023-10-01
17,full,34,0.026753636077046394,0.04912399873137474,2023-10-01
17,full,35,0.02618762105703354,0.05164061114192009,2023-10-01
42,full,1,0.10522055625915527,0.0731600746512413,2023-10-01
42,full,2,0.06376425176858902,0.05538936331868172,2023-10-01
42,full,3,0.050240229815244675,0.047962892800569534,2023-10-01
42,full,4,0.04557982459664345,0.0447051040828228,2023-10-01
42,full,5,0.04244573041796684,0.04365509748458862,2023-10-01
42,full,6,0.04128972068428993,0.043106719851493835,2023-10-01
42,full,7,0.039414938539266586,0.041210949420928955,2023-10-01
42,full,8,0.03852590546011925,0.04191240668296814,2023-10-01
42,full,9,0.03715090826153755,0.041621942073106766,2023-10-01
42,full,10,0.036991626024246216,0.04133555293083191,2023-10-01
42,full,11,0.036228280514478683,0.040693800896406174,2023-10-01
42,full,12,0.034910526126623154,0.040375642478466034,2023-10-01
42,full,13,0.034777168184518814,0.04023411497473717,2023-10-01
42,full,14,0.03402678668498993,0.03995920345187187,2023-10-01
42,full,15,0.03364801034331322,0.03963114321231842,2023-10-01
42,full,16,0.032606806606054306,0.039469074457883835,2023-10-01
42,full,17,0.0322904996573925,0.03862781450152397,2023-10-01
42,full,18,0.03161143139004707,0.0369844026863575,2023-10-01
42,full,19,0.0314243882894516,0.037353310734033585,2023-10-01
42,full,20,0.03068655915558338,0.03725488856434822,2023-10-01
42,full,21,0.029925383627414703,0.037190165370702744,2023-10-01
42,full,22,0.029895910993218422,0.03649439290165901,2023-10-01
42,full,23,0.02935504913330078,0.03700599819421768,2023-10-01
42,full,24,0.02876751869916916,0.03631715103983879,2023-10-01
42,full,25,0.02893953025341034,0.03655727207660675,2023-10-01
42,full,26,0.028131624683737755,0.0363612174987793,2023-10-01
42,full,27,0.027477413415908813,0.03622050583362579,2023-10-01
42,full,28,0.027772434055805206,0.0362074077129364,2023-10-01
42,full,29,0.02744506299495697,0.03552299737930298,2023-10-01
42,full,30,0.02699626237154007,0.03599955141544342,2023-10-01
42,full,31,0.02650434710085392,0.036287982016801834,2023-10-01
42,full,32,0.026365065947175026,0.035990159958601,2023-10-01
42,full,33,0.026281163096427917,0.03564192354679108,2023-10-01
42,full,34,0.026161665096879005,0.0359404981136322,2023-10-01
42,full,35,0.0259129349142313,0.0363910086452961,2023-10-01
42,full,36,0.025371037423610687,0.0359671413898468,2023-10-01
42,full,37,0.025772230699658394,0.035498619079589844,2023-10-01
42,full,38,0.024849915876984596,0.03648491948843002,2023-10-01
42,full,39,0.02481423318386078,0.0348689928650856,2023-10-01
42,full,40,0.024031540378928185,0.03566121682524681,2023-10-01
42,full,41,0.02413475699722767,0.03501938655972481,2023-10-01
42,full,42,0.02402433194220066,0.035907991230487823,2023-10-01
42,full,43,0.024090299382805824,0.03483448922634125,2023-10-01
42,full,44,0.023695126175880432,0.03588059917092323,2023-10-01
42,full,45,0.023977868258953094,0.035676393657922745,2023-10-01
42,full,46,0.02364208735525608,0.0349920392036438,2023-10-01
42,full,47,0.023068813607096672,0.0354694128036499,2023-10-01
42,full,48,0.02334894984960556,0.035523053258657455,2023-10-01
42,full,49,0.023134877905249596,0.0352717787027359,2023-10-01
42,full,50,0.02256651408970356,0.03534930571913719,2023-10-01
42,full,51,0.02269827574491501,0.035813089460134506,2023-10-01
42,full,52,0.022412484511733055,0.03513272479176521,2023-10-01
42,full,53,0.022107208147644997,0.0352838933467865,2023-10-01
42,full,54,0.022213324904441833,0.03521941229701042,2023-10-01
42,full,55,0.021849093958735466,0.03510740026831627,2023-10-01
101,full,1,0.1112949550151825,0.07742968201637268,2023-10-01
101,full,2,0.06350568681955338,0.05337628722190857,2023-10-01
101,full,3,0.051168035715818405,0.04650677740573883,2023-10-01
101,full,4,0.04536070302128792,0.04594507813453674,2023-10-01
101,full,5,0.04256739094853401,0.044622913002967834,2023-10-01
101,full,6,0.040302690118551254,0.04468511417508125,2023-10-01
101,full,7,0.03855487331748009,0.04269629716873169,2023-10-01
101,full,8,0.03776492923498154,0.041941527277231216,2023-10-01
101,full,9,0.036735594272613525,0.04261991009116173,2023-10-01
101,full,10,0.03577172011137009,0.04354889318346977,2023-10-01
101,full,11,0.0350290983915329,0.040545884519815445,2023-10-01
101,full,12,0.03397319093346596,0.04386100545525551,2023-10-01
101,full,13,0.033273931592702866,0.04129913076758385,2023-10-01
101,full,14,0.03229181468486786,0.04248889908194542,2023-10-01
101,full,15,0.03215600922703743,0.04057721793651581,2023-10-01
101,full,16,0.0314318984746933,0.04272622987627983,2023-10-01
101,full,17,0.03134452924132347,0.04198670759797096,2023-10-01
101,full,18,0.03078116662800312,0.04037271440029144,2023-10-01
101,full,19,0.03051614575088024,0.039374176412820816,2023-10-01
101,full,20,0.029974432662129402,0.03822273015975952,2023-10-01
101,full,21,0.029573924839496613,0.04113844037055969,2023-10-01
101,full,22,0.02901292033493519,0.03907909244298935,2023-10-01
101,full,23,0.028502248227596283,0.03872638940811157,2023-10-01
101,full,24,0.028492338955402374,0.036834314465522766,2023-10-01
101,full,25,0.02808983065187931,0.03820083662867546,2023-10-01
101,full,26,0.028098100796341896,0.03974349424242973,2023-10-01
101,full,27,0.027150502428412437,0.0379147045314312,2023-10-01
101,full,28,0.027012815698981285,0.040990281850099564,2023-10-01
101,full,29,0.02704138308763504,0.03778214752674103,2023-10-01
101,full,30,0.026636088266968727,0.04193564131855965,2023-10-01
101,full,31,0.0262164119631052,0.037738244980573654,2023-10-01
101,full,32,0.02540702559053898,0.03857693448662758,2023-10-01
101,full,33,0.025744019076228142,0.03759196773171425,2023-10-01
101,full,34,0.025627121329307556,0.03826087340712547,2023-10-01
101,full,35,0.02517791837453842,0.03856651857495308,2023-10-01
101,full,36,0.0252087265253067,0.0378229133784771,2023-10-01
303,full,1,0.11298800259828568,0.06416526436805725,2023-10-01
303,full,2,0.06263024359941483,0.051111817359924316,2023-10-01
303,full,3,0.050692956894636154,0.047613948583602905,2023-10-01
303,full,4,0.045990630984306335,0.045552223920822144,2023-10-01
303,full,5,0.04316544532775879,0.0416618175804615,2023-10-01
303,full,6,0.04069865867495537,0.042235393077135086,2023-10-01
303,full,7,0.03930487111210823,0.04094969853758812,2023-10-01
303,full,8,0.03814269229769707,0.039929356426000595,2023-10-01
303,full,9,0.03686646372079849,0.04011974856257439,2023-10-01
303,full,10,0.03616303578019142,0.03864361718297005,2023-10-01
303,full,11,0.03496683016419411,0.0393986701965332,2023-10-01
303,full,12,0.03490174934267998,0.037568654865026474,2023-10-01
303,full,13,0.03426289185881615,0.03808272257447243,2023-10-01
303,full,14,0.03316392004489899,0.03740974888205528,2023-10-01
303,full,15,0.03273140639066696,0.03667892888188362,2023-10-01
303,full,16,0.03233513981103897,0.03694586455821991,2023-10-01
303,full,17,0.031789615750312805,0.035996563732624054,2023-10-01
303,full,18,0.03127434477210045,0.036158572882413864,2023-10-01
303,full,19,0.030843690037727356,0.03606009855866432,2023-10-01
303,full,20,0.03025626577436924,0.03545817732810974,2023-10-01
303,full,21,0.030268440023064613,0.03553874418139458,2023-10-01
303,full,22,0.029598968103528023,0.03625412657856941,2023-10-01
303,full,23,0.029467342421412468,0.035640355199575424,2023-10-01
303,full,24,0.02880857326090336,0.03595833480358124,2023-10-01
303,full,25,0.028273170813918114,0.034645579755306244,2023-10-01
303,full,26,0.02817699871957302,0.03488017991185188,2023-10-01
303,full,27,0.027728969231247902,0.0345923937857151,2023-10-01
303,full,28,0.02769871987402439,0.034896787256002426,2023-10-01
303,full,29,0.026820562779903412,0.03427513688802719,2023-10-01
303,full,30,0.027256468310952187,0.034445300698280334,2023-10-01
303,full,31,0.02662649191915989,0.03399493172764778,2023-10-01
303,full,32,0.026304960250854492,0.03427233174443245,2023-10-01
303,full,33,0.025878967717289925,0.03476438298821449,2023-10-01
303,full,34,0.0259863268584013,0.03495568037033081,2023-10-01
303,full,35,0.025790395215153694,0.03543194755911827,2023-10-01
303,full,36,0.02527599222958088,0.03448839485645294,2023-10-01
303,full,37,0.025278223678469658,0.03432216867804527,2023-10-01
303,full,38,0.025140926241874695,0.034459009766578674,2023-10-01
303,full,39,0.02463291585445404,0.034395091235637665,2023-10-01
303,full,40,0.024751514196395874,0.03461189940571785,2023-10-01
303,full,41,0.02454611100256443,0.03384627029299736,2023-10-01
303,full,42,0.0240409504622221,0.03480641171336174,2023-10-01
303,full,43,0.024001555517315865,0.034353893250226974,2023-10-01
303,full,44,0.023725809529423714,0.03517185151576996,2023-10-01
303,full,45,0.023566121235489845,0.03501814603805542,2023-10-01
303,full,46,0.023624131456017494,0.033658504486083984,2023-10-01
303,full,47,0.023158960044384003,0.03470664098858833,2023-10-01
303,full,48,0.022992849349975586,0.034667808562517166,2023-10-01
303,full,49,0.022961221635341644,0.0347907617688179,2023-10-01
303,full,50,0.022913701832294464,0.03636224940419197,2023-10-01
303,full,51,0.022761672735214233,0.03446128964424133,2023-10-01
303,full,52,0.02268202416598797,0.035034503787755966,2023-10-01
303,full,53,0.022464493289589882,0.03553764894604683,2023-10-01
303,full,54,0.022140301764011383,0.03470538556575775,2023-10-01
303,full,55,0.022360550239682198,0.03528183698654175,2023-10-01
303,full,56,0.02240460366010666,0.035340383648872375,2023-10-01
303,full,57,0.021651489660143852,0.03556978330016136,2023-10-01
303,full,58,0.021639620885252953,0.03633810579776764,2023-10-01
707,full,1,0.10582994669675827,0.07153866440057755,2023-10-01
707,full,2,0.06321334093809128,0.058095332235097885,2023-10-01
707,full,3,0.05134323239326477,0.0522349514067173,2023-10-01
707,full,4,0.04587888717651367,0.0497015006840229,2023-10-01
707,full,5,0.04359370842576027,0.04789052531123161,2023-10-01
707,full,6,0.040426257997751236,0.04736599698662758,2023-10-01
707,full,7,0.03948032483458519,0.04714590683579445,2023-10-01
707,full,8,0.03837916627526283,0.04611429199576378,2023-10-01
707,full,9,0.03690052032470703,0.04556892812252045,2023-10-01
707,full,10,0.03617610037326813,0.045862775295972824,2023-10-01
707,full,11,0.03532809391617775,0.04387285187840462,2023-10-01
707,full,12,0.034491851925849915,0.04582446813583374,2023-10-01
707,full,13,0.03359037637710571,0.04550102353096008,2023-10-01
707,full,14,0.03303065896034241,0.04325321316719055,2023-10-01
707,full,15,0.032516103237867355,0.043920040130615234,2023-10-01
707,full,16,0.031898800283670425,0.04347677156329155,2023-10-01
707,full,17,0.031285058706998825,0.0426081120967865,2023-10-01
707,full,18,0.030851585790514946,0.04621129110455513,2023-10-01
707,full,19,0.030517874285578728,0.04283883050084114,2023-10-01
707,full,20,0.030168728902935982,0.04168463870882988,2023-10-01
707,full,21,0.030285583809018135,0.04233595356345177,2023-10-01
707,full,22,0.029624849557876587,0.04407184198498726,2023-10-01
707,full,23,0.02944779582321644,0.043004315346479416,2023-10-01
707,full,24,0.028927942737936974,0.04233134910464287,2023-10-01
707,full,25,0.028512543067336082,0.04263182356953621,2023-10-01
707,full,26,0.027796389535069466,0.04285783693194389,2023-10-01
707,full,27,0.02754039876163006,0.043817609548568726,2023-10-01
707,full,28,0.027121232822537422,0.04343536123633385,2023-10-01
707,full,29,0.026919247582554817,0.041422516107559204,2023-10-01
707,full,30,0.026386065408587456,0.042785901576280594,2023-10-01
707,full,31,0.02582581527531147,0.04213153198361397,2023-10-01
707,full,32,0.026292676106095314,0.04202119633555412,2023-10-01
707,full,33,0.02600950002670288,0.04246107116341591,2023-10-01
707,full,34,0.025519797578454018,0.04288352653384209,2023-10-01
707,full,35,0.025681914761662483,0.04212043061852455,2023-10-01
707,full,36,0.025238515809178352,0.041245896369218826,2023-10-01
707,full,37,0.02522696554660797,0.04153452068567276,2023-10-01
707,full,38,0.024535609409213066,0.041547100991010666,2023-10-01
707,full,39,0.02421584166586399,0.0403682179749012,2023-10-01
707,full,40,0.024456923827528954,0.041549984365701675,2023-10-01
707,full,41,0.024703040719032288,0.040764108300209045,2023-10-01
707,full,42,0.024124043062329292,0.040854405611753464,2023-10-01
707,full,43,0.023562399670481682,0.041946589946746826,2023-10-01
707,full,44,0.023760274052619934,0.041342124342918396,2023-10-01
707,full,45,0.023418163880705833,0.041281480342149734,2023-10-01
707,full,46,0.023439398035407066,0.041101593524217606,2023-10-01
707,full,47,0.02323295921087265,0.041189197450876236,2023-10-01
707,full,48,0.023012595251202583,0.04242096468806267,2023-10-01
707,full,49,0.02311701886355877,0.04054896906018257,2023-10-01
707,full,50,0.022654728963971138,0.04127250984311104,2023-10-01
707,full,51,0.02257339097559452,0.04094697907567024,2023-10-01
17,full,1,0.09820575267076492,0.06845391541719437,2023-11-01
17,full,2,0.05758507922291756,0.05259612575173378,2023-11-01
17,full,3,0.047701723873615265,0.048083383589982986,2023-11-01
17,full,4,0.042911428958177567,0.04647815227508545,2023-11-01
17,full,5,0.04033571854233742,0.04600542411208153,2023-11-01
17,full,6,0.03913865238428116,0.04448866844177246,2023-11-01
17,full,7,0.03807926923036575,0.045848410576581955,2023-11-01
17,full,8,0.03753487765789032,0.04651092365384102,2023-11-01
17,full,9,0.036526039242744446,0.04315357282757759,2023-11-01
17,full,10,0.03538618981838226,0.04297109320759773,2023-11-01
17,full,11,0.03446388617157936,0.04221612215042114,2023-11-01
17,full,12,0.03449622914195061,0.042396724224090576,2023-11-01
17,full,13,0.03386184200644493,0.042397160083055496,2023-11-01
17,full,14,0.032830316573381424,0.042596373707056046,2023-11-01
17,full,15,0.03223958611488342,0.04292304813861847,2023-11-01
17,full,16,0.03156331181526184,0.04064605012536049,2023-11-01
17,full,17,0.03150644153356552,0.041187480092048645,2023-11-01
17,full,18,0.03121168352663517,0.042289506644010544,2023-11-01
17,full,19,0.03096255287528038,0.040507327765226364,2023-11-01
17,full,20,0.030129607766866684,0.04220958054065704,2023-11-01
17,full,21,0.02985304780304432,0.04120129719376564,2023-11-01
17,full,22,0.02980804815888405,0.04345771670341492,2023-11-01
17,full,23,0.02910917066037655,0.044298235327005386,2023-11-01
17,full,24,0.028635693714022636,0.03888217359781265,2023-11-01
17,full,25,0.02836613729596138,0.03949549421668053,2023-11-01
17,full,26,0.027959808707237244,0.041013021022081375,2023-11-01
17,full,27,0.027716342359781265,0.03929761424660683,2023-11-01
17,full,28,0.027328820899128914,0.04065951332449913,2023-11-01
17,full,29,0.02709922008216381,0.039508309215307236,2023-11-01
17,full,30,0.026521647348999977,0.04004887863993645,2023-11-01
17,full,31,0.02658316306769848,0.038487523794174194,2023-11-01
17,full,32,0.026247691363096237,0.039958979934453964,2023-11-01
17,full,33,0.026161447167396545,0.03976152092218399,2023-11-01
17,full,34,0.02601858414709568,0.03945799916982651,2023-11-01
17,full,35,0.025561580434441566,0.03927241638302803,2023-11-01
17,full,36,0.025844277814030647,0.038890156894922256,2023-11-01
17,full,37,0.025418922305107117,0.03933880850672722,2023-11-01
17,full,38,0.024886788800358772,0.039464790374040604,2023-11-01
17,full,39,0.024802252650260925,0.04044130817055702,2023-11-01
17,full,40,0.024736912921071053,0.037070635706186295,2023-11-01
17,full,41,0.024009549990296364,0.038394536823034286,2023-11-01
17,full,42,0.02371583878993988,0.037996962666511536,2023-11-01
17,full,43,0.023532740771770477,0.038250286132097244,2023-11-01
17,full,44,0.02315649576485157,0.03749945014715195,2023-11-01
17,full,45,0.023223021999001503,0.037935685366392136,2023-11-01
17,full,46,0.02294936403632164,0.037501681596040726,2023-11-01
17,full,47,0.02286687307059765,0.037794433534145355,2023-11-01
17,full,48,0.022823093459010124,0.03785676881670952,2023-11-01
17,full,49,0.022513123229146004,0.037761710584163666,2023-11-01
17,full,50,0.022797809913754463,0.037619609385728836,2023-11-01
17,full,51,0.022260673344135284,0.03964400663971901,2023-11-01
17,full,52,0.022902682423591614,0.037952106446027756,2023-11-01
42,full,1,0.1011701300740242,0.062239278107881546,2023-11-01
42,full,2,0.058100320398807526,0.048737287521362305,2023-11-01
42,full,3,0.048257146030664444,0.044248130172491074,2023-11-01
42,full,4,0.04373282939195633,0.0419788621366024,2023-11-01
42,full,5,0.041489891707897186,0.04190773889422417,2023-11-01
42,full,6,0.04007970914244652,0.04054376855492592,2023-11-01
42,full,7,0.03850017488002777,0.03996063768863678,2023-11-01
42,full,8,0.037514954805374146,0.03907383233308792,2023-11-01
42,full,9,0.03696052357554436,0.03896675631403923,2023-11-01
42,full,10,0.03549659624695778,0.03865134343504906,2023-11-01
42,full,11,0.03516615927219391,0.03812640532851219,2023-11-01
42,full,12,0.03422217071056366,0.03753643110394478,2023-11-01
42,full,13,0.033953748643398285,0.03740600869059563,2023-11-01
42,full,14,0.03360976651310921,0.03751429542899132,2023-11-01
42,full,15,0.03362024202942848,0.036742497235536575,2023-11-01
42,full,16,0.0322154201567173,0.03616119548678398,2023-11-01
42,full,17,0.03178256005048752,0.03664690628647804,2023-11-01
42,full,18,0.03170862793922424,0.03607356920838356,2023-11-01
42,full,19,0.031208975240588188,0.03579023852944374,2023-11-01
42,full,20,0.030407454818487167,0.035467106848955154,2023-11-01
42,full,21,0.03017352521419525,0.03576256334781647,2023-11-01
42,full,22,0.030347557738423347,0.03545340150594711,2023-11-01
42,full,23,0.029881397262215614,0.03461025282740593,2023-11-01
42,full,24,0.029174400493502617,0.03438879922032356,2023-11-01
42,full,25,0.02880013734102249,0.03419451415538788,2023-11-01
42,full,26,0.028280386701226234,0.034440379589796066,2023-11-01
42,full,27,0.027572939172387123,0.033930454403162,2023-11-01
42,full,28,0.027634529396891594,0.03418133780360222,2023-11-01
42,full,29,0.027461670339107513,0.03424394130706787,2023-11-01
42,full,30,0.026965154334902763,0.03413640707731247,2023-11-01
42,full,31,0.026864444836974144,0.03450249508023262,2023-11-01
42,full,32,0.026502642780542374,0.033985693007707596,2023-11-01
42,full,33,0.026353998109698296,0.034046221524477005,2023-11-01
42,full,34,0.026336155831813812,0.033315639942884445,2023-11-01
42,full,35,0.025703178718686104,0.03383919224143028,2023-11-01
42,full,36,0.02584291249513626,0.034972112625837326,2023-11-01
42,full,37,0.02516961842775345,0.0337257906794548,2023-11-01
42,full,38,0.025321785360574722,0.03318382799625397,2023-11-01
42,full,39,0.024940593168139458,0.03396644815802574,2023-11-01
42,full,40,0.024267615750432014,0.03412121906876564,2023-11-01
42,full,41,0.024602053686976433,0.033228788524866104,2023-11-01
42,full,42,0.02380167692899704,0.03315136209130287,2023-11-01
42,full,43,0.02372751571238041,0.03411347046494484,2023-11-01
42,full,44,0.02367836982011795,0.033560432493686676,2023-11-01
42,full,45,0.02334730513393879,0.03324338421225548,2023-11-01
42,full,46,0.023306552320718765,0.0333971343934536,2023-11-01
42,full,47,0.022973880171775818,0.033835411071777344,2023-11-01
42,full,48,0.022625217214226723,0.03432248532772064,2023-11-01
42,full,49,0.02251504920423031,0.034533485770225525,2023-11-01
42,full,50,0.02264239639043808,0.03407634422183037,2023-11-01
42,full,51,0.022518537938594818,0.034068819135427475,2023-11-01
42,full,52,0.022146565839648247,0.03363170102238655,2023-11-01
42,full,53,0.02206806279718876,0.03373945131897926,2023-11-01
42,full,54,0.021704228594899178,0.0349385105073452,2023-11-01
101,full,1,0.10973408818244934,0.0736914873123169,2023-11-01
101,full,2,0.06103905662894249,0.05449060723185539,2023-11-01
101,full,3,0.04886481538414955,0.04667221009731293,2023-11-01
101,full,4,0.044078510254621506,0.04471811652183533,2023-11-01
101,full,5,0.04114124923944473,0.0436575822532177,2023-11-01
101,full,6,0.03929291293025017,0.04330607131123543,2023-11-01
101,full,7,0.038158245384693146,0.043019771575927734,2023-11-01
101,full,8,0.03656722605228424,0.043702632188797,2023-11-01
101,full,9,0.03581126406788826,0.042596787214279175,2023-11-01
101,full,10,0.035248756408691406,0.040608301758766174,2023-11-01
101,full,11,0.034162487834692,0.04074881970882416,2023-11-01
101,full,12,0.03362821042537689,0.04067585617303848,2023-11-01
101,full,13,0.03293292969465256,0.0406758151948452,2023-11-01
101,full,14,0.03231681138277054,0.04070591554045677,2023-11-01
101,full,15,0.031705014407634735,0.03981655463576317,2023-11-01
101,full,16,0.031988661736249924,0.040867194533348083,2023-11-01
101,full,17,0.03145434334874153,0.04409546032547951,2023-11-01
101,full,18,0.030825911089777946,0.042289819568395615,2023-11-01
101,full,19,0.02988739125430584,0.040938038378953934,2023-11-01
101,full,20,0.029359666630625725,0.040000516921281815,2023-11-01
101,full,21,0.029197748750448227,0.03876377269625664,2023-11-01
101,full,22,0.028948284685611725,0.04063386097550392,2023-11-01
101,full,23,0.02856580913066864,0.04065018519759178,2023-11-01
101,full,24,0.028075983747839928,0.04005126655101776,2023-11-01
101,full,25,0.028040943667292595,0.0387110710144043,2023-11-01
101,full,26,0.02803722396492958,0.04310417175292969,2023-11-01
101,full,27,0.02707364410161972,0.03714233264327049,2023-11-01
101,full,28,0.02663058042526245,0.03605631738901138,2023-11-01
101,full,29,0.026610590517520905,0.03705894947052002,2023-11-01
101,full,30,0.0265762060880661,0.03732306882739067,2023-11-01
101,full,31,0.026270601898431778,0.03664224594831467,2023-11-01
101,full,32,0.02544216811656952,0.036559317260980606,2023-11-01
101,full,33,0.025483014062047005,0.03597245737910271,2023-11-01
101,full,34,0.025706235319375992,0.03722742572426796,2023-11-01
101,full,35,0.02514795958995819,0.03649972379207611,2023-11-01
101,full,36,0.025126786902546883,0.037716496735811234,2023-11-01
101,full,37,0.02482733502984047,0.03715489059686661,2023-11-01
101,full,38,0.02439764328300953,0.03810500353574753,2023-11-01
101,full,39,0.024515632539987564,0.03803941234946251,2023-11-01
101,full,40,0.023759841918945312,0.035865262150764465,2023-11-01
101,full,41,0.023884978145360947,0.03593916445970535,2023-11-01
101,full,42,0.023641452193260193,0.037496522068977356,2023-11-01
101,full,43,0.023831037804484367,0.03630698844790459,2023-11-01
101,full,44,0.02320103533565998,0.03674863651394844,2023-11-01
101,full,45,0.02281583845615387,0.03697788342833519,2023-11-01
101,full,46,0.02320772036910057,0.038905177265405655,2023-11-01
101,full,47,0.02269061841070652,0.0362296886742115,2023-11-01
101,full,48,0.02268354967236519,0.036269765347242355,2023-11-01
101,full,49,0.022330844774842262,0.03619380667805672,2023-11-01
101,full,50,0.0222752895206213,0.03568006679415703,2023-11-01
101,full,51,0.02225225418806076,0.03672952204942703,2023-11-01
101,full,52,0.02215869352221489,0.035658229142427444,2023-11-01
101,full,53,0.02163172885775566,0.03761231526732445,2023-11-01
101,full,54,0.022265983745455742,0.03626003488898277,2023-11-01
101,full,55,0.021535445004701614,0.03560036048293114,2023-11-01
101,full,56,0.022108344361186028,0.03583047166466713,2023-11-01
101,full,57,0.021567635238170624,0.03682970628142357,2023-11-01
101,full,58,0.021042492240667343,0.036802515387535095,2023-11-01
101,full,59,0.021191060543060303,0.03677123412489891,2023-11-01
101,full,60,0.020978936925530434,0.036181770265102386,2023-11-01
101,full,61,0.02073361538350582,0.03546961024403572,2023-11-01
101,full,62,0.020717987790703773,0.03630879148840904,2023-11-01
101,full,63,0.020436858758330345,0.034967076033353806,2023-11-01
101,full,64,0.020514341071248055,0.0365183986723423,2023-11-01
101,full,65,0.020736947655677795,0.03676467016339302,2023-11-01
101,full,66,0.02059297077357769,0.036874495446681976,2023-11-01
101,full,67,0.020050501450896263,0.03550427779555321,2023-11-01
101,full,68,0.02021457441151142,0.03628097474575043,2023-11-01
101,full,69,0.019975319504737854,0.03585904836654663,2023-11-01
101,full,70,0.020164616405963898,0.03606996312737465,2023-11-01
101,full,71,0.020327985286712646,0.036324575543403625,2023-11-01
101,full,72,0.01954590156674385,0.03548254817724228,2023-11-01
101,full,73,0.01943863183259964,0.0364508219063282,2023-11-01
101,full,74,0.01983482949435711,0.03671642765402794,2023-11-01
101,full,75,0.019333960488438606,0.03655620291829109,2023-11-01
303,full,1,0.10977150499820709,0.06632649153470993,2023-11-01
303,full,2,0.06124284863471985,0.050384167581796646,2023-11-01
303,full,3,0.04895082488656044,0.04429888352751732,2023-11-01
303,full,4,0.04519521817564964,0.04386378824710846,2023-11-01
303,full,5,0.042191099375486374,0.041910022497177124,2023-11-01
303,full,6,0.04042237624526024,0.041976671665906906,2023-11-01
303,full,7,0.03854027017951012,0.041920945048332214,2023-11-01
303,full,8,0.036941587924957275,0.040726181119680405,2023-11-01
303,full,9,0.03677089139819145,0.04020967707037926,2023-11-01
303,full,10,0.03537445515394211,0.03858974203467369,2023-11-01
303,full,11,0.034594811499118805,0.038697440177202225,2023-11-01
303,full,12,0.0335707813501358,0.03771476075053215,2023-11-01
303,full,13,0.032984599471092224,0.03766864165663719,2023-11-01
303,full,14,0.03327937424182892,0.038909200578927994,2023-11-01
303,full,15,0.032733529806137085,0.038116637617349625,2023-11-01
303,full,16,0.03185578063130379,0.036166250705718994,2023-11-01
303,full,17,0.031129000708460808,0.039679449051618576,2023-11-01
303,full,18,0.03101370669901371,0.0368780642747879,2023-11-01
303,full,19,0.029987886548042297,0.03608207032084465,2023-11-01
303,full,20,0.02981388196349144,0.03624254837632179,2023-11-01
303,full,21,0.02913367934525013,0.03617927432060242,2023-11-01
303,full,22,0.028354695066809654,0.03651544824242592,2023-11-01
303,full,23,0.0284284595400095,0.03468800336122513,2023-11-01
303,full,24,0.0288636963814497,0.033818453550338745,2023-11-01
303,full,25,0.0278426855802536,0.03419515863060951,2023-11-01
303,full,26,0.027399705722928047,0.03513776510953903,2023-11-01
303,full,27,0.027127273380756378,0.034773241728544235,2023-11-01
303,full,28,0.02659629099071026,0.03406659886240959,2023-11-01
303,full,29,0.02655107155442238,0.03447078540921211,2023-11-01
303,full,30,0.026065651327371597,0.034340012818574905,2023-11-01
303,full,31,0.02575267292559147,0.03438521921634674,2023-11-01
303,full,32,0.025466032326221466,0.03377450630068779,2023-11-01
303,full,33,0.02557068131864071,0.034723494201898575,2023-11-01
303,full,34,0.025233153253793716,0.03416615352034569,2023-11-01
303,full,35,0.025178678333759308,0.03424975648522377,2023-11-01
303,full,36,0.024628497660160065,0.034869831055402756,2023-11-01
303,full,37,0.024574706330895424,0.03498406335711479,2023-11-01
303,full,38,0.02433999814093113,0.03514695167541504,2023-11-01
303,full,39,0.024313466623425484,0.033279214054346085,2023-11-01
303,full,40,0.024385403841733932,0.03458276763558388,2023-11-01
303,full,41,0.02409794181585312,0.0338095985352993,2023-11-01
303,full,42,0.023413756862282753,0.03393663465976715,2023-11-01
303,full,43,0.023670103400945663,0.03395239636301994,2023-11-01
303,full,44,0.02279004268348217,0.03402760252356529,2023-11-01
303,full,45,0.023382248356938362,0.03397630527615547,2023-11-01
303,full,46,0.022879382595419884,0.03472604230046272,2023-11-01
303,full,47,0.022769955918192863,0.034432511776685715,2023-11-01
303,full,48,0.02263185754418373,0.03444993495941162,2023-11-01
303,full,49,0.022413425147533417,0.03491993993520737,2023-11-01
303,full,50,0.02230815961956978,0.03490762040019035,2023-11-01
303,full,51,0.022099392488598824,0.035378750413656235,2023-11-01
707,full,1,0.09994450956583023,0.07182750105857849,2023-11-01
707,full,2,0.05837244540452957,0.0575953871011734,2023-11-01
707,full,3,0.04860348999500275,0.05345245823264122,2023-11-01
707,full,4,0.04386892914772034,0.04966137185692787,2023-11-01
707,full,5,0.041355643421411514,0.0492047555744648,2023-11-01
707,full,6,0.03935430943965912,0.04811367392539978,2023-11-01
707,full,7,0.0377652570605278,0.04709428921341896,2023-11-01
707,full,8,0.036328043788671494,0.045301541686058044,2023-11-01
707,full,9,0.03534265235066414,0.043429646641016006,2023-11-01
707,full,10,0.03443116322159767,0.04350472614169121,2023-11-01
707,full,11,0.033868931233882904,0.04436950385570526,2023-11-01
707,full,12,0.03316810354590416,0.04204544425010681,2023-11-01
707,full,13,0.032480135560035706,0.042101141065359116,2023-11-01
707,full,14,0.03235432133078575,0.04164509102702141,2023-11-01
707,full,15,0.03201030194759369,0.04226027801632881,2023-11-01
707,full,16,0.031391698867082596,0.04195082187652588,2023-11-01
707,full,17,0.030339675024151802,0.04208242893218994,2023-11-01
707,full,18,0.0300556980073452,0.03975615277886391,2023-11-01
707,full,19,0.030032966285943985,0.040829744189977646,2023-11-01
707,full,20,0.029318390414118767,0.03962036967277527,2023-11-01
707,full,21,0.02906879223883152,0.040640611201524734,2023-11-01
707,full,22,0.02789982594549656,0.04041173309087753,2023-11-01
707,full,23,0.027979250997304916,0.03906312584877014,2023-11-01
707,full,24,0.027731120586395264,0.03901118412613869,2023-11-01
707,full,25,0.027601802721619606,0.03978642076253891,2023-11-01
707,full,26,0.02735893614590168,0.038167715072631836,2023-11-01
707,full,27,0.027124257758259773,0.039436616003513336,2023-11-01
707,full,28,0.027232011780142784,0.037785854190588,2023-11-01
707,full,29,0.02680337242782116,0.038445133715867996,2023-11-01
707,full,30,0.026293180882930756,0.0376826710999012,2023-11-01
707,full,31,0.026094749569892883,0.03690169006586075,2023-11-01
707,full,32,0.026137378066778183,0.03842063620686531,2023-11-01
707,full,33,0.02536487765610218,0.03784841299057007,2023-11-01
707,full,34,0.024966096505522728,0.0379335843026638,2023-11-01
707,full,35,0.0245780348777771,0.0381726510822773,2023-11-01
707,full,36,0.024974219501018524,0.03709853067994118,2023-11-01
707,full,37,0.024935748428106308,0.03776569291949272,2023-11-01
707,full,38,0.02449428290128708,0.0379246361553669,2023-11-01
707,full,39,0.02406366355717182,0.038633961230516434,2023-11-01
707,full,40,0.023708466440439224,0.03823167830705643,2023-11-01
707,full,41,0.023634739220142365,0.03805215284228325,2023-11-01
707,full,42,0.02338665910065174,0.03811154142022133,2023-11-01
707,full,43,0.022999951615929604,0.037211041897535324,2023-11-01
17,full,1,0.09398625046014786,0.06901582330465317,2023-12-01
17,full,2,0.05549677088856697,0.051582206040620804,2023-12-01
17,full,3,0.04687159135937691,0.045704495161771774,2023-12-01
17,full,4,0.042645253241062164,0.04298980534076691,2023-12-01
17,full,5,0.04003234952688217,0.042225182056427,2023-12-01
17,full,6,0.038778357207775116,0.04136139154434204,2023-12-01
17,full,7,0.03743800148367882,0.03996109589934349,2023-12-01
17,full,8,0.036642614752054214,0.039203256368637085,2023-12-01
17,full,9,0.03557222709059715,0.03855955973267555,2023-12-01
17,full,10,0.03469808027148247,0.037833478301763535,2023-12-01
17,full,11,0.034703031182289124,0.03698202967643738,2023-12-01
17,full,12,0.03350741043686867,0.03683813288807869,2023-12-01
17,full,13,0.03286067023873329,0.03663555160164833,2023-12-01
17,full,14,0.032680101692676544,0.0359160341322422,2023-12-01
17,full,15,0.03185226395726204,0.0357612706720829,2023-12-01
17,full,16,0.031646110117435455,0.03504128009080887,2023-12-01
17,full,17,0.031318046152591705,0.03463200479745865,2023-12-01
17,full,18,0.030826542526483536,0.03490206226706505,2023-12-01
17,full,19,0.03074001520872116,0.03453296050429344,2023-12-01
17,full,20,0.02980905957520008,0.035064540803432465,2023-12-01
17,full,21,0.029466409236192703,0.034448426216840744,2023-12-01
17,full,22,0.028699172660708427,0.03438197448849678,2023-12-01
17,full,23,0.028702164068818092,0.0346699059009552,2023-12-01
17,full,24,0.028475310653448105,0.034542541950941086,2023-12-01
17,full,25,0.02802487462759018,0.0342136025428772,2023-12-01
17,full,26,0.027860581874847412,0.03467420116066933,2023-12-01
17,full,27,0.027202047407627106,0.0343228355050087,2023-12-01
17,full,28,0.02671435847878456,0.03528295084834099,2023-12-01
17,full,29,0.02650219015777111,0.03544387221336365,2023-12-01
17,full,30,0.026560617610812187,0.034470394253730774,2023-12-01
17,full,31,0.025969604030251503,0.03490455448627472,2023-12-01
17,full,32,0.025977548211812973,0.036042772233486176,2023-12-01
17,full,33,0.025666164234280586,0.035517122596502304,2023-12-01
17,full,34,0.025348873808979988,0.03500982001423836,2023-12-01
17,full,35,0.025423863902688026,0.03543827682733536,2023-12-01
17,full,36,0.024988774210214615,0.0362706333398819,2023-12-01
17,full,37,0.024583717808127403,0.03451621159911156,2023-12-01
42,full,1,0.09957456588745117,0.06169812008738518,2023-12-01
42,full,2,0.05759598687291145,0.04753187298774719,2023-12-01
42,full,3,0.04734441265463829,0.04321466013789177,2023-12-01
42,full,4,0.04318659380078316,0.04128009080886841,2023-12-01
42,full,5,0.04136954993009567,0.04024207964539528,2023-12-01
42,full,6,0.039499737322330475,0.03889056667685509,2023-12-01
42,full,7,0.03852669894695282,0.038745198398828506,2023-12-01
42,full,8,0.0373372845351696,0.03871419280767441,2023-12-01
42,full,9,0.03622489795088768,0.037823084741830826,2023-12-01
42,full,10,0.03538166731595993,0.037303224205970764,2023-12-01
42,full,11,0.034658536314964294,0.03636622428894043,2023-12-01
42,full,12,0.03429761156439781,0.0368475504219532,2023-12-01
42,full,13,0.033834170550107956,0.03704707697033882,2023-12-01
42,full,14,0.03301302343606949,0.036916717886924744,2023-12-01
42,full,15,0.032592762261629105,0.03624822199344635,2023-12-01
42,full,16,0.031955935060977936,0.03689495474100113,2023-12-01
42,full,17,0.031126130372285843,0.03489811718463898,2023-12-01
42,full,18,0.0305878184735775,0.03463898226618767,2023-12-01
42,full,19,0.02996327541768551,0.03385749086737633,2023-12-01
42,full,20,0.029178539291024208,0.03400693088769913,2023-12-01
42,full,21,0.02913348749279976,0.034262869507074356,2023-12-01
42,full,22,0.028612855821847916,0.03424297273159027,2023-12-01
42,full,23,0.028504712507128716,0.033568982034921646,2023-12-01
42,full,24,0.027665086090564728,0.033008601516485214,2023-12-01
42,full,25,0.02780112810432911,0.03370289131999016,2023-12-01
42,full,26,0.027616797015070915,0.0337492860853672,2023-12-01
42,full,27,0.026988795027136803,0.035080838948488235,2023-12-01
42,full,28,0.027248989790678024,0.03269701078534126,2023-12-01
42,full,29,0.026560761034488678,0.03246213123202324,2023-12-01
42,full,30,0.02605518326163292,0.03267602249979973,2023-12-01
42,full,31,0.025765949860215187,0.03256421163678169,2023-12-01
42,full,32,0.025285629555583,0.032014161348342896,2023-12-01
42,full,33,0.025563891977071762,0.03283332288265228,2023-12-01
42,full,34,0.025249922648072243,0.034607212990522385,2023-12-01
42,full,35,0.024732351303100586,0.03238322213292122,2023-12-01
42,full,36,0.02490040846168995,0.03284986689686775,2023-12-01
42,full,37,0.024198470637202263,0.03265724331140518,2023-12-01
42,full,38,0.023924924433231354,0.031927552074193954,2023-12-01
42,full,39,0.02411186322569847,0.03212103247642517,2023-12-01
42,full,40,0.024128105491399765,0.031829576939344406,2023-12-01
42,full,41,0.02387923002243042,0.03260631486773491,2023-12-01
42,full,42,0.02327563241124153,0.03220359981060028,2023-12-01
42,full,43,0.02336106263101101,0.03158877417445183,2023-12-01
42,full,44,0.022918254137039185,0.03209250047802925,2023-12-01
42,full,45,0.023008618503808975,0.031795304268598557,2023-12-01
42,full,46,0.02264120802283287,0.03155450522899628,2023-12-01
42,full,47,0.02257949486374855,0.03206644952297211,2023-12-01
42,full,48,0.022422699257731438,0.03157481551170349,2023-12-01
42,full,49,0.022421211004257202,0.03166018798947334,2023-12-01
42,full,50,0.021984633058309555,0.03326066955924034,2023-12-01
42,full,51,0.02213943749666214,0.03222237527370453,2023-12-01
42,full,52,0.021633166819810867,0.03282424435019493,2023-12-01
42,full,53,0.021535130217671394,0.0315164253115654,2023-12-01
42,full,54,0.021585889160633087,0.03175802901387215,2023-12-01
42,full,55,0.02132587879896164,0.03175600245594978,2023-12-01
42,full,56,0.021234920248389244,0.03228810429573059,2023-12-01
42,full,57,0.02092716656625271,0.031909771263599396,2023-12-01
42,full,58,0.021042905747890472,0.03213762491941452,2023-12-01
42,full,59,0.021136095747351646,0.03191746771335602,2023-12-01
42,full,60,0.020978117361664772,0.03239870071411133,2023-12-01
42,full,61,0.020795470103621483,0.031613368541002274,2023-12-01
42,full,62,0.020596440881490707,0.03187667205929756,2023-12-01
42,full,63,0.0207586120814085,0.032214242964982986,2023-12-01
42,full,64,0.020349273458123207,0.033123183995485306,2023-12-01
42,full,65,0.02070542238652706,0.03291555494070053,2023-12-01
101,full,1,0.10388314723968506,0.07174090296030045,2023-12-01
101,full,2,0.0573270320892334,0.052529167383909225,2023-12-01
101,full,3,0.046761658042669296,0.04515482857823372,2023-12-01
101,full,4,0.043159570544958115,0.043148916214704514,2023-12-01
101,full,5,0.04090506210923195,0.04220472648739815,2023-12-01
101,full,6,0.03904731571674347,0.04103840887546539,2023-12-01
101,full,7,0.03725992143154144,0.041360024362802505,2023-12-01
101,full,8,0.036203160881996155,0.04059917852282524,2023-12-01
101,full,9,0.035178378224372864,0.04002826288342476,2023-12-01
101,full,10,0.034556034952402115,0.03877750411629677,2023-12-01
101,full,11,0.03384363651275635,0.039015449583530426,2023-12-01
101,full,12,0.033439405262470245,0.03804481402039528,2023-12-01
101,full,13,0.03262997046113014,0.03814259171485901,2023-12-01
101,full,14,0.032303981482982635,0.03787011280655861,2023-12-01
101,full,15,0.03203847259283066,0.036697983741760254,2023-12-01
101,full,16,0.03144293278455734,0.03682558611035347,2023-12-01
101,full,17,0.030718237161636353,0.036199528723955154,2023-12-01
101,full,18,0.02999131754040718,0.03593159839510918,2023-12-01
101,full,19,0.029652390629053116,0.03604913502931595,2023-12-01
101,full,20,0.029013270512223244,0.035494644194841385,2023-12-01
101,full,21,0.028996922075748444,0.035608548671007156,2023-12-01
101,full,22,0.028463928028941154,0.03584878519177437,2023-12-01
101,full,23,0.02818232774734497,0.03564313426613808,2023-12-01
101,full,24,0.028199290856719017,0.035463765263557434,2023-12-01
101,full,25,0.027229908853769302,0.03514603525400162,2023-12-01
101,full,26,0.027126213535666466,0.034717053174972534,2023-12-01
101,full,27,0.02680158242583275,0.034539129585027695,2023-12-01
101,full,28,0.026233844459056854,0.03506636247038841,2023-12-01
101,full,29,0.0262907687574625,0.0351855605840683,2023-12-01
101,full,30,0.025863485410809517,0.03411940485239029,2023-12-01
101,full,31,0.025451453402638435,0.03444719687104225,2023-12-01
101,full,32,0.025278162211179733,0.034738555550575256,2023-12-01
101,full,33,0.025106430053710938,0.034449126571416855,2023-12-01
101,full,34,0.02461930923163891,0.03482987359166145,2023-12-01
101,full,35,0.024713357910513878,0.03510712459683418,2023-12-01
101,full,36,0.024110419675707817,0.03498910367488861,2023-12-01
101,full,37,0.023919548839330673,0.0346510075032711,2023-12-01
101,full,38,0.023901410400867462,0.03521234542131424,2023-12-01
101,full,39,0.0234514232724905,0.03453785553574562,2023-12-01
101,full,40,0.023201877251267433,0.0345582515001297,2023-12-01
101,full,41,0.02351728081703186,0.0338585190474987,2023-12-01
101,full,42,0.0231728907674551,0.03551525995135307,2023-12-01
101,full,43,0.02314864844083786,0.034932028502225876,2023-12-01
101,full,44,0.02255949378013611,0.0344080924987793,2023-12-01
101,full,45,0.02225465700030327,0.03567373380064964,2023-12-01
101,full,46,0.022176505997776985,0.03496771678328514,2023-12-01
101,full,47,0.022077547386288643,0.03586232289671898,2023-12-01
101,full,48,0.022337403148412704,0.03452645242214203,2023-12-01
101,full,49,0.02167000249028206,0.0358068086206913,2023-12-01
101,full,50,0.022032480686903,0.035736411809921265,2023-12-01
101,full,51,0.021472280845046043,0.0342179499566555,2023-12-01
101,full,52,0.021904852241277695,0.036708030849695206,2023-12-01
101,full,53,0.021473834291100502,0.03528343141078949,2023-12-01
303,full,1,0.10805108398199081,0.06390687078237534,2023-12-01
303,full,2,0.05851010978221893,0.0520738810300827,2023-12-01
303,full,3,0.04791010543704033,0.04827401414513588,2023-12-01
303,full,4,0.04460525140166283,0.04520292207598686,2023-12-01
303,full,5,0.04157495126128197,0.04292362928390503,2023-12-01
303,full,6,0.03993982821702957,0.04648056998848915,2023-12-01
303,full,7,0.03833090141415596,0.0427718460559845,2023-12-01
303,full,8,0.03738577291369438,0.04068658873438835,2023-12-01
303,full,9,0.036299411207437515,0.03976475074887276,2023-12-01
303,full,10,0.0354883037507534,0.03779358044266701,2023-12-01
303,full,11,0.034387871623039246,0.036964528262615204,2023-12-01
303,full,12,0.03355548158288002,0.03727224841713905,2023-12-01
303,full,13,0.03339176997542381,0.03806765750050545,2023-12-01
303,full,14,0.032626401633024216,0.037740230560302734,2023-12-01
303,full,15,0.032036662101745605,0.035547852516174316,2023-12-01
303,full,16,0.03150339797139168,0.03646441549062729,2023-12-01
303,full,17,0.0314190648496151,0.034709032624959946,2023-12-01
303,full,18,0.030758976936340332,0.03600289300084114,2023-12-01
303,full,19,0.030177287757396698,0.035250719636678696,2023-12-01
303,full,20,0.030323436483740807,0.03392946347594261,2023-12-01
303,full,21,0.029028959572315216,0.03418777883052826,2023-12-01
303,full,22,0.02895146608352661,0.034417662769556046,2023-12-01
303,full,23,0.028633110225200653,0.03402476757764816,2023-12-01
303,full,24,0.028492389246821404,0.0337834469974041,2023-12-01
303,full,25,0.02797531709074974,0.03338652849197388,2023-12-01
303,full,26,0.02768809348344803,0.03332752361893654,2023-12-01
303,full,27,0.027284720912575722,0.03298008069396019,2023-12-01
303,full,28,0.027418317273259163,0.033188346773386,2023-12-01
303,full,29,0.026327678933739662,0.03329971060156822,2023-12-01
303,full,30,0.026476336643099785,0.03293804079294205,2023-12-01
303,full,31,0.026052575558423996,0.03312214836478233,2023-12-01
303,full,32,0.025424838066101074,0.03314829617738724,2023-12-01
303,full,33,0.026161713525652885,0.03356795012950897,2023-12-01
303,full,34,0.0258609838783741,0.03322421759366989,2023-12-01
303,full,35,0.02539309300482273,0.033111538738012314,2023-12-01
303,full,36,0.02522980608046055,0.03302570804953575,2023-12-01
303,full,37,0.024890752509236336,0.03255194053053856,2023-12-01
303,full,38,0.024447381496429443,0.03288791701197624,2023-12-01
303,full,39,0.02453162893652916,0.032858919352293015,2023-12-01
303,full,40,0.024100355803966522,0.032791636884212494,2023-12-01
303,full,41,0.023831846192479134,0.03223276138305664,2023-12-01
303,full,42,0.023599863052368164,0.03354458138346672,2023-12-01
303,full,43,0.023442132398486137,0.032887715846300125,2023-12-01
303,full,44,0.023326486349105835,0.032938748598098755,2023-12-01
303,full,45,0.023233884945511818,0.032857682555913925,2023-12-01
303,full,46,0.02288793958723545,0.03322983905673027,2023-12-01
303,full,47,0.0226760134100914,0.03332044556736946,2023-12-01
303,full,48,0.022628050297498703,0.033189285546541214,2023-12-01
303,full,49,0.02271535061299801,0.03286771848797798,2023-12-01
303,full,50,0.022341541945934296,0.03307702764868736,2023-12-01
303,full,51,0.022439660504460335,0.03305831551551819,2023-12-01
303,full,52,0.021819544956088066,0.03284688666462898,2023-12-01
303,full,53,0.021746395155787468,0.03395754098892212,2023-12-01
707,full,1,0.09736756235361099,0.0657067522406578,2023-12-01
707,full,2,0.05780797079205513,0.052432671189308167,2023-12-01
707,full,3,0.04794517904520035,0.04758067801594734,2023-12-01
707,full,4,0.04355568811297417,0.045166950672864914,2023-12-01
707,full,5,0.041236959397792816,0.043242502957582474,2023-12-01
707,full,6,0.03904158994555473,0.041302088648080826,2023-12-01
707,full,7,0.037471704185009,0.04004273936152458,2023-12-01
707,full,8,0.036323849111795425,0.039706289768218994,2023-12-01
707,full,9,0.035321470350027084,0.03884587064385414,2023-12-01
707,full,10,0.034564197063446045,0.038112226873636246,2023-12-01
707,full,11,0.03393978998064995,0.037931378930807114,2023-12-01
707,full,12,0.033093567937612534,0.03634929284453392,2023-12-01
707,full,13,0.03285553306341171,0.03762410581111908,2023-12-01
707,full,14,0.03283590450882912,0.0356595404446125,2023-12-01
707,full,15,0.031873852014541626,0.03611980006098747,2023-12-01
707,full,16,0.030513305217027664,0.03568056970834732,2023-12-01
707,full,17,0.030008167028427124,0.034921128302812576,2023-12-01
707,full,18,0.02988005056977272,0.0358080230653286,2023-12-01
707,full,19,0.029293548315763474,0.03459697589278221,2023-12-01
707,full,20,0.028967201709747314,0.033775243908166885,2023-12-01
707,full,21,0.028829749673604965,0.03477573022246361,2023-12-01
707,full,22,0.02809656597673893,0.03388926014304161,2023-12-01
707,full,23,0.028219712898135185,0.03455303981900215,2023-12-01
707,full,24,0.02758720889687538,0.034750718623399734,2023-12-01
707,full,25,0.027226833626627922,0.03347501531243324,2023-12-01
707,full,26,0.027532093226909637,0.03455433249473572,2023-12-01
707,full,27,0.027105361223220825,0.03394584730267525,2023-12-01
707,full,28,0.026629289612174034,0.03359552472829819,2023-12-01
707,full,29,0.026163708418607712,0.0339699313044548,2023-12-01
707,full,30,0.026286350563168526,0.03474649414420128,2023-12-01
707,full,31,0.025609932839870453,0.03375488519668579,2023-12-01
707,full,32,0.025678150355815887,0.03364481404423714,2023-12-01
707,full,33,0.025399578735232353,0.03366228938102722,2023-12-01
707,full,34,0.025197045877575874,0.03512858226895332,2023-12-01
707,full,35,0.024994244799017906,0.03418136015534401,2023-12-01
707,full,36,0.02421741932630539,0.03423747792840004,2023-12-01
707,full,37,0.024298543110489845,0.03519181162118912,2023-12-01
17,full,1,0.09287119656801224,0.059592217206954956,2024-01-01
17,full,2,0.05377717688679695,0.04590226337313652,2024-01-01
17,full,3,0.04574701562523842,0.04216545820236206,2024-01-01
17,full,4,0.041799429804086685,0.04013088718056679,2024-01-01
17,full,5,0.040103454142808914,0.03874949738383293,2024-01-01
17,full,6,0.03837726265192032,0.03808899223804474,2024-01-01
17,full,7,0.037422385066747665,0.03680717572569847,2024-01-01
17,full,8,0.03627178072929382,0.03597573563456535,2024-01-01
17,full,9,0.035248398780822754,0.0353064127266407,2024-01-01
17,full,10,0.03480464220046997,0.034869350492954254,2024-01-01
17,full,11,0.03397086262702942,0.035435065627098083,2024-01-01
17,full,12,0.03304895758628845,0.034330014139413834,2024-01-01
17,full,13,0.03276796638965607,0.0343790128827095,2024-01-01
17,full,14,0.032249100506305695,0.034227240830659866,2024-01-01
17,full,15,0.0317133329808712,0.0338965468108654,2024-01-01
17,full,16,0.03118954971432686,0.03330375254154205,2024-01-01
17,full,17,0.03069411963224411,0.03355109319090843,2024-01-01
17,full,18,0.030358264222741127,0.03373130410909653,2024-01-01
17,full,19,0.029850054532289505,0.03360734134912491,2024-01-01
17,full,20,0.029547380283474922,0.03276103734970093,2024-01-01
17,full,21,0.029136639088392258,0.03277711570262909,2024-01-01
17,full,22,0.029014943167567253,0.03220092132687569,2024-01-01
17,full,23,0.028685802593827248,0.03308047726750374,2024-01-01
17,full,24,0.027850491926074028,0.032950449734926224,2024-01-01
17,full,25,0.027623357251286507,0.032397400587797165,2024-01-01
17,full,26,0.027212847024202347,0.032295651733875275,2024-01-01
17,full,27,0.027180343866348267,0.032533448189496994,2024-01-01
17,full,28,0.02704923041164875,0.03252197802066803,2024-01-01
17,full,29,0.026336530223488808,0.03228229656815529,2024-01-01
17,full,30,0.026149384677410126,0.032135847955942154,2024-01-01
17,full,31,0.026193667203187943,0.031961362808942795,2024-01-01
17,full,32,0.025716178119182587,0.03231935575604439,2024-01-01
17,full,33,0.025600476190447807,0.032255444675683975,2024-01-01
17,full,34,0.025231271982192993,0.03161946311593056,2024-01-01
17,full,35,0.024935316294431686,0.03210834041237831,2024-01-01
17,full,36,0.024516912177205086,0.03273303061723709,2024-01-01
17,full,37,0.024379562586545944,0.03222782537341118,2024-01-01
17,full,38,0.02404649555683136,0.03135794773697853,2024-01-01
17,full,39,0.023746833205223083,0.03277795389294624,2024-01-01
17,full,40,0.024124203249812126,0.03227061405777931,2024-01-01
17,full,41,0.023159410804510117,0.03130720928311348,2024-01-01
17,full,42,0.023316724225878716,0.03222964331507683,2024-01-01
17,full,43,0.022944480180740356,0.032089900225400925,2024-01-01
17,full,44,0.022435206919908524,0.03266075253486633,2024-01-01
17,full,45,0.022547435015439987,0.031512752175331116,2024-01-01
17,full,46,0.022448578849434853,0.032633308321237564,2024-01-01
17,full,47,0.022441066801548004,0.03237253800034523,2024-01-01
17,full,48,0.02208280935883522,0.03180835768580437,2024-01-01
17,full,49,0.02230924740433693,0.03277755156159401,2024-01-01
17,full,50,0.021848350763320923,0.032231178134679794,2024-01-01
17,full,51,0.02187817171216011,0.032252345234155655,2024-01-01
17,full,52,0.021839726716279984,0.03254733607172966,2024-01-01
17,full,53,0.02187095209956169,0.03330715373158455,2024-01-01
42,full,1,0.09864421933889389,0.05676491931080818,2024-01-01
42,full,2,0.05580519139766693,0.04369012638926506,2024-01-01
42,full,3,0.04591949284076691,0.0400506891310215,2024-01-01
42,full,4,0.042561545968055725,0.038781505078077316,2024-01-01
42,full,5,0.040530819445848465,0.03853372856974602,2024-01-01
42,full,6,0.03895902633666992,0.037290941923856735,2024-01-01
42,full,7,0.037722356617450714,0.03665560111403465,2024-01-01
42,full,8,0.03624219074845314,0.03582977131009102,2024-01-01
42,full,9,0.035815220326185226,0.035290252417325974,2024-01-01
42,full,10,0.03445837274193764,0.034756582230329514,2024-01-01
42,full,11,0.03467530012130737,0.034417182207107544,2024-01-01
42,full,12,0.03371600806713104,0.03445259854197502,2024-01-01
42,full,13,0.03361814469099045,0.03401436284184456,2024-01-01
42,full,14,0.032697051763534546,0.03396368399262428,2024-01-01
42,full,15,0.03205161541700363,0.03358447179198265,2024-01-01
42,full,16,0.03160686418414116,0.03381237015128136,2024-01-01
42,full,17,0.030915234237909317,0.03319396451115608,2024-01-01
42,full,18,0.030339349061250687,0.03304818645119667,2024-01-01
42,full,19,0.030072592198848724,0.03311818838119507,2024-01-01
42,full,20,0.029702002182602882,0.03255511447787285,2024-01-01
42,full,21,0.02934754081070423,0.0329582504928112,2024-01-01
42,full,22,0.028758179396390915,0.032204192131757736,2024-01-01
42,full,23,0.028758399188518524,0.032405540347099304,2024-01-01
42,full,24,0.028201542794704437,0.031946998089551926,2024-01-01
42,full,25,0.028483986854553223,0.03188231959939003,2024-01-01
42,full,26,0.027590617537498474,0.033524010330438614,2024-01-01
42,full,27,0.02779354341328144,0.03165363892912865,2024-01-01
42,full,28,0.02712082862854004,0.0312764048576355,2024-01-01
42,full,29,0.026310771703720093,0.03110225312411785,2024-01-01
42,full,30,0.026145396754145622,0.03134802728891373,2024-01-01
42,full,31,0.02582642249763012,0.03097967989742756,2024-01-01
42,full,32,0.02538510598242283,0.031311582773923874,2024-01-01
42,full,33,0.02523847483098507,0.031179914250969887,2024-01-01
42,full,34,0.024896569550037384,0.03172152116894722,2024-01-01
42,full,35,0.02479827031493187,0.03136966750025749,2024-01-01
42,full,36,0.02465178072452545,0.03115217387676239,2024-01-01
42,full,37,0.02438821829855442,0.031271371990442276,2024-01-01
42,full,38,0.024041473865509033,0.031404007226228714,2024-01-01
42,full,39,0.02368154563009739,0.031050091609358788,2024-01-01
42,full,40,0.02374737523496151,0.031176568940281868,2024-01-01
42,full,41,0.023390324786305428,0.03133994713425636,2024-01-01
42,full,42,0.023532327264547348,0.0307766105979681,2024-01-01
42,full,43,0.0229814276099205,0.03089156001806259,2024-01-01
42,full,44,0.023021256551146507,0.031665634363889694,2024-01-01
42,full,45,0.022879447788000107,0.031481239944696426,2024-01-01
42,full,46,0.02224145084619522,0.03137702867388725,2024-01-01
42,full,47,0.022404499351978302,0.031595293432474136,2024-01-01
42,full,48,0.0223554577678442,0.03127337992191315,2024-01-01
42,full,49,0.021873028948903084,0.03173341602087021,2024-01-01
42,full,50,0.02183893695473671,0.03154124692082405,2024-01-01
42,full,51,0.022177450358867645,0.031430356204509735,2024-01-01
42,full,52,0.02181430719792843,0.031149141490459442,2024-01-01
42,full,53,0.021669665351510048,0.03159091994166374,2024-01-01
42,full,54,0.02136523649096489,0.03236032649874687,2024-01-01
101,full,1,0.10552219301462173,0.060800742357969284,2024-01-01
101,full,2,0.056786030530929565,0.04672038555145264,2024-01-01
101,full,3,0.04648151248693466,0.04261169210076332,2024-01-01
101,full,4,0.04224005714058876,0.04066579043865204,2024-01-01
101,full,5,0.039670057594776154,0.03971372917294502,2024-01-01
101,full,6,0.0380389429628849,0.03926625847816467,2024-01-01
101,full,7,0.03683873638510704,0.037311822175979614,2024-01-01
101,full,8,0.03559213876724243,0.03688337653875351,2024-01-01
101,full,9,0.034788038581609726,0.037096645683050156,2024-01-01
101,full,10,0.034329161047935486,0.03537575528025627,2024-01-01
101,full,11,0.033465202897787094,0.03519145026803017,2024-01-01
101,full,12,0.03305259346961975,0.03460421785712242,2024-01-01
101,full,13,0.03216477110981941,0.034477073699235916,2024-01-01
101,full,14,0.031917840242385864,0.034553490579128265,2024-01-01
101,full,15,0.031154101714491844,0.03430617228150368,2024-01-01
101,full,16,0.030874313786625862,0.03423618897795677,2024-01-01
101,full,17,0.03008653223514557,0.03327494487166405,2024-01-01
101,full,18,0.02980976179242134,0.034068673849105835,2024-01-01
101,full,19,0.02956400066614151,0.03365279734134674,2024-01-01
101,full,20,0.02862890250980854,0.033625464886426926,2024-01-01
101,full,21,0.028167229145765305,0.033059414476156235,2024-01-01
101,full,22,0.027847496792674065,0.032777294516563416,2024-01-01
101,full,23,0.028025532141327858,0.03343126177787781,2024-01-01
101,full,24,0.027145255357027054,0.03228887915611267,2024-01-01
101,full,25,0.026717951521277428,0.03289990872144699,2024-01-01
101,full,26,0.02678206004202366,0.03269992396235466,2024-01-01
101,full,27,0.02662445604801178,0.03273990377783775,2024-01-01
101,full,28,0.026348797604441643,0.03268051892518997,2024-01-01
101,full,29,0.025920242071151733,0.03281702473759651,2024-01-01
101,full,30,0.025512881577014923,0.03262484818696976,2024-01-01
101,full,31,0.025268465280532837,0.033462245017290115,2024-01-01
101,full,32,0.02520603872835636,0.033515315502882004,2024-01-01
101,full,33,0.024936610832810402,0.03279804065823555,2024-01-01
101,full,34,0.024759313091635704,0.033665094524621964,2024-01-01
101,full,35,0.024554945528507233,0.0335192047059536,2024-01-01
101,full,36,0.024110760539770126,0.033500734716653824,2024-01-01
303,full,1,0.10191601514816284,0.0581061951816082,2024-01-01
303,full,2,0.05590999126434326,0.046319011598825455,2024-01-01
303,full,3,0.04694470390677452,0.042907580733299255,2024-01-01
303,full,4,0.042680252343416214,0.04140661284327507,2024-01-01
303,full,5,0.04053949937224388,0.03981936350464821,2024-01-01
303,full,6,0.038824569433927536,0.039091311395168304,2024-01-01
303,full,7,0.03740974888205528,0.03847675025463104,2024-01-01
303,full,8,0.03636376932263374,0.03657827526330948,2024-01-01
303,full,9,0.03522708639502525,0.03593797609210014,2024-01-01
303,full,10,0.03436507657170296,0.03532340005040169,2024-01-01
303,full,11,0.03369516134262085,0.03510075807571411,2024-01-01
303,full,12,0.033276867121458054,0.034644123166799545,2024-01-01
303,full,13,0.03226573020219803,0.034562401473522186,2024-01-01
303,full,14,0.031861696392297745,0.03341027721762657,2024-01-01
303,full,15,0.03137138858437538,0.03393391892313957,2024-01-01
303,full,16,0.030868861824274063,0.03356333076953888,2024-01-01
303,full,17,0.030512770637869835,0.0330439992249012,2024-01-01
303,full,18,0.029649529606103897,0.03326064720749855,2024-01-01
303,full,19,0.029142694547772408,0.032556694000959396,2024-01-01
303,full,20,0.029007714241743088,0.032531652599573135,2024-01-01
303,full,21,0.028758814558386803,0.032159317284822464,2024-01-01
303,full,22,0.028775937855243683,0.0327874980866909,2024-01-01
303,full,23,0.027907993644475937,0.03313026204705238,2024-01-01
303,full,24,0.027794161811470985,0.0319591648876667,2024-01-01
303,full,25,0.02753612957894802,0.03160882368683815,2024-01-01
303,full,26,0.026744846254587173,0.031464215368032455,2024-01-01
303,full,27,0.02693043276667595,0.03183242306113243,2024-01-01
303,full,28,0.0264285858720541,0.03236256167292595,2024-01-01
303,full,29,0.02579439990222454,0.03158504515886307,2024-01-01
303,full,30,0.025994881987571716,0.03158847615122795,2024-01-01
303,full,31,0.02584555372595787,0.0321771502494812,2024-01-01
303,full,32,0.02545809932053089,0.03267320618033409,2024-01-01
303,full,33,0.025343434885144234,0.03237191215157509,2024-01-01
303,full,34,0.025380194187164307,0.03205139935016632,2024-01-01
303,full,35,0.02479756623506546,0.03128139302134514,2024-01-01
303,full,36,0.02449284866452217,0.031204374507069588,2024-01-01
303,full,37,0.02410358563065529,0.032417602837085724,2024-01-01
303,full,38,0.023990154266357422,0.03196904808282852,2024-01-01
303,full,39,0.02347484417259693,0.03146122395992279,2024-01-01
303,full,40,0.02312951721251011,0.031810831278562546,2024-01-01
303,full,41,0.023188689723610878,0.031902384012937546,2024-01-01
303,full,42,0.02281341888010502,0.03234139829874039,2024-01-01
303,full,43,0.0230866726487875,0.03190314397215843,2024-01-01
303,full,44,0.02293776534497738,0.03248008340597153,2024-01-01
303,full,45,0.022550730034708977,0.03214561194181442,2024-01-01
303,full,46,0.02253453992307186,0.031403105705976486,2024-01-01
303,full,47,0.022215520963072777,0.032441556453704834,2024-01-01
303,full,48,0.022125903517007828,0.032495662569999695,2024-01-01
707,full,1,0.09630860388278961,0.05749983713030815,2024-01-01
707,full,2,0.05500108376145363,0.0462801568210125,2024-01-01
707,full,3,0.046671222895383835,0.042943697422742844,2024-01-01
707,full,4,0.04278771951794624,0.04127274826169014,2024-01-01
707,full,5,0.04027865454554558,0.03956691920757294,2024-01-01
707,full,6,0.0383794903755188,0.03819606825709343,2024-01-01
707,full,7,0.03720899671316147,0.038260143250226974,2024-01-01
707,full,8,0.03575785085558891,0.03665081039071083,2024-01-01
707,full,9,0.034976959228515625,0.03588320314884186,2024-01-01
707,full,10,0.03409770503640175,0.03617801144719124,2024-01-01
707,full,11,0.03374285250902176,0.03439486399292946,2024-01-01
707,full,12,0.03233269229531288,0.03472582623362541,2024-01-01
707,full,13,0.03284849971532822,0.03392541781067848,2024-01-01
707,full,14,0.03189091384410858,0.033582836389541626,2024-01-01
707,full,15,0.03126681596040726,0.033347517251968384,2024-01-01
707,full,16,0.031028300523757935,0.0327644981443882,2024-01-01
707,full,17,0.03115260601043701,0.03259308636188507,2024-01-01
707,full,18,0.030103474855422974,0.033788979053497314,2024-01-01
707,full,19,0.029533058404922485,0.03228000923991203,2024-01-01
707,full,20,0.02879505418241024,0.031625572592020035,2024-01-01
707,full,21,0.028706274926662445,0.03176054731011391,2024-01-01
707,full,22,0.02843213826417923,0.0328562967479229,2024-01-01
707,full,23,0.027991440147161484,0.03141660988330841,2024-01-01
707,full,24,0.027600739151239395,0.030763154849410057,2024-01-01
707,full,25,0.027402320876717567,0.03046419471502304,2024-01-01
707,full,26,0.02707829140126705,0.030843572691082954,2024-01-01
707,full,27,0.02621794492006302,0.030228478834033012,2024-01-01
707,full,28,0.026032673195004463,0.03037211485207081,2024-01-01
707,full,29,0.02611492946743965,0.0310869961977005,2024-01-01
707,full,30,0.025868020951747894,0.030544662848114967,2024-01-01
707,full,31,0.025695735588669777,0.029982635751366615,2024-01-01
707,full,32,0.02523687668144703,0.03041268140077591,2024-01-01
707,full,33,0.024863827973604202,0.029951533302664757,2024-01-01
707,full,34,0.02485830709338188,0.030470913276076317,2024-01-01
707,full,35,0.024416299536824226,0.030911624431610107,2024-01-01
707,full,36,0.024265863001346588,0.030401619151234627,2024-01-01
707,full,37,0.02392635866999626,0.03057638369500637,2024-01-01
707,full,38,0.023731108754873276,0.02996915765106678,2024-01-01
707,full,39,0.023543227463960648,0.030094390735030174,2024-01-01
707,full,40,0.02335788868367672,0.029906250536441803,2024-01-01
707,full,41,0.023287717252969742,0.029700646176934242,2024-01-01
707,full,42,0.02323727495968342,0.030083315446972847,2024-01-01
707,full,43,0.022895431146025658,0.030338747426867485,2024-01-01
707,full,44,0.022943120449781418,0.030287005007267,2024-01-01
707,full,45,0.02253814972937107,0.02977144718170166,2024-01-01
707,full,46,0.02233154885470867,0.030369043350219727,2024-01-01
707,full,47,0.022314144298434258,0.02990546077489853,2024-01-01
707,full,48,0.02215568907558918,0.03065434657037258,2024-01-01
707,full,49,0.021861344575881958,0.030283791944384575,2024-01-01
707,full,50,0.02153688482940197,0.030593141913414,2024-01-01
707,full,51,0.02172824554145336,0.030554519966244698,2024-01-01
707,full,52,0.02127530239522457,0.030449718236923218,2024-01-01
707,full,53,0.021172331646084785,0.030183807015419006,2024-01-01
17,full,1,0.07407136261463165,0.040623586624860764,2025-01-01
17,full,2,0.04406314715743065,0.03618445619940758,2025-01-01
17,full,3,0.03960615023970604,0.03262495994567871,2025-01-01
17,full,4,0.03752727061510086,0.03217542544007301,2025-01-01
17,full,5,0.035915978252887726,0.031134510412812233,2025-01-01
17,full,6,0.03468511253595352,0.029754996299743652,2025-01-01
17,full,7,0.033726923167705536,0.029371479526162148,2025-01-01
17,full,8,0.03296634182333946,0.02895187772810459,2025-01-01
17,full,9,0.0318489708006382,0.028605319559574127,2025-01-01
17,full,10,0.03102898970246315,0.02941218763589859,2025-01-01
17,full,11,0.030509572476148605,0.027571991086006165,2025-01-01
17,full,12,0.030025498941540718,0.026918375864624977,2025-01-01
17,full,13,0.02927030250430107,0.02685016393661499,2025-01-01
17,full,14,0.028976375237107277,0.026966148987412453,2025-01-01
17,full,15,0.028101954609155655,0.02624076046049595,2025-01-01
17,full,16,0.027966633439064026,0.028141096234321594,2025-01-01
17,full,17,0.027261460199952126,0.02541338838636875,2025-01-01
17,full,18,0.02661481685936451,0.026084424927830696,2025-01-01
17,full,19,0.026552045717835426,0.025277161970734596,2025-01-01
17,full,20,0.026011234149336815,0.026351457461714745,2025-01-01
17,full,21,0.025657517835497856,0.025495829060673714,2025-01-01
17,full,22,0.02540111541748047,0.025040611624717712,2025-01-01
17,full,23,0.024965820834040642,0.025598181411623955,2025-01-01
17,full,24,0.02478119544684887,0.026497110724449158,2025-01-01
17,full,25,0.024698933586478233,0.024797454476356506,2025-01-01
17,full,26,0.02426706627011299,0.025460034608840942,2025-01-01
17,full,27,0.02425331249833107,0.02483726479113102,2025-01-01
17,full,28,0.023962711915373802,0.025612302124500275,2025-01-01
17,full,29,0.023987343534827232,0.024440547451376915,2025-01-01
17,full,30,0.023390090093016624,0.02508394420146942,2025-01-01
17,full,31,0.02343246154487133,0.024931341409683228,2025-01-01
17,full,32,0.023283574730157852,0.025326495990157127,2025-01-01
17,full,33,0.02310863696038723,0.02513977140188217,2025-01-01
17,full,34,0.02294403500854969,0.025264278054237366,2025-01-01
17,full,35,0.02272597886621952,0.026459479704499245,2025-01-01
17,full,36,0.02262948825955391,0.02497832477092743,2025-01-01
17,full,37,0.022455893456935883,0.025763796642422676,2025-01-01
17,full,38,0.022342918440699577,0.025767704471945763,2025-01-01
17,full,39,0.02224927395582199,0.025575146079063416,2025-01-01
17,full,40,0.022291649132966995,0.026144901290535927,2025-01-01
17,full,41,0.022258609533309937,0.025896528735756874,2025-01-01
42,full,1,0.07473573833703995,0.04037213698029518,2025-01-01
42,full,2,0.04501401260495186,0.036134008318185806,2025-01-01
42,full,3,0.04039771482348442,0.03402844816446304,2025-01-01
42,full,4,0.038184117525815964,0.03323480859398842,2025-01-01
42,full,5,0.03638728708028793,0.03162945806980133,2025-01-01
42,full,6,0.03498917445540428,0.030918145552277565,2025-01-01
42,full,7,0.03405621647834778,0.030732156708836555,2025-01-01
42,full,8,0.032933309674263,0.030599622055888176,2025-01-01
42,full,9,0.032267794013023376,0.029720798134803772,2025-01-01
42,full,10,0.031575269997119904,0.02908882312476635,2025-01-01
42,full,11,0.030603110790252686,0.0291322972625494,2025-01-01
42,full,12,0.030264031141996384,0.02869507670402527,2025-01-01
42,full,13,0.029701391234993935,0.02821865864098072,2025-01-01
42,full,14,0.029004832729697227,0.02825140208005905,2025-01-01
42,full,15,0.028366634622216225,0.028065159916877747,2025-01-01
42,full,16,0.028126049786806107,0.028281500563025475,2025-01-01
42,full,17,0.02794703282415867,0.026512859389185905,2025-01-01
42,full,18,0.027253778651356697,0.026972420513629913,2025-01-01
42,full,19,0.02664283476769924,0.02629881165921688,2025-01-01
42,full,20,0.026327824220061302,0.026331448927521706,2025-01-01
42,full,21,0.025935817509889603,0.026961317285895348,2025-01-01
42,full,22,0.025643320754170418,0.026502111926674843,2025-01-01
42,full,23,0.025213303044438362,0.026921922340989113,2025-01-01
42,full,24,0.024800537154078484,0.02661728300154209,2025-01-01
42,full,25,0.024606574326753616,0.026733599603176117,2025-01-01
42,full,26,0.024556634947657585,0.026359878480434418,2025-01-01
42,full,27,0.024348990991711617,0.026298940181732178,2025-01-01
42,full,28,0.024184199050068855,0.02610129304230213,2025-01-01
42,full,29,0.023866523057222366,0.027333537116646767,2025-01-01
42,full,30,0.023614518344402313,0.02646401710808277,2025-01-01
42,full,31,0.023498212918639183,0.02564060501754284,2025-01-01
42,full,32,0.023261308670043945,0.0267967376857996,2025-01-01
42,full,33,0.02318045124411583,0.02632986009120941,2025-01-01
42,full,34,0.022964846342802048,0.02637866698205471,2025-01-01
42,full,35,0.023127879947423935,0.02679833024740219,2025-01-01
42,full,36,0.022659603506326675,0.026437796652317047,2025-01-01
42,full,37,0.022778356447815895,0.026663489639759064,2025-01-01
42,full,38,0.022609196603298187,0.027477815747261047,2025-01-01
42,full,39,0.02248840592801571,0.026970921084284782,2025-01-01
42,full,40,0.022138873115181923,0.026587115600705147,2025-01-01
42,full,41,0.022210251539945602,0.02675093710422516,2025-01-01
42,full,42,0.022052060812711716,0.027209507301449776,2025-01-01
42,full,43,0.021795814856886864,0.02766776829957962,2025-01-01
101,full,1,0.07953118532896042,0.042211975902318954,2025-01-01
101,full,2,0.044427383691072464,0.03761472925543785,2025-01-01
101,full,3,0.03992922976613045,0.03528636321425438,2025-01-01
101,full,4,0.037370238453149796,0.03322926536202431,2025-01-01
101,full,5,0.035600923001766205,0.030879883095622063,2025-01-01
101,full,6,0.03443273901939392,0.030978143215179443,2025-01-01
101,full,7,0.03341243416070938,0.030023599043488503,2025-01-01
101,full,8,0.03223339468240738,0.029466873034834862,2025-01-01
101,full,9,0.031707748770713806,0.028451532125473022,2025-01-01
101,full,10,0.03117319755256176,0.029581313952803612,2025-01-01
101,full,11,0.03051198460161686,0.028040921315550804,2025-01-01
101,full,12,0.02988213300704956,0.027685655280947685,2025-01-01
101,full,13,0.029502322897315025,0.028310945257544518,2025-01-01
101,full,14,0.028982287272810936,0.02878197468817234,2025-01-01
101,full,15,0.028525469824671745,0.027449773624539375,2025-01-01
101,full,16,0.028184998780488968,0.02728244848549366,2025-01-01
101,full,17,0.02779741771519184,0.0274953693151474,2025-01-01
101,full,18,0.02715974487364292,0.027115598320961,2025-01-01
101,full,19,0.026888277381658554,0.026415368542075157,2025-01-01
101,full,20,0.026279063895344734,0.026227056980133057,2025-01-01
101,full,21,0.02611396834254265,0.026404419913887978,2025-01-01
101,full,22,0.025701450183987617,0.026656918227672577,2025-01-01
101,full,23,0.0256440881639719,0.026146605610847473,2025-01-01
101,full,24,0.025364555418491364,0.026344871148467064,2025-01-01
101,full,25,0.025004446506500244,0.026511088013648987,2025-01-01
101,full,26,0.024772418662905693,0.026790013536810875,2025-01-01
101,full,27,0.024548452347517014,0.026400813832879066,2025-01-01
101,full,28,0.024357888847589493,0.026118285953998566,2025-01-01
101,full,29,0.024005090817809105,0.02594190277159214,2025-01-01
101,full,30,0.023760685697197914,0.02613186649978161,2025-01-01
101,full,31,0.023926107212901115,0.026210539042949677,2025-01-01
101,full,32,0.023432154208421707,0.026657596230506897,2025-01-01
101,full,33,0.02309361658990383,0.025910427793860435,2025-01-01
101,full,34,0.023041512817144394,0.025737205520272255,2025-01-01
101,full,35,0.02300833724439144,0.025512725114822388,2025-01-01
101,full,36,0.02280409075319767,0.02628580667078495,2025-01-01
101,full,37,0.022738033905625343,0.0257574375718832,2025-01-01
101,full,38,0.022542070597410202,0.025486962869763374,2025-01-01
101,full,39,0.022477885708212852,0.026200419291853905,2025-01-01
101,full,40,0.022218864411115646,0.026161396875977516,2025-01-01
101,full,41,0.022191794589161873,0.026753632351756096,2025-01-01
101,full,42,0.021911904215812683,0.026446133852005005,2025-01-01
101,full,43,0.021723194047808647,0.026406938210129738,2025-01-01
101,full,44,0.021670572459697723,0.027356142178177834,2025-01-01
101,full,45,0.02161891758441925,0.026230311021208763,2025-01-01
101,full,46,0.021536599844694138,0.02579992078244686,2025-01-01
101,full,47,0.021610084921121597,0.02603849209845066,2025-01-01
101,full,48,0.021327292546629906,0.02678992599248886,2025-01-01
101,full,49,0.021145226433873177,0.02666921727359295,2025-01-01
101,full,50,0.02123260498046875,0.025983678176999092,2025-01-01
303,full,1,0.08071106672286987,0.041728440672159195,2025-01-01
303,full,2,0.04589231312274933,0.03713475912809372,2025-01-01
303,full,3,0.04100716486573219,0.0337684266269207,2025-01-01
303,full,4,0.0381426177918911,0.03252753987908363,2025-01-01
303,full,5,0.03613254800438881,0.031561560928821564,2025-01-01
303,full,6,0.03490575775504112,0.030414754524827003,2025-01-01
303,full,7,0.03365940600633621,0.02979186363518238,2025-01-01
303,full,8,0.032759372144937515,0.029673025012016296,2025-01-01
303,full,9,0.03164834529161453,0.02877870202064514,2025-01-01
303,full,10,0.030800115317106247,0.02793002687394619,2025-01-01
303,full,11,0.03054748848080635,0.02757028304040432,2025-01-01
303,full,12,0.02993091009557247,0.02796650491654873,2025-01-01
303,full,13,0.029214385896921158,0.02829868532717228,2025-01-01
303,full,14,0.02869223803281784,0.027186794206500053,2025-01-01
303,full,15,0.02808675542473793,0.026855453848838806,2025-01-01
303,full,16,0.027682660147547722,0.026619138196110725,2025-01-01
303,full,17,0.027048328891396523,0.02709837257862091,2025-01-01
303,full,18,0.027089182287454605,0.027835754677653313,2025-01-01
303,full,19,0.02633250690996647,0.02648753859102726,2025-01-01
303,full,20,0.025895878672599792,0.026319464668631554,2025-01-01
303,full,21,0.025576939806342125,0.026470080018043518,2025-01-01
303,full,22,0.02532632276415825,0.028629576787352562,2025-01-01
303,full,23,0.025118375197052956,0.02763572335243225,2025-01-01
303,full,24,0.0246296264231205,0.0266729686409235,2025-01-01
303,full,25,0.024484746158123016,0.027444513514637947,2025-01-01
303,full,26,0.024515574797987938,0.026239922270178795,2025-01-01
303,full,27,0.024072488769888878,0.026486722752451897,2025-01-01
303,full,28,0.02365245297551155,0.02723219431936741,2025-01-01
303,full,29,0.023677978664636612,0.026350287720561028,2025-01-01
303,full,30,0.023576807230710983,0.025990990921854973,2025-01-01
303,full,31,0.02347780391573906,0.025988398119807243,2025-01-01
303,full,32,0.023174148052930832,0.0263669416308403,2025-01-01
303,full,33,0.022777220234274864,0.026851385831832886,2025-01-01
303,full,34,0.022641688585281372,0.02686282992362976,2025-01-01
303,full,35,0.022625088691711426,0.026867957785725594,2025-01-01
303,full,36,0.022578919306397438,0.02685581147670746,2025-01-01
303,full,37,0.0224138256162405,0.02648654766380787,2025-01-01
303,full,38,0.022126352414488792,0.026570750400424004,2025-01-01
303,full,39,0.021988561376929283,0.026811115443706512,2025-01-01
303,full,40,0.02213081158697605,0.027302639558911324,2025-01-01
303,full,41,0.021768156439065933,0.027374528348445892,2025-01-01
303,full,42,0.022027185186743736,0.026865800842642784,2025-01-01
707,full,1,0.07680623233318329,0.04339220002293587,2025-01-01
707,full,2,0.04573535546660423,0.037100933492183685,2025-01-01
707,full,3,0.04015190899372101,0.03498080000281334,2025-01-01
707,full,4,0.037126053124666214,0.03227415308356285,2025-01-01
707,full,5,0.03570900484919548,0.03304004669189453,2025-01-01
707,full,6,0.0342119000852108,0.029789142310619354,2025-01-01
707,full,7,0.03300841897726059,0.031221436336636543,2025-01-01
707,full,8,0.031887274235486984,0.02941260300576687,2025-01-01
707,full,9,0.03100128099322319,0.029210029169917107,2025-01-01
707,full,10,0.030231431126594543,0.02855963446199894,2025-01-01
707,full,11,0.029449842870235443,0.02806057594716549,2025-01-01
707,full,12,0.02916489541530609,0.028779959306120872,2025-01-01
707,full,13,0.02876962348818779,0.026723751798272133,2025-01-01
707,full,14,0.02819340117275715,0.02615075744688511,2025-01-01
707,full,15,0.027604134753346443,0.027744093909859657,2025-01-01
707,full,16,0.027019673958420753,0.027512885630130768,2025-01-01
707,full,17,0.026939522475004196,0.026611842215061188,2025-01-01
707,full,18,0.026522869244217873,0.02549717389047146,2025-01-01
707,full,19,0.026009710505604744,0.02692362107336521,2025-01-01
707,full,20,0.025934526696801186,0.0274330023676157,2025-01-01
707,full,21,0.025547999888658524,0.026730114594101906,2025-01-01
707,full,22,0.02521137148141861,0.027071034535765648,2025-01-01
707,full,23,0.025019574910402298,0.026813087984919548,2025-01-01
707,full,24,0.024922139942646027,0.02588505856692791,2025-01-01
707,full,25,0.024664875119924545,0.026418661698698997,2025-01-01
707,full,26,0.024192994460463524,0.025968065485358238,2025-01-01
707,full,27,0.02409084513783455,0.025630628690123558,2025-01-01
707,full,28,0.023871762678027153,0.026668930426239967,2025-01-01
707,full,29,0.023757562041282654,0.026870863512158394,2025-01-01
707,full,30,0.023442406207323074,0.02658390812575817,2025-01-01
