dataset,model,series_id,fg_code,fg_category,forecast_p50,safety_stock,reorder_point,target_max,on_hand_inventory,suggested_order_qty
A,CATBOOST,FG001,FG001,Soap,26002.47789231215,7341.0,33343.0,59345.0,,59345.0
A,CATBOOST,FG002,FG002,Soap,44785.84554848692,11601.0,56387.0,101173.0,,101173.0
A,CATBOOST,FG003,FG003,Soap,73548.3127532177,16971.0,90519.0,164067.0,,164067.0
A,CATBOOST,FG004,FG004,Soap,46316.3550259199,13034.0,59350.0,105666.0,,105666.0
A,CATBOOST,FG005,FG005,Soap,36044.44332959322,9911.0,45955.0,81999.0,,81999.0
A,CATBOOST,FG006,FG006,Soap,63502.26590459015,16709.0,80211.0,143713.0,,143713.0
A,CATBOOST,FG007,FG007,Soap,41852.05567707241,9671.0,51523.0,93375.0,,93375.0
A,CATBOOST,FG008,FG008,Soap,37926.688461406025,7262.0,45189.0,83116.0,,83116.0
A,CATBOOST,FG009,FG009,Soap,32855.73794878508,6134.0,38990.0,71846.0,,71846.0
A,CATBOOST,FG010,FG010,Soap,71990.31432618921,13439.0,85429.0,157419.0,,157419.0
A,CATBOOST,FG011,FG011,Soap,55157.593268612545,14902.0,70060.0,125218.0,,125218.0
A,CATBOOST,FG012,FG012,Soap,33365.15841379174,6225.0,39590.0,72955.0,,72955.0
A,CATBOOST,FG013,FG013,Soap,72355.04867472543,19869.0,92224.0,164579.0,,164579.0
A,CATBOOST,FG014,FG014,Soap,48945.429488099246,12755.0,61700.0,110645.0,,110645.0
A,CATBOOST,FG015,FG015,Soap,57187.521869211625,16397.0,73585.0,130773.0,,130773.0
A,CATBOOST,FG016,FG016,Shampoo,23094.246344368446,6014.0,29108.0,52202.0,,52202.0
A,CATBOOST,FG017,FG017,Shampoo,30869.84847899913,9447.0,40317.0,71187.0,,71187.0
A,CATBOOST,FG018,FG018,Shampoo,30661.472416801163,8274.0,38935.0,69596.0,,69596.0
A,CATBOOST,FG019,FG019,Shampoo,49352.14755426759,13058.0,62410.0,111762.0,,111762.0
A,CATBOOST,FG020,FG020,Shampoo,39575.312650300504,13455.0,53030.0,92605.0,,92605.0
A,CATBOOST,FG021,FG021,Shampoo,33597.51255028602,8541.0,42139.0,75737.0,,75737.0
A,CATBOOST,FG022,FG022,Shampoo,42988.56624290839,8341.0,51330.0,94319.0,,94319.0
A,CATBOOST,FG023,FG023,Shampoo,35857.027447547574,7702.0,43559.0,79416.0,,79416.0
A,CATBOOST,FG024,FG024,Shampoo,32839.867362825506,9896.0,42736.0,75576.0,,75576.0
A,CATBOOST,FG025,FG025,Shampoo,21938.178054152748,5897.0,27835.0,49773.0,,49773.0
A,CATBOOST,FG026,FG026,Shampoo,33035.15505769801,9723.0,42758.0,75793.0,,75793.0
A,CATBOOST,FG027,FG027,Shampoo,42561.42851264145,11019.0,53580.0,96141.0,,96141.0
A,CATBOOST,FG028,FG028,Shampoo,31389.513697357732,9657.0,41047.0,72437.0,,72437.0
A,CATBOOST,FG029,FG029,Shampoo,17695.26869330407,4774.0,22469.0,40164.0,,40164.0
A,CATBOOST,FG030,FG030,Shampoo,37880.859658513946,7661.0,45542.0,83423.0,,83423.0
A,CATBOOST,FG031,FG031,Shampoo,56938.13681638512,15505.0,72443.0,129381.0,,129381.0
A,CATBOOST,FG032,FG032,Shampoo,16598.67092923115,3980.0,20579.0,37178.0,,37178.0
A,CATBOOST,FG033,FG033,Shampoo,40718.47954971014,11445.0,52163.0,92881.0,,92881.0
A,CATBOOST,FG034,FG034,Liquid Wash,40237.52561614007,8721.0,48959.0,89197.0,,89197.0
A,CATBOOST,FG035,FG035,Liquid Wash,35200.88257742634,10286.0,45487.0,80688.0,,80688.0
A,CATBOOST,FG036,FG036,Liquid Wash,36713.50318478857,7557.0,44271.0,80985.0,,80985.0
A,CATBOOST,FG037,FG037,Liquid Wash,18597.066807440468,4911.0,23508.0,42105.0,,42105.0
A,CATBOOST,FG038,FG038,Liquid Wash,32054.930081684208,7018.0,39073.0,71128.0,,71128.0
A,CATBOOST,FG039,FG039,Liquid Wash,15244.255993286744,4207.0,19451.0,34695.0,,34695.0
A,CATBOOST,FG040,FG040,Liquid Wash,20318.123307144862,5301.0,25619.0,45937.0,,45937.0
A,CATBOOST,FG041,FG041,Liquid Wash,14271.165329694884,2849.0,17120.0,31391.0,,31391.0
A,CATBOOST,FG042,FG042,Liquid Wash,23152.144615313016,6808.0,29960.0,53112.0,,53112.0
A,CATBOOST,FG043,FG043,Liquid Wash,35345.409322944026,7011.0,42356.0,77701.0,,77701.0
A,CATBOOST,FG044,FG044,Diaper,42068.31187249875,6117.0,48185.0,90253.0,,90253.0
A,CATBOOST,FG045,FG045,Diaper,64567.388012647774,10831.0,75398.0,139965.0,,139965.0
A,CATBOOST,FG046,FG046,Diaper,59485.27046487961,7857.0,67342.0,126827.0,,126827.0
A,CATBOOST,FG047,FG047,Diaper,17890.690937331143,2451.0,20342.0,38233.0,,38233.0
A,CATBOOST,FG048,FG048,Diaper,31491.499345275963,5641.0,37132.0,68623.0,,68623.0
A,CATBOOST,FG049,FG049,Diaper,57670.72028698611,11568.0,69239.0,126910.0,,126910.0
A,CATBOOST,FG050,FG050,Diaper,22591.02725195803,3760.0,26351.0,48942.0,,48942.0
A,CATBOOST,FG051,FG051,Diaper,18483.1980803878,3109.0,21592.0,40075.0,,40075.0
A,CATBOOST,FG052,FG052,Diaper,59407.20048865417,9506.0,68913.0,128320.0,,128320.0
A,CATBOOST,FG053,FG053,Diaper,47444.78868714878,10509.0,57954.0,105399.0,,105399.0
A,CATBOOST,FG054,FG054,Diaper,60382.73264387807,8546.0,68929.0,129312.0,,129312.0
A,CATBOOST,FG055,FG055,Diaper,16591.75961824917,2560.0,19152.0,35744.0,,35744.0
A,CATBOOST,FG056,FG056,Sanitary,29746.893892160668,3447.0,33194.0,62941.0,,62941.0
A,CATBOOST,FG057,FG057,Sanitary,33067.96057238419,4852.0,37920.0,70988.0,,70988.0
A,CATBOOST,FG058,FG058,Sanitary,43664.58522606518,7591.0,51256.0,94921.0,,94921.0
A,CATBOOST,FG059,FG059,Sanitary,15862.260434095702,2688.0,18550.0,34412.0,,34412.0
A,CATBOOST,FG060,FG060,Sanitary,36971.01632589286,4728.0,41699.0,78670.0,,78670.0
A,CATBOOST,FG061,FG061,Sanitary,18721.719091518153,2643.0,21365.0,40087.0,,40087.0
A,CATBOOST,FG062,FG062,Sanitary,17698.973632939917,2717.0,20416.0,38115.0,,38115.0
A,CATBOOST,FG063,FG063,Sanitary,44633.34172069674,5333.0,49966.0,94599.0,,94599.0
A,CATBOOST,FG064,FG064,Lotion/Cream,20836.718925411027,5822.0,26659.0,47496.0,,47496.0
A,CATBOOST,FG065,FG065,Lotion/Cream,29210.987715603253,7177.0,36388.0,65599.0,,65599.0
A,CATBOOST,FG066,FG066,Lotion/Cream,10952.464480925824,2842.0,13794.0,24746.0,,24746.0
A,CATBOOST,FG067,FG067,Lotion/Cream,28472.10551284283,5107.0,33579.0,62051.0,,62051.0
A,CATBOOST,FG068,FG068,Lotion/Cream,18128.07766368586,4668.0,22796.0,40924.0,,40924.0
A,CATBOOST,FG069,FG069,Lotion/Cream,27048.748445776888,8670.0,35719.0,62768.0,,62768.0
A,CATBOOST,FG070,FG070,Lotion/Cream,22581.292117788093,6339.0,28920.0,51501.0,,51501.0
A,CATBOOST,FG071,FG071,Lotion/Cream,20010.496895319928,4915.0,24925.0,44935.0,,44935.0
A,CATBOOST,FG072,FG072,Lotion/Cream,7270.262752021696,1945.0,9215.0,16485.0,,16485.0
A,CATBOOST,FG073,FG073,Lotion/Cream,25761.245000300503,5945.0,31706.0,57467.0,,57467.0
A,CATBOOST,FG074,FG074,Lotion/Cream,6577.481553213424,2027.0,8604.0,15181.0,,15181.0
A,CATBOOST,FG075,FG075,Lotion/Cream,7483.1273753263,2061.0,9544.0,17027.0,,17027.0
A,CATBOOST,FG076,FG076,Talc,5447.455520962756,1902.0,7349.0,12796.0,,12796.0
A,CATBOOST,FG077,FG077,Talc,20371.755299541,4903.0,25275.0,45647.0,,45647.0
A,CATBOOST,FG078,FG078,Talc,9155.583593737449,3119.0,12275.0,21431.0,,21431.0
A,CATBOOST,FG079,FG079,Talc,17924.180296332917,4669.0,22593.0,40517.0,,40517.0
A,CATBOOST,FG080,FG080,Talc,23477.903001558963,5641.0,29119.0,52597.0,,52597.0
A,CATBOOST,FG081,FG081,Talc,5431.676670180214,2126.0,7558.0,12990.0,,12990.0
A,CATBOOST,FG082,FG082,Home Care,33643.434319399144,9839.0,43482.0,77125.0,,77125.0
A,CATBOOST,FG083,FG083,Home Care,29303.441929985725,6817.0,36120.0,65423.0,,65423.0
A,CATBOOST,FG084,FG084,Home Care,25189.352662460577,4710.0,29899.0,55088.0,,55088.0
A,CATBOOST,FG085,FG085,Home Care,8604.361374787111,2012.0,10616.0,19220.0,,19220.0
A,CATBOOST,FG086,FG086,Home Care,15501.583197386615,3405.0,18907.0,34409.0,,34409.0
A,CATBOOST,FG087,FG087,Home Care,33235.0818886357,7378.0,40613.0,73848.0,,73848.0
A,CATBOOST,FG088,FG088,Home Care,27471.19079288979,6744.0,34215.0,61686.0,,61686.0
A,CATBOOST,FG089,FG089,Home Care,18432.214667972705,5269.0,23701.0,42133.0,,42133.0
A,CATBOOST,FG090,FG090,Home Care,12103.039701925773,3270.0,15373.0,27476.0,,27476.0
A,CATBOOST,FG091,FG091,Home Care,23705.87162703176,6349.0,30055.0,53761.0,,53761.0
A,CATBOOST,FG092,FG092,Baby Care,17362.626549012457,3641.0,21004.0,38367.0,,38367.0
A,CATBOOST,FG093,FG093,Baby Care,7161.7584800490395,2095.0,9257.0,16419.0,,16419.0
A,CATBOOST,FG094,FG094,Baby Care,10330.911194832266,3110.0,13441.0,23772.0,,23772.0
A,CATBOOST,FG095,FG095,Baby Care,19904.28017855048,4526.0,24430.0,44334.0,,44334.0
A,CATBOOST,FG096,FG096,Baby Care,5954.766942340215,1638.0,7593.0,13548.0,,13548.0
A,CATBOOST,FG097,FG097,Baby Care,8480.44951023164,1945.0,10425.0,18905.0,,18905.0
A,CATBOOST,FG098,FG098,Baby Care,9387.074002977715,1971.0,11358.0,20745.0,,20745.0
A,CATBOOST,FG099,FG099,Combo,7177.344847308046,3829.0,11006.0,18183.0,,18183.0
A,CATBOOST,FG100,FG100,Combo,5201.28509252645,2157.0,7358.0,12559.0,,12559.0
A,CATBOOST,FG101,FG101,Combo,6541.4900312204945,3355.0,9896.0,16437.0,,16437.0
A,CATBOOST,FG102,FG102,Combo,5980.324426236184,3117.0,9097.0,15077.0,,15077.0
A,CATBOOST,FG103,FG103,Combo,5063.012523169188,2290.0,7353.0,12416.0,,12416.0
A,XGBOOST,FG001,FG001,Soap,25677.01291232639,7360.0,33037.0,58714.0,,58714.0
A,XGBOOST,FG002,FG002,Soap,45433.60112847222,13430.0,58864.0,104298.0,,104298.0
A,XGBOOST,FG003,FG003,Soap,77357.80208333333,17625.0,94983.0,172341.0,,172341.0
A,XGBOOST,FG004,FG004,Soap,45993.683702256945,13584.0,59578.0,105572.0,,105572.0
A,XGBOOST,FG005,FG005,Soap,37724.203776041664,10268.0,47992.0,85716.0,,85716.0
A,XGBOOST,FG006,FG006,Soap,66141.74848090278,18283.0,84425.0,150567.0,,150567.0
A,XGBOOST,FG007,FG007,Soap,43624.483289930555,9657.0,53281.0,96905.0,,96905.0
A,XGBOOST,FG008,FG008,Soap,38998.25043402778,7394.0,46392.0,85390.0,,85390.0
A,XGBOOST,FG009,FG009,Soap,32932.151746961805,6287.0,39219.0,72151.0,,72151.0
A,XGBOOST,FG010,FG010,Soap,76477.17491319444,13759.0,90236.0,166713.0,,166713.0
A,XGBOOST,FG011,FG011,Soap,57035.82063802083,15392.0,72428.0,129464.0,,129464.0
A,XGBOOST,FG012,FG012,Soap,34417.240885416664,5876.0,40293.0,74710.0,,74710.0
A,XGBOOST,FG013,FG013,Soap,75367.33550347222,20300.0,95667.0,171034.0,,171034.0
A,XGBOOST,FG014,FG014,Soap,48737.37619357639,15194.0,63931.0,112668.0,,112668.0
A,XGBOOST,FG015,FG015,Soap,56890.638563368055,17205.0,74096.0,130987.0,,130987.0
A,XGBOOST,FG016,FG016,Shampoo,22419.875379774305,6294.0,28714.0,51134.0,,51134.0
A,XGBOOST,FG017,FG017,Shampoo,30689.719184027777,9502.0,40192.0,70882.0,,70882.0
A,XGBOOST,FG018,FG018,Shampoo,31902.643012152777,8201.0,40104.0,72007.0,,72007.0
A,XGBOOST,FG019,FG019,Shampoo,49604.73784722222,13818.0,63423.0,113028.0,,113028.0
A,XGBOOST,FG020,FG020,Shampoo,41235.08930121528,13218.0,54453.0,95688.0,,95688.0
A,XGBOOST,FG021,FG021,Shampoo,33603.60112847222,9181.0,42785.0,76389.0,,76389.0
A,XGBOOST,FG022,FG022,Shampoo,45314.253797743055,8215.0,53529.0,98843.0,,98843.0
A,XGBOOST,FG023,FG023,Shampoo,37907.77419704861,7670.0,45578.0,83486.0,,83486.0
A,XGBOOST,FG024,FG024,Shampoo,32776.648057725695,9864.0,42641.0,75418.0,,75418.0
A,XGBOOST,FG025,FG025,Shampoo,21562.853190104168,5857.0,27420.0,48983.0,,48983.0
A,XGBOOST,FG026,FG026,Shampoo,33705.95453559028,10696.0,44402.0,78108.0,,78108.0
A,XGBOOST,FG027,FG027,Shampoo,42058.744791666664,11458.0,53517.0,95576.0,,95576.0
A,XGBOOST,FG028,FG028,Shampoo,31760.97287326389,9840.0,41601.0,73362.0,,73362.0
A,XGBOOST,FG029,FG029,Shampoo,16987.59597439236,4955.0,21943.0,38931.0,,38931.0
A,XGBOOST,FG030,FG030,Shampoo,37932.332139756945,8847.0,46779.0,84711.0,,84711.0
A,XGBOOST,FG031,FG031,Shampoo,58564.56488715278,18141.0,76706.0,135271.0,,135271.0
A,XGBOOST,FG032,FG032,Shampoo,16025.76101345486,4130.0,20156.0,36182.0,,36182.0
A,XGBOOST,FG033,FG033,Shampoo,42228.14605034722,11385.0,53613.0,95841.0,,95841.0
A,XGBOOST,FG034,FG034,Liquid Wash,39657.02886284722,9641.0,49298.0,88955.0,,88955.0
A,XGBOOST,FG035,FG035,Liquid Wash,36472.07204861111,10327.0,46799.0,83271.0,,83271.0
A,XGBOOST,FG036,FG036,Liquid Wash,37563.46148003472,8086.0,45649.0,83212.0,,83212.0
A,XGBOOST,FG037,FG037,Liquid Wash,18339.40842013889,4831.0,23170.0,41509.0,,41509.0
A,XGBOOST,FG038,FG038,Liquid Wash,32697.76416015625,7264.0,39962.0,72660.0,,72660.0
A,XGBOOST,FG039,FG039,Liquid Wash,14609.117621527776,4253.0,18862.0,33471.0,,33471.0
A,XGBOOST,FG040,FG040,Liquid Wash,19493.54465060764,5315.0,24809.0,44303.0,,44303.0
A,XGBOOST,FG041,FG041,Liquid Wash,14433.00642903646,3284.0,17717.0,32150.0,,32150.0
A,XGBOOST,FG042,FG042,Liquid Wash,22313.00439453125,7389.0,29702.0,52015.0,,52015.0
A,XGBOOST,FG043,FG043,Liquid Wash,36834.168619791664,7568.0,44402.0,81236.0,,81236.0
A,XGBOOST,FG044,FG044,Diaper,43566.71256510416,6498.0,50065.0,93632.0,,93632.0
A,XGBOOST,FG045,FG045,Diaper,66864.96006944444,12193.0,79058.0,145923.0,,145923.0
A,XGBOOST,FG046,FG046,Diaper,61141.93793402778,8070.0,69212.0,130354.0,,130354.0
A,XGBOOST,FG047,FG047,Diaper,17763.9853515625,2619.0,20383.0,38147.0,,38147.0
A,XGBOOST,FG048,FG048,Diaper,32090.62087673611,5976.0,38067.0,70158.0,,70158.0
A,XGBOOST,FG049,FG049,Diaper,58010.28493923611,11926.0,69936.0,127946.0,,127946.0
A,XGBOOST,FG050,FG050,Diaper,22423.997938368055,3873.0,26297.0,48721.0,,48721.0
A,XGBOOST,FG051,FG051,Diaper,18324.306206597223,3200.0,21524.0,39848.0,,39848.0
A,XGBOOST,FG052,FG052,Diaper,59844.980360243055,10560.0,70405.0,130250.0,,130250.0
A,XGBOOST,FG053,FG053,Diaper,48036.347764756945,12589.0,60625.0,108661.0,,108661.0
A,XGBOOST,FG054,FG054,Diaper,60716.33159722222,8922.0,69638.0,130354.0,,130354.0
A,XGBOOST,FG055,FG055,Diaper,16184.467963324652,2634.0,18818.0,35002.0,,35002.0
A,XGBOOST,FG056,FG056,Sanitary,30659.834635416668,4177.0,34837.0,65497.0,,65497.0
A,XGBOOST,FG057,FG057,Sanitary,33264.463053385414,5061.0,38325.0,71589.0,,71589.0
A,XGBOOST,FG058,FG058,Sanitary,44276.718858506945,9186.0,53463.0,97740.0,,97740.0
A,XGBOOST,FG059,FG059,Sanitary,16089.055908203123,2701.0,18790.0,34879.0,,34879.0
A,XGBOOST,FG060,FG060,Sanitary,37838.54123263889,4954.0,42793.0,80632.0,,80632.0
A,XGBOOST,FG061,FG061,Sanitary,18896.57199435764,2550.0,21447.0,40344.0,,40344.0
A,XGBOOST,FG062,FG062,Sanitary,18022.20871310764,2670.0,20692.0,38714.0,,38714.0
A,XGBOOST,FG063,FG063,Sanitary,44548.65874565972,6341.0,50890.0,95439.0,,95439.0
A,XGBOOST,FG064,FG064,Lotion/Cream,20503.27620442708,5423.0,25926.0,46429.0,,46429.0
A,XGBOOST,FG065,FG065,Lotion/Cream,30492.71847873264,7289.0,37782.0,68275.0,,68275.0
A,XGBOOST,FG066,FG066,Lotion/Cream,10713.326009114584,3257.0,13970.0,24683.0,,24683.0
A,XGBOOST,FG067,FG067,Lotion/Cream,29513.40798611111,5078.0,34591.0,64104.0,,64104.0
A,XGBOOST,FG068,FG068,Lotion/Cream,17518.922770182293,4624.0,22143.0,39662.0,,39662.0
A,XGBOOST,FG069,FG069,Lotion/Cream,27854.279839409723,8853.0,36707.0,64561.0,,64561.0
A,XGBOOST,FG070,FG070,Lotion/Cream,22698.29421657986,6516.0,29214.0,51912.0,,51912.0
A,XGBOOST,FG071,FG071,Lotion/Cream,19472.61355251736,5027.0,24500.0,43973.0,,43973.0
A,XGBOOST,FG072,FG072,Lotion/Cream,6666.0678304036455,1849.0,8515.0,15181.0,,15181.0
A,XGBOOST,FG073,FG073,Lotion/Cream,28002.77029079861,6731.0,34734.0,62737.0,,62737.0
A,XGBOOST,FG074,FG074,Lotion/Cream,6197.824869791667,1845.0,8043.0,14241.0,,14241.0
A,XGBOOST,FG075,FG075,Lotion/Cream,7092.46965874566,1960.0,9052.0,16144.0,,16144.0
A,XGBOOST,FG076,FG076,Talc,4946.021430121527,1528.0,6474.0,11420.0,,11420.0
A,XGBOOST,FG077,FG077,Talc,20872.31722005208,4957.0,25829.0,46701.0,,46701.0
A,XGBOOST,FG078,FG078,Talc,8716.465983072916,3080.0,11796.0,20512.0,,20512.0
A,XGBOOST,FG079,FG079,Talc,17796.23193359375,4343.0,22139.0,39935.0,,39935.0
A,XGBOOST,FG080,FG080,Talc,24077.53835720486,5983.0,30061.0,54139.0,,54139.0
A,XGBOOST,FG081,FG081,Talc,5232.625840928819,1802.0,7035.0,12268.0,,12268.0
A,XGBOOST,FG082,FG082,Home Care,34562.658528645836,10697.0,45260.0,79823.0,,79823.0
A,XGBOOST,FG083,FG083,Home Care,30793.472547743055,7455.0,38248.0,69041.0,,69041.0
A,XGBOOST,FG084,FG084,Home Care,26002.553765190973,5891.0,31894.0,57897.0,,57897.0
A,XGBOOST,FG085,FG085,Home Care,7573.265218098958,1966.0,9539.0,17112.0,,17112.0
A,XGBOOST,FG086,FG086,Home Care,15736.438557942707,3485.0,19221.0,34957.0,,34957.0
A,XGBOOST,FG087,FG087,Home Care,34685.045735677086,8009.0,42694.0,77379.0,,77379.0
A,XGBOOST,FG088,FG088,Home Care,28781.33056640625,7378.0,36159.0,64940.0,,64940.0
A,XGBOOST,FG089,FG089,Home Care,18369.9680718316,4977.0,23347.0,41717.0,,41717.0
A,XGBOOST,FG090,FG090,Home Care,12713.18386501736,3276.0,15989.0,28702.0,,28702.0
A,XGBOOST,FG091,FG091,Home Care,23647.42106119792,6836.0,30483.0,54130.0,,54130.0
A,XGBOOST,FG092,FG092,Baby Care,17319.80197482639,3544.0,20864.0,38184.0,,38184.0
A,XGBOOST,FG093,FG093,Baby Care,7290.505777994792,1861.0,9152.0,16443.0,,16443.0
A,XGBOOST,FG094,FG094,Baby Care,9841.484849717885,3400.0,13241.0,23082.0,,23082.0
A,XGBOOST,FG095,FG095,Baby Care,19634.756184895832,4495.0,24130.0,43765.0,,43765.0
A,XGBOOST,FG096,FG096,Baby Care,5648.414849175348,1504.0,7152.0,12800.0,,12800.0
A,XGBOOST,FG097,FG097,Baby Care,8364.64752875434,1839.0,10204.0,18569.0,,18569.0
A,XGBOOST,FG098,FG098,Baby Care,9412.860473632812,2273.0,11686.0,21099.0,,21099.0
A,XGBOOST,FG099,FG099,Combo,6568.114095052083,3474.0,10042.0,16610.0,,16610.0
A,XGBOOST,FG100,FG100,Combo,4116.51314968533,1784.0,5901.0,10018.0,,10018.0
A,XGBOOST,FG101,FG101,Combo,5152.664211697049,2964.0,8117.0,13270.0,,13270.0
A,XGBOOST,FG102,FG102,Combo,4750.589938693576,2949.0,7700.0,12451.0,,12451.0
A,XGBOOST,FG103,FG103,Combo,4068.854641384549,1801.0,5870.0,9939.0,,9939.0
B,CATBOOST,FG001,FG001,Soap,26483.899817417856,4959.0,17318.0,43802.0,59381.0,0.0
B,CATBOOST,FG002,FG002,Soap,45655.88256297114,11448.0,55582.0,101238.0,74976.0,26262.0
B,CATBOOST,FG003,FG003,Soap,73898.39380611244,17252.0,86224.0,160122.0,186247.0,0.0
B,CATBOOST,FG004,FG004,Soap,46815.91671160169,11353.0,47245.0,94061.0,106304.0,0.0
B,CATBOOST,FG005,FG005,Soap,35652.56893547244,8588.0,35922.0,71575.0,80133.0,0.0
B,CATBOOST,FG006,FG006,Soap,63573.4900428749,18776.0,95064.0,158637.0,93012.0,65625.0
B,CATBOOST,FG007,FG007,Soap,42319.2363871178,7311.0,31292.0,73611.0,125905.0,0.0
B,CATBOOST,FG008,FG008,Soap,37638.708730826824,7263.0,46156.0,83795.0,67135.0,16660.0
B,CATBOOST,FG009,FG009,Soap,32513.79753971854,4521.0,25113.0,57627.0,39970.0,17657.0
B,CATBOOST,FG010,FG010,Soap,71513.24856584273,9109.0,40098.0,111611.0,159730.0,0.0
B,CATBOOST,FG011,FG011,Soap,56351.19613696405,13876.0,60835.0,117186.0,109274.0,7912.0
B,CATBOOST,FG012,FG012,Soap,34159.25941353096,6452.0,48582.0,82741.0,75757.0,6984.0
B,CATBOOST,FG013,FG013,Soap,71572.9518367339,21074.0,95033.0,166606.0,218380.0,0.0
B,CATBOOST,FG014,FG014,Soap,49437.55553799808,12948.0,60738.0,110176.0,103769.0,6407.0
B,CATBOOST,FG015,FG015,Soap,58095.234375602944,16177.0,76209.0,134304.0,151466.0,0.0
B,CATBOOST,FG016,FG016,Shampoo,23232.866782561876,6374.0,31930.0,55163.0,35879.0,19284.0
B,CATBOOST,FG017,FG017,Shampoo,31745.450656697896,8058.0,30280.0,62025.0,51554.0,10471.0
B,CATBOOST,FG018,FG018,Shampoo,30701.935359153853,5598.0,19926.0,50628.0,51867.0,0.0
B,CATBOOST,FG019,FG019,Shampoo,49459.75461979939,13340.0,67746.0,117206.0,133923.0,0.0
B,CATBOOST,FG020,FG020,Shampoo,40548.460331859016,12216.0,46006.0,86554.0,86037.0,517.0
B,CATBOOST,FG021,FG021,Shampoo,33906.25429930677,7251.0,33246.0,67152.0,41660.0,25492.0
B,CATBOOST,FG022,FG022,Shampoo,44542.05830649795,7066.0,38245.0,82787.0,76913.0,5874.0
B,CATBOOST,FG023,FG023,Shampoo,35840.05207450159,5500.0,24615.0,60455.0,108867.0,0.0
B,CATBOOST,FG024,FG024,Shampoo,33030.9838669841,10462.0,46796.0,79827.0,103552.0,0.0
B,CATBOOST,FG025,FG025,Shampoo,22012.448777417652,6154.0,29634.0,51646.0,49256.0,2390.0
B,CATBOOST,FG026,FG026,Shampoo,34000.22723608345,9566.0,43566.0,77566.0,91327.0,0.0
B,CATBOOST,FG027,FG027,Shampoo,43796.698300067015,9439.0,41557.0,85354.0,115895.0,0.0
B,CATBOOST,FG028,FG028,Shampoo,31968.506467756713,10010.0,44110.0,76079.0,75262.0,817.0
B,CATBOOST,FG029,FG029,Shampoo,17523.984318178773,4640.0,19243.0,36767.0,34940.0,1827.0
B,CATBOOST,FG030,FG030,Shampoo,38188.376057229994,6800.0,36078.0,74266.0,95375.0,0.0
B,CATBOOST,FG031,FG031,Shampoo,57736.80688008558,13404.0,51895.0,109632.0,122384.0,0.0
B,CATBOOST,FG032,FG032,Shampoo,16082.029607322267,3058.0,11099.0,27181.0,31110.0,0.0
B,CATBOOST,FG033,FG033,Shampoo,41665.45721785337,7768.0,27212.0,68877.0,68173.0,704.0
B,CATBOOST,FG034,FG034,Liquid Wash,39934.88230661062,8528.0,44469.0,84404.0,122515.0,0.0
B,CATBOOST,FG035,FG035,Liquid Wash,34899.67841155672,10834.0,50387.0,85287.0,60912.0,24375.0
B,CATBOOST,FG036,FG036,Liquid Wash,36420.15841406346,5289.0,22285.0,58705.0,104800.0,0.0
B,CATBOOST,FG037,FG037,Liquid Wash,18561.609028389805,5044.0,24843.0,43405.0,34512.0,8893.0
B,CATBOOST,FG038,FG038,Liquid Wash,31622.582907346536,7777.0,45724.0,77347.0,54765.0,22582.0
B,CATBOOST,FG039,FG039,Liquid Wash,15753.255559268702,3222.0,11099.0,26852.0,30903.0,0.0
B,CATBOOST,FG040,FG040,Liquid Wash,20416.915426985342,4992.0,23367.0,43784.0,25648.0,18136.0
B,CATBOOST,FG041,FG041,Liquid Wash,13823.023325248048,2244.0,9616.0,23439.0,22861.0,578.0
B,CATBOOST,FG042,FG042,Liquid Wash,22841.352543112684,6562.0,27881.0,50722.0,48592.0,2130.0
B,CATBOOST,FG043,FG043,Liquid Wash,35855.351527717845,7297.0,46738.0,82593.0,83325.0,0.0
B,CATBOOST,FG044,FG044,Diaper,41792.81083402774,5159.0,34414.0,76207.0,51462.0,24745.0
B,CATBOOST,FG045,FG045,Diaper,63575.892552697245,7030.0,32460.0,96036.0,94908.0,1128.0
B,CATBOOST,FG046,FG046,Diaper,58742.91181430829,9316.0,77849.0,136592.0,148277.0,0.0
B,CATBOOST,FG047,FG047,Diaper,18211.614054899735,2304.0,15659.0,33871.0,44974.0,0.0
B,CATBOOST,FG048,FG048,Diaper,31532.56000503295,6086.0,42874.0,74407.0,53907.0,20500.0
B,CATBOOST,FG049,FG049,Diaper,57604.0585176032,11685.0,65449.0,123053.0,85596.0,37457.0
B,CATBOOST,FG050,FG050,Diaper,21790.508039185457,4051.0,27294.0,49085.0,28784.0,20301.0
B,CATBOOST,FG051,FG051,Diaper,18376.97006701471,3229.0,20993.0,39370.0,31924.0,7446.0
B,CATBOOST,FG052,FG052,Diaper,59319.78858871354,8525.0,48072.0,107392.0,77005.0,30387.0
B,CATBOOST,FG053,FG053,Diaper,48118.084780905745,8469.0,40548.0,88666.0,127959.0,0.0
B,CATBOOST,FG054,FG054,Diaper,59223.73494503933,8146.0,55525.0,114749.0,95660.0,19089.0
B,CATBOOST,FG055,FG055,Diaper,16187.591144396238,2450.0,14321.0,30509.0,30746.0,0.0
B,CATBOOST,FG056,FG056,Sanitary,30464.695308658414,2130.0,13300.0,43765.0,67200.0,0.0
B,CATBOOST,FG057,FG057,Sanitary,33279.05024598402,4395.0,31018.0,64297.0,65918.0,0.0
B,CATBOOST,FG058,FG058,Sanitary,43823.94697374969,5612.0,27524.0,71348.0,66789.0,4559.0
B,CATBOOST,FG059,FG059,Sanitary,15693.263747117224,2662.0,17309.0,33002.0,39403.0,0.0
B,CATBOOST,FG060,FG060,Sanitary,36893.45893299451,5055.0,45638.0,82531.0,70819.0,11712.0
B,CATBOOST,FG061,FG061,Sanitary,19062.545825905538,2972.0,23941.0,43004.0,37922.0,5082.0
B,CATBOOST,FG062,FG062,Sanitary,17634.802895491863,2955.0,20002.0,37637.0,21543.0,16094.0
B,CATBOOST,FG063,FG063,Sanitary,44448.377831347745,4881.0,38958.0,83406.0,53520.0,29886.0
B,CATBOOST,FG064,FG064,Lotion/Cream,21407.356141331384,6690.0,34520.0,55927.0,45552.0,10375.0
B,CATBOOST,FG065,FG065,Lotion/Cream,28933.471029770564,6047.0,26300.0,55233.0,57052.0,0.0
B,CATBOOST,FG066,FG066,Lotion/Cream,10796.231642479575,2786.0,9983.0,20779.0,19013.0,1766.0
B,CATBOOST,FG067,FG067,Lotion/Cream,28238.39348418578,5636.0,40463.0,68701.0,54562.0,14139.0
B,CATBOOST,FG068,FG068,Lotion/Cream,18178.90856510999,3545.0,13846.0,32025.0,42867.0,0.0
B,CATBOOST,FG069,FG069,Lotion/Cream,27755.960877099507,5223.0,15400.0,43156.0,64041.0,0.0
B,CATBOOST,FG070,FG070,Lotion/Cream,22577.329475855782,5809.0,26129.0,48706.0,33029.0,15677.0
B,CATBOOST,FG071,FG071,Lotion/Cream,20551.399804123805,5496.0,30158.0,50709.0,47589.0,3120.0
B,CATBOOST,FG072,FG072,Lotion/Cream,7121.1112327944475,1631.0,5192.0,12313.0,8287.0,4026.0
B,CATBOOST,FG073,FG073,Lotion/Cream,25757.60268563821,5279.0,25026.0,50784.0,54306.0,0.0
B,CATBOOST,FG074,FG074,Lotion/Cream,6554.438735723646,1267.0,3889.0,10443.0,12521.0,0.0
B,CATBOOST,FG075,FG075,Lotion/Cream,7311.532976860083,2320.0,9144.0,16456.0,9611.0,6845.0
B,CATBOOST,FG076,FG076,Talc,5334.136197192019,1860.0,6127.0,11461.0,6733.0,4728.0
B,CATBOOST,FG077,FG077,Talc,19969.736358651884,4272.0,18916.0,38886.0,32844.0,6042.0
B,CATBOOST,FG078,FG078,Talc,9367.664851244524,2591.0,8212.0,17580.0,18826.0,0.0
B,CATBOOST,FG079,FG079,Talc,17762.0444123224,4245.0,18455.0,36217.0,35524.0,693.0
B,CATBOOST,FG080,FG080,Talc,23911.175348301265,4933.0,25656.0,49567.0,56857.0,0.0
B,CATBOOST,FG081,FG081,Talc,5884.232738782864,2590.0,9651.0,15535.0,10871.0,4664.0
B,CATBOOST,FG082,FG082,Home Care,34490.08315198246,8451.0,34893.0,69383.0,75426.0,0.0
B,CATBOOST,FG083,FG083,Home Care,29400.674526673527,4510.0,17250.0,46651.0,73863.0,0.0
B,CATBOOST,FG084,FG084,Home Care,25050.207627592248,4736.0,31456.0,56506.0,35036.0,21470.0
B,CATBOOST,FG085,FG085,Home Care,8360.409388342587,2564.0,9810.0,18170.0,9497.0,8673.0
B,CATBOOST,FG086,FG086,Home Care,15778.188823363053,3716.0,20546.0,36324.0,37803.0,0.0
B,CATBOOST,FG087,FG087,Home Care,33854.368257877824,4795.0,19465.0,53319.0,80288.0,0.0
B,CATBOOST,FG088,FG088,Home Care,27451.41095189794,5263.0,21734.0,49185.0,48669.0,516.0
B,CATBOOST,FG089,FG089,Home Care,18382.908821554665,5086.0,23469.0,41852.0,39212.0,2640.0
B,CATBOOST,FG090,FG090,Home Care,12136.960095477056,3573.0,16924.0,29061.0,25529.0,3532.0
B,CATBOOST,FG091,FG091,Home Care,24465.819773002717,5740.0,25313.0,49779.0,59119.0,0.0
B,CATBOOST,FG092,FG092,Baby Care,17295.21471566412,3990.0,23591.0,40886.0,32214.0,8672.0
B,CATBOOST,FG093,FG093,Baby Care,7091.005873305282,2413.0,10449.0,17540.0,15746.0,1794.0
B,CATBOOST,FG094,FG094,Baby Care,10020.95102706654,2769.0,9784.0,19805.0,19247.0,558.0
B,CATBOOST,FG095,FG095,Baby Care,19677.353663755515,4865.0,29134.0,48811.0,32005.0,16806.0
B,CATBOOST,FG096,FG096,Baby Care,5916.227784622217,1581.0,4539.0,10455.0,11941.0,0.0
B,CATBOOST,FG097,FG097,Baby Care,8717.047340047182,1832.0,6481.0,15198.0,18788.0,0.0
B,CATBOOST,FG098,FG098,Baby Care,9358.51259686625,2296.0,10719.0,20078.0,17167.0,2911.0
B,CATBOOST,FG099,FG099,Combo,6854.6827865238665,3642.0,9583.0,16438.0,15011.0,1427.0
B,CATBOOST,FG100,FG100,Combo,5405.635827173906,1761.0,4103.0,9509.0,6159.0,3350.0
B,CATBOOST,FG101,FG101,Combo,6162.459630998417,4015.0,10794.0,16956.0,13119.0,3837.0
B,CATBOOST,FG102,FG102,Combo,5863.093517610965,2587.0,5909.0,11772.0,18434.0,0.0
B,CATBOOST,FG103,FG103,Combo,5003.58324524244,2594.0,7764.0,12768.0,7116.0,5652.0
B,XGBOOST,FG001,FG001,Soap,26263.254286024305,5054.0,17310.0,43573.0,59381.0,0.0
B,XGBOOST,FG002,FG002,Soap,45433.55815972222,13200.0,57119.0,102553.0,74976.0,27577.0
B,XGBOOST,FG003,FG003,Soap,76841.70920138889,17082.0,88801.0,165643.0,186247.0,0.0
B,XGBOOST,FG004,FG004,Soap,46127.3505859375,12180.0,47544.0,93671.0,106304.0,0.0
B,XGBOOST,FG005,FG005,Soap,37646.099717881945,8813.0,37675.0,75321.0,80133.0,0.0
B,XGBOOST,FG006,FG006,Soap,64843.054796006945,19401.0,97213.0,162056.0,93012.0,69044.0
B,XGBOOST,FG007,FG007,Soap,43903.563151041664,7128.0,32007.0,75911.0,125905.0,0.0
B,XGBOOST,FG008,FG008,Soap,38719.73491753472,6942.0,46952.0,85672.0,67135.0,18537.0
B,XGBOOST,FG009,FG009,Soap,32450.091471354168,4924.0,25476.0,57926.0,39970.0,17956.0
B,XGBOOST,FG010,FG010,Soap,75632.26171875,9193.0,41967.0,117599.0,159730.0,0.0
B,XGBOOST,FG011,FG011,Soap,56370.490342881945,14246.0,61221.0,117591.0,109274.0,8317.0
B,XGBOOST,FG012,FG012,Soap,34668.230794270836,6361.0,49118.0,83786.0,75757.0,8029.0
B,XGBOOST,FG013,FG013,Soap,74683.33311631944,20966.0,98139.0,172822.0,218380.0,0.0
B,XGBOOST,FG014,FG014,Soap,48210.107530381945,14279.0,60882.0,109092.0,103769.0,5323.0
B,XGBOOST,FG015,FG015,Soap,56400.106770833336,16661.0,74941.0,131341.0,151466.0,0.0
B,XGBOOST,FG016,FG016,Shampoo,22416.16910807292,6410.0,31068.0,53484.0,35879.0,17605.0
B,XGBOOST,FG017,FG017,Shampoo,30752.718695746527,7956.0,29483.0,60236.0,51554.0,8682.0
B,XGBOOST,FG018,FG018,Shampoo,31326.429796006945,5677.0,20296.0,51622.0,51867.0,0.0
B,XGBOOST,FG019,FG019,Shampoo,48522.57541232639,14186.0,67561.0,116084.0,133923.0,0.0
B,XGBOOST,FG020,FG020,Shampoo,41942.20583767361,11917.0,46869.0,88811.0,86037.0,2774.0
B,XGBOOST,FG021,FG021,Shampoo,33602.182725694445,7957.0,33719.0,67321.0,41660.0,25661.0
B,XGBOOST,FG022,FG022,Shampoo,45611.52007378472,6803.0,38731.0,84343.0,76913.0,7430.0
B,XGBOOST,FG023,FG023,Shampoo,37424.00775824653,5561.0,25520.0,62944.0,108867.0,0.0
B,XGBOOST,FG024,FG024,Shampoo,32778.02392578125,10376.0,46432.0,79210.0,103552.0,0.0
B,XGBOOST,FG025,FG025,Shampoo,21612.797037760414,6023.0,29077.0,50690.0,49256.0,1434.0
B,XGBOOST,FG026,FG026,Shampoo,34061.24457465278,10258.0,44319.0,78380.0,91327.0,0.0
B,XGBOOST,FG027,FG027,Shampoo,42405.438585069445,9759.0,40856.0,83261.0,115895.0,0.0
B,XGBOOST,FG028,FG028,Shampoo,31964.32568359375,9969.0,44064.0,76028.0,75262.0,766.0
B,XGBOOST,FG029,FG029,Shampoo,17033.236436631945,4555.0,18749.0,35782.0,34940.0,842.0
B,XGBOOST,FG030,FG030,Shampoo,38066.41351996528,7600.0,36784.0,74850.0,95375.0,0.0
B,XGBOOST,FG031,FG031,Shampoo,59152.28851996528,14263.0,53698.0,112850.0,122384.0,0.0
B,XGBOOST,FG032,FG032,Shampoo,16245.16357421875,2933.0,11056.0,27301.0,31110.0,0.0
B,XGBOOST,FG033,FG033,Shampoo,42613.70920138889,7667.0,27553.0,70167.0,68173.0,1994.0
B,XGBOOST,FG034,FG034,Liquid Wash,40538.705078125,8850.0,45335.0,85874.0,122515.0,0.0
B,XGBOOST,FG035,FG035,Liquid Wash,36288.205729166664,10835.0,51962.0,88250.0,60912.0,27338.0
B,XGBOOST,FG036,FG036,Liquid Wash,37660.95073784722,5473.0,23048.0,60709.0,104800.0,0.0
B,XGBOOST,FG037,FG037,Liquid Wash,18166.185980902777,4955.0,24332.0,42498.0,34512.0,7986.0
B,XGBOOST,FG038,FG038,Liquid Wash,31786.80029296875,7971.0,46115.0,77902.0,54765.0,23137.0
B,XGBOOST,FG039,FG039,Liquid Wash,14537.56019422743,3032.0,10301.0,24839.0,30903.0,0.0
B,XGBOOST,FG040,FG040,Liquid Wash,19220.310546875,5146.0,22444.0,41664.0,25648.0,16016.0
B,XGBOOST,FG041,FG041,Liquid Wash,14553.767035590276,2296.0,10058.0,24612.0,22861.0,1751.0
B,XGBOOST,FG042,FG042,Liquid Wash,22125.231987847223,7030.0,27680.0,49805.0,48592.0,1213.0
B,XGBOOST,FG043,FG043,Liquid Wash,36433.32687717014,7931.0,48008.0,84441.0,83325.0,1116.0
B,XGBOOST,FG044,FG044,Diaper,43389.015516493055,5304.0,35676.0,79065.0,51462.0,27603.0
B,XGBOOST,FG045,FG045,Diaper,66669.78114149306,7542.0,34210.0,100880.0,94908.0,5972.0
B,XGBOOST,FG046,FG046,Diaper,61003.15863715278,9059.0,80229.0,141232.0,148277.0,0.0
B,XGBOOST,FG047,FG047,Diaper,17888.834933810766,2203.0,15321.0,33210.0,44974.0,0.0
B,XGBOOST,FG048,FG048,Diaper,31630.638129340277,6317.0,43219.0,74850.0,53907.0,20943.0
B,XGBOOST,FG049,FG049,Diaper,58372.1484375,11298.0,65779.0,124151.0,85596.0,38555.0
B,XGBOOST,FG050,FG050,Diaper,22431.326497395832,4177.0,28104.0,50535.0,28784.0,21751.0
B,XGBOOST,FG051,FG051,Diaper,18495.414008246527,3153.0,21032.0,39527.0,31924.0,7603.0
B,XGBOOST,FG052,FG052,Diaper,59581.6015625,8575.0,48296.0,107878.0,77005.0,30873.0
B,XGBOOST,FG053,FG053,Diaper,47821.15787760416,10097.0,41978.0,89799.0,127959.0,0.0
B,XGBOOST,FG054,FG054,Diaper,61326.9482421875,8228.0,57290.0,118617.0,95660.0,22957.0
B,XGBOOST,FG055,FG055,Diaper,16251.21763780382,2180.0,14098.0,30349.0,30746.0,0.0
B,XGBOOST,FG056,FG056,Sanitary,30555.498969184027,2468.0,13672.0,44227.0,67200.0,0.0
B,XGBOOST,FG057,FG057,Sanitary,32472.254286024305,4768.0,30746.0,63218.0,65918.0,0.0
B,XGBOOST,FG058,FG058,Sanitary,44671.76410590278,6235.0,28571.0,73243.0,66789.0,6454.0
B,XGBOOST,FG059,FG059,Sanitary,16077.59836154514,2594.0,17600.0,33678.0,39403.0,0.0
B,XGBOOST,FG060,FG060,Sanitary,37371.601671006945,5176.0,46285.0,83657.0,70819.0,12838.0
B,XGBOOST,FG061,FG061,Sanitary,18897.28000217014,2717.0,23504.0,42401.0,37922.0,4479.0
B,XGBOOST,FG062,FG062,Sanitary,17810.85812717014,2625.0,19842.0,37653.0,21543.0,16110.0
B,XGBOOST,FG063,FG063,Sanitary,45262.91753472222,5707.0,40409.0,85672.0,53520.0,32152.0
B,XGBOOST,FG064,FG064,Lotion/Cream,20822.502875434027,6328.0,33397.0,54220.0,45552.0,8668.0
B,XGBOOST,FG065,FG065,Lotion/Cream,30938.426215277777,6044.0,27701.0,58639.0,57052.0,1587.0
B,XGBOOST,FG066,FG066,Lotion/Cream,10656.315321180557,2627.0,9731.0,20387.0,19013.0,1374.0
B,XGBOOST,FG067,FG067,Lotion/Cream,29431.629503038195,5553.0,41852.0,71284.0,54562.0,16722.0
B,XGBOOST,FG068,FG068,Lotion/Cream,17579.309000651043,3458.0,13420.0,30999.0,42867.0,0.0
B,XGBOOST,FG069,FG069,Lotion/Cream,28635.047200520832,5428.0,15928.0,44563.0,64041.0,0.0
B,XGBOOST,FG070,FG070,Lotion/Cream,22713.417643229168,5990.0,26432.0,49145.0,33029.0,16116.0
B,XGBOOST,FG071,FG071,Lotion/Cream,19721.829915364586,5698.0,29364.0,49086.0,47589.0,1497.0
B,XGBOOST,FG072,FG072,Lotion/Cream,6705.277425130208,1294.0,4647.0,11352.0,8287.0,3065.0
B,XGBOOST,FG073,FG073,Lotion/Cream,27937.932183159723,5745.0,27164.0,55102.0,54306.0,796.0
B,XGBOOST,FG074,FG074,Lotion/Cream,6158.63037109375,1180.0,3643.0,9802.0,12521.0,0.0
B,XGBOOST,FG075,FG075,Lotion/Cream,7068.614759657118,1805.0,8402.0,15471.0,9611.0,5860.0
B,XGBOOST,FG076,FG076,Talc,4869.1748046875,1384.0,5279.0,10148.0,6733.0,3415.0
B,XGBOOST,FG077,FG077,Talc,20606.825792100695,4157.0,19269.0,39876.0,32844.0,7032.0
B,XGBOOST,FG078,FG078,Talc,8604.726155598959,2389.0,7552.0,16157.0,18826.0,0.0
B,XGBOOST,FG079,FG079,Talc,17626.72705078125,3853.0,17954.0,35581.0,35524.0,57.0
B,XGBOOST,FG080,FG080,Talc,24129.800130208332,5314.0,26226.0,50356.0,56857.0,0.0
B,XGBOOST,FG081,FG081,Talc,5214.428093804254,2064.0,8321.0,13535.0,10871.0,2664.0
B,XGBOOST,FG082,FG082,Home Care,34550.898763020836,9255.0,35744.0,70295.0,75426.0,0.0
B,XGBOOST,FG083,FG083,Home Care,31142.82790798611,4848.0,18343.0,49486.0,73863.0,0.0
B,XGBOOST,FG084,FG084,Home Care,26189.273763020832,5865.0,33800.0,59989.0,35036.0,24953.0
B,XGBOOST,FG085,FG085,Home Care,7472.00146484375,1821.0,8297.0,15769.0,9497.0,6272.0
B,XGBOOST,FG086,FG086,Home Care,15986.30105251736,3530.0,20582.0,36568.0,37803.0,0.0
B,XGBOOST,FG087,FG087,Home Care,34568.31228298611,5166.0,20146.0,54714.0,80288.0,0.0
B,XGBOOST,FG088,FG088,Home Care,28845.219401041668,5610.0,22917.0,51762.0,48669.0,3093.0
B,XGBOOST,FG089,FG089,Home Care,18255.44900173611,4977.0,23232.0,41487.0,39212.0,2275.0
B,XGBOOST,FG090,FG090,Home Care,12747.02601453993,3421.0,17443.0,30190.0,25529.0,4661.0
B,XGBOOST,FG091,FG091,Home Care,23666.710557725695,6162.0,25095.0,48762.0,59119.0,0.0
B,XGBOOST,FG092,FG092,Baby Care,17243.14230685764,3827.0,23369.0,40612.0,32214.0,8398.0
B,XGBOOST,FG093,FG093,Baby Care,7213.009941948785,1985.0,10160.0,17373.0,15746.0,1627.0
B,XGBOOST,FG094,FG094,Baby Care,10024.50990125868,2834.0,9851.0,19876.0,19247.0,629.0
B,XGBOOST,FG095,FG095,Baby Care,19259.284776475695,4994.0,28747.0,48006.0,32005.0,16001.0
B,XGBOOST,FG096,FG096,Baby Care,5626.6983642578125,1094.0,3907.0,9534.0,11941.0,0.0
B,XGBOOST,FG097,FG097,Baby Care,8485.379570855035,1380.0,5906.0,14391.0,18788.0,0.0
B,XGBOOST,FG098,FG098,Baby Care,9378.422878689236,2134.0,10575.0,19953.0,17167.0,2786.0
B,XGBOOST,FG099,FG099,Combo,6755.603162977431,3319.0,9174.0,15930.0,15011.0,919.0
B,XGBOOST,FG100,FG100,Combo,4125.878234863281,1209.0,2997.0,7123.0,6159.0,964.0
B,XGBOOST,FG101,FG101,Combo,5221.566229926215,3221.0,8965.0,14187.0,13119.0,1068.0
B,XGBOOST,FG102,FG102,Combo,4711.173984103732,2196.0,4866.0,9577.0,18434.0,0.0
B,XGBOOST,FG103,FG103,Combo,4043.037929958768,1827.0,6005.0,10048.0,7116.0,2932.0
C,CATBOOST,10__FG002,FG002,Soap,45951.07021392627,28619.0,71507.0,117458.0,85817.0,31641.0
C,CATBOOST,10__FG008,FG008,Soap,37547.08393221645,9093.0,44137.0,81684.0,83559.0,0.0
C,CATBOOST,10__FG009,FG009,Soap,33937.84704035829,5289.0,27914.0,61852.0,49276.0,12576.0
C,CATBOOST,10__FG012,FG012,Soap,33895.23382671995,9369.0,48913.0,82808.0,96115.0,0.0
C,CATBOOST,10__FG013,FG013,Soap,76536.85567992005,27852.0,106940.0,183477.0,293626.0,0.0
C,CATBOOST,10__FG014,FG014,Soap,50559.7668615754,14614.0,65174.0,115734.0,131102.0,0.0
C,CATBOOST,10__FG016,FG016,Shampoo,20866.76088830361,5978.0,28236.0,49103.0,44275.0,4828.0
C,CATBOOST,10__FG018,FG018,Shampoo,29149.95976844084,7380.0,22927.0,52077.0,63053.0,0.0
C,CATBOOST,10__FG019,FG019,Shampoo,45321.00876851952,13126.0,64490.0,109811.0,174237.0,0.0
C,CATBOOST,10__FG021,FG021,Shampoo,30986.480640210833,7319.0,30042.0,61028.0,54246.0,6782.0
C,CATBOOST,10__FG022,FG022,Shampoo,40838.93403395926,7094.0,34320.0,75159.0,91256.0,0.0
C,CATBOOST,10__FG023,FG023,Shampoo,31760.848596945063,6819.0,24817.0,56578.0,132485.0,0.0
C,CATBOOST,10__FG026,FG026,Shampoo,30591.32888530865,9590.0,42221.0,72812.0,120942.0,0.0
C,CATBOOST,10__FG028,FG028,Shampoo,31120.741562598298,10818.0,46088.0,77209.0,102997.0,0.0
C,CATBOOST,10__FG032,FG032,Shampoo,14224.964374056774,3805.0,11866.0,26091.0,41210.0,0.0
C,CATBOOST,10__FG036,FG036,Liquid Wash,37743.312981134106,5652.0,20749.0,58492.0,124223.0,0.0
C,CATBOOST,10__FG037,FG037,Liquid Wash,17397.7019342687,5689.0,24247.0,41645.0,42622.0,0.0
C,CATBOOST,10__FG040,FG040,Liquid Wash,19659.223312586957,4380.0,23384.0,43043.0,33311.0,9732.0
C,CATBOOST,10__FG041,FG041,Liquid Wash,13881.490163875977,3435.0,10376.0,24257.0,26266.0,0.0
C,CATBOOST,10__FG045,FG045,Diaper,59614.945613356474,6769.0,28628.0,88243.0,124070.0,0.0
C,CATBOOST,10__FG047,FG047,Diaper,17039.00796071294,3169.0,16232.0,33271.0,54680.0,0.0
C,CATBOOST,10__FG049,FG049,Diaper,56283.132491305485,18581.0,78616.0,134899.0,105512.0,29387.0
C,CATBOOST,10__FG051,FG051,Diaper,16755.4482942749,4747.0,21502.0,38257.0,38885.0,0.0
C,CATBOOST,10__FG052,FG052,Diaper,57719.40263105263,11815.0,48371.0,106090.0,98171.0,7919.0
C,CATBOOST,10__FG053,FG053,Diaper,44618.656825949765,7544.0,37290.0,81909.0,161062.0,0.0
C,CATBOOST,10__FG055,FG055,Diaper,15311.984727982448,2632.0,14371.0,29683.0,39676.0,0.0
C,CATBOOST,10__FG057,FG057,Sanitary,32541.20904123785,9580.0,37782.0,70323.0,88747.0,0.0
C,CATBOOST,10__FG060,FG060,Sanitary,34836.34309224514,5839.0,44159.0,78995.0,98488.0,0.0
C,CATBOOST,10__FG062,FG062,Sanitary,17382.96319690996,3669.0,20473.0,37856.0,25957.0,11899.0
C,CATBOOST,10__FG064,FG064,Lotion/Cream,19621.560647322745,11852.0,37360.0,56982.0,59626.0,0.0
C,CATBOOST,10__FG066,FG066,Lotion/Cream,10254.236131853591,3120.0,8589.0,18843.0,24772.0,0.0
C,CATBOOST,10__FG068,FG068,Lotion/Cream,17253.566101627148,3906.0,13108.0,30362.0,50200.0,0.0
C,CATBOOST,10__FG072,FG072,Lotion/Cream,6532.880916813916,2018.0,5284.0,11817.0,10033.0,1784.0
C,CATBOOST,10__FG077,FG077,Talc,18018.185008790504,4693.0,18507.0,36525.0,42577.0,0.0
C,CATBOOST,10__FG079,FG079,Talc,16352.0260885907,4376.0,17458.0,33810.0,46790.0,0.0
C,CATBOOST,10__FG080,FG080,Talc,22574.412587246803,6078.0,25642.0,48216.0,69869.0,0.0
C,CATBOOST,10__FG082,FG082,Home Care,33069.77094834648,9597.0,37155.0,70225.0,95594.0,0.0
C,CATBOOST,10__FG083,FG083,Home Care,29380.873281586817,5512.0,18244.0,47625.0,94585.0,0.0
C,CATBOOST,10__FG087,FG087,Home Care,34211.28293028098,5186.0,21151.0,55362.0,102185.0,0.0
C,CATBOOST,10__FG089,FG089,Home Care,17472.686327071937,6782.0,24255.0,41728.0,52893.0,0.0
C,CATBOOST,10__FG090,FG090,Home Care,12312.338586286529,3859.0,16171.0,28483.0,30706.0,0.0
C,CATBOOST,10__FG091,FG091,Home Care,23221.018542600745,6579.0,24382.0,47603.0,73997.0,0.0
C,CATBOOST,10__FG097,FG097,Baby Care,8467.088332378371,1637.0,6717.0,15184.0,22569.0,0.0
C,CATBOOST,10__FG098,FG098,Baby Care,9088.339898273616,2298.0,9872.0,18960.0,19357.0,0.0
C,CATBOOST,10__FG099,FG099,Combo,6403.3332287727935,3124.0,8887.0,15290.0,18443.0,0.0
C,CATBOOST,10__FG102,FG102,Combo,5567.720471125906,2398.0,5367.0,10935.0,22109.0,0.0
C,CATBOOST,14__FG001,FG001,Soap,24606.65908240117,6637.0,16480.0,41087.0,70688.0,0.0
C,CATBOOST,14__FG003,FG003,Soap,72984.94676003252,41694.0,102515.0,175500.0,225014.0,0.0
C,CATBOOST,14__FG004,FG004,Soap,46322.614479828306,16307.0,51821.0,98144.0,132832.0,0.0
C,CATBOOST,14__FG005,FG005,Soap,36501.70060976718,11169.0,40370.0,76872.0,105007.0,0.0
C,CATBOOST,14__FG006,FG006,Soap,64456.85433672948,26152.0,105649.0,170106.0,114578.0,55528.0
C,CATBOOST,14__FG009,FG009,Soap,34330.65588328554,9622.0,31365.0,65696.0,48470.0,17226.0
C,CATBOOST,14__FG010,FG010,Soap,73887.12169710611,16145.0,50626.0,124513.0,199486.0,0.0
C,CATBOOST,14__FG012,FG012,Soap,33672.89789969256,14275.0,54682.0,88355.0,101533.0,0.0
C,CATBOOST,14__FG013,FG013,Soap,78980.17832725396,44055.0,123035.0,202015.0,301776.0,0.0
C,CATBOOST,14__FG014,FG014,Soap,52909.74265257976,19714.0,69096.0,122006.0,139766.0,0.0
C,CATBOOST,14__FG018,FG018,Shampoo,32336.35098562048,10832.0,27000.0,59336.0,64566.0,0.0
C,CATBOOST,14__FG019,FG019,Shampoo,50995.320982408506,25443.0,81538.0,132533.0,171251.0,0.0
C,CATBOOST,14__FG023,FG023,Shampoo,35451.735220223876,10648.0,29556.0,65008.0,136092.0,0.0
C,CATBOOST,14__FG025,FG025,Shampoo,21234.52554931298,12625.0,35275.0,56510.0,63422.0,0.0
C,CATBOOST,14__FG026,FG026,Shampoo,33433.47940297876,17698.0,52246.0,85679.0,112836.0,0.0
C,CATBOOST,14__FG028,FG028,Shampoo,35440.48498042273,18286.0,60815.0,96255.0,97241.0,0.0
C,CATBOOST,14__FG029,FG029,Shampoo,16876.646379678354,6318.0,21507.0,38384.0,45768.0,0.0
C,CATBOOST,14__FG032,FG032,Shampoo,15387.3695454126,6752.0,15472.0,30859.0,38641.0,0.0
C,CATBOOST,14__FG033,FG033,Shampoo,39237.11701194517,6727.0,23730.0,62967.0,81503.0,0.0
C,CATBOOST,14__FG036,FG036,Liquid Wash,40040.10914283074,11836.0,29187.0,69227.0,130951.0,0.0
C,CATBOOST,14__FG037,FG037,Liquid Wash,17692.40530177881,8737.0,27019.0,44711.0,42675.0,2036.0
C,CATBOOST,14__FG041,FG041,Liquid Wash,14301.700361743378,4800.0,11951.0,26253.0,27941.0,0.0
C,CATBOOST,14__FG043,FG043,Liquid Wash,39766.481051126786,14603.0,59672.0,99438.0,104066.0,0.0
C,CATBOOST,14__FG044,FG044,Diaper,41551.66407410815,9351.0,37052.0,78604.0,63167.0,15437.0
C,CATBOOST,14__FG045,FG045,Diaper,71800.61999707019,15354.0,41681.0,113482.0,123559.0,0.0
C,CATBOOST,14__FG046,FG046,Diaper,63586.307855903586,23113.0,97297.0,160883.0,187272.0,0.0
C,CATBOOST,14__FG048,FG048,Diaper,32616.289309678617,13388.0,50353.0,82969.0,65604.0,17365.0
C,CATBOOST,14__FG049,FG049,Diaper,63363.92933139262,27554.0,82469.0,145833.0,95268.0,50565.0
C,CATBOOST,14__FG050,FG050,Diaper,23127.51485020236,10257.0,35697.0,58825.0,35550.0,23275.0
C,CATBOOST,14__FG051,FG051,Diaper,18144.40944693761,12631.0,28961.0,47105.0,40373.0,6732.0
C,CATBOOST,14__FG052,FG052,Diaper,65216.580538399736,13780.0,52910.0,118127.0,99711.0,18416.0
C,CATBOOST,14__FG054,FG054,Diaper,68619.96708179761,25107.0,84578.0,153198.0,123262.0,29936.0
C,CATBOOST,14__FG055,FG055,Diaper,17300.448725221977,4864.0,17551.0,34851.0,40122.0,0.0
C,CATBOOST,14__FG058,FG058,Sanitary,44339.94584115283,10114.0,32284.0,76624.0,88430.0,0.0
C,CATBOOST,14__FG059,FG059,Sanitary,15975.234305907265,4456.0,20431.0,36406.0,45710.0,0.0
C,CATBOOST,14__FG061,FG061,Sanitary,19578.728289271585,8863.0,30400.0,49979.0,48494.0,1485.0
C,CATBOOST,14__FG062,FG062,Sanitary,18751.648490773765,6535.0,23411.0,42163.0,25680.0,16483.0
C,CATBOOST,14__FG064,FG064,Lotion/Cream,20525.318892780553,8388.0,37123.0,57648.0,59875.0,0.0
C,CATBOOST,14__FG066,FG066,Lotion/Cream,11005.351554349889,4422.0,11759.0,22764.0,21917.0,847.0
C,CATBOOST,14__FG068,FG068,Lotion/Cream,18407.06082111745,4579.0,11942.0,30349.0,56563.0,0.0
C,CATBOOST,14__FG069,FG069,Lotion/Cream,27297.791490401807,6627.0,14816.0,42114.0,76032.0,0.0
C,CATBOOST,14__FG071,FG071,Lotion/Cream,21182.844822250496,7204.0,31917.0,53100.0,60387.0,0.0
C,CATBOOST,14__FG072,FG072,Lotion/Cream,6969.434181075742,2400.0,5652.0,12621.0,11060.0,1561.0
C,CATBOOST,14__FG073,FG073,Lotion/Cream,24671.16818676788,12863.0,30133.0,54804.0,68238.0,0.0
C,CATBOOST,14__FG074,FG074,Lotion/Cream,6772.967144619399,1811.0,4520.0,11293.0,15830.0,0.0
C,CATBOOST,14__FG075,FG075,Lotion/Cream,7480.860938376768,3995.0,11226.0,18707.0,12615.0,6092.0
C,CATBOOST,14__FG078,FG078,Talc,8607.999070636008,3151.0,8603.0,17211.0,24471.0,0.0
C,CATBOOST,14__FG079,FG079,Talc,18235.75466597551,4968.0,18341.0,36577.0,47328.0,0.0
C,CATBOOST,14__FG081,FG081,Talc,5971.5689953874635,3322.0,10886.0,16858.0,13468.0,3390.0
C,CATBOOST,14__FG083,FG083,Home Care,30909.22784782161,5982.0,21437.0,52346.0,97497.0,0.0
C,CATBOOST,14__FG084,FG084,Home Care,24683.632341384215,11327.0,38479.0,63163.0,46006.0,17157.0
C,CATBOOST,14__FG085,FG085,Home Care,8615.116049208758,4093.0,11847.0,20462.0,11657.0,8805.0
C,CATBOOST,14__FG086,FG086,Home Care,16472.634325062343,5118.0,22140.0,38613.0,51961.0,0.0
C,CATBOOST,14__FG088,FG088,Home Care,24894.932538332963,13274.0,28211.0,53106.0,65752.0,0.0
C,CATBOOST,14__FG090,FG090,Home Care,12802.223787595096,5267.0,19776.0,32578.0,37445.0,0.0
C,CATBOOST,14__FG092,FG092,Baby Care,18115.02367504534,7454.0,27984.0,46099.0,41924.0,4175.0
C,CATBOOST,14__FG094,FG094,Baby Care,9177.89077954272,3614.0,9733.0,18911.0,23026.0,0.0
C,CATBOOST,14__FG095,FG095,Baby Care,19727.26771017739,5896.0,30884.0,50611.0,39236.0,11375.0
C,CATBOOST,14__FG096,FG096,Baby Care,5865.9316617522545,2675.0,5608.0,11474.0,14573.0,0.0
C,CATBOOST,14__FG097,FG097,Baby Care,8659.122133959296,2602.0,7220.0,15879.0,22550.0,0.0
C,CATBOOST,14__FG098,FG098,Baby Care,9593.132596425135,3624.0,11938.0,21531.0,20292.0,1239.0
C,CATBOOST,14__FG099,FG099,Combo,6597.594475462633,3497.0,8775.0,15373.0,20086.0,0.0
C,CATBOOST,14__FG100,FG100,Combo,5370.551153375332,1804.0,3952.0,9323.0,8561.0,762.0
C,CATBOOST,14__FG101,FG101,Combo,5715.821061828308,3767.0,10054.0,15770.0,16478.0,0.0
C,CATBOOST,14__FG102,FG102,Combo,6068.21107063723,2519.0,5958.0,12026.0,21275.0,0.0
C,CATBOOST,15__FG001,FG001,Soap,23185.644136483817,3983.0,14030.0,37216.0,73261.0,0.0
C,CATBOOST,15__FG002,FG002,Soap,47126.115183864145,22742.0,68297.0,115423.0,97268.0,18155.0
C,CATBOOST,15__FG003,FG003,Soap,80830.9523006387,14210.0,89652.0,170483.0,219682.0,0.0
C,CATBOOST,15__FG004,FG004,Soap,47007.63335801614,11238.0,47277.0,94285.0,140764.0,0.0
C,CATBOOST,15__FG006,FG006,Soap,66394.26948140844,21671.0,101344.0,167738.0,104029.0,63709.0
C,CATBOOST,15__FG009,FG009,Soap,33766.43513572026,4419.0,22428.0,56194.0,48789.0,7405.0
C,CATBOOST,15__FG010,FG010,Soap,74034.69484761148,10742.0,52695.0,126730.0,203908.0,0.0
C,CATBOOST,15__FG011,FG011,Soap,56032.8883185562,13682.0,62244.0,118277.0,131110.0,0.0
C,CATBOOST,15__FG016,FG016,Shampoo,21234.812136622517,5985.0,28635.0,49870.0,42581.0,7289.0
C,CATBOOST,15__FG019,FG019,Shampoo,46994.91627707291,13257.0,68084.0,115079.0,151274.0,0.0
C,CATBOOST,15__FG021,FG021,Shampoo,29768.59393543737,21834.0,44657.0,74426.0,50640.0,23786.0
C,CATBOOST,15__FG023,FG023,Shampoo,32933.41207343517,6260.0,24922.0,57855.0,135067.0,0.0
C,CATBOOST,15__FG025,FG025,Shampoo,19766.95964139463,6859.0,27944.0,47711.0,63766.0,0.0
C,CATBOOST,15__FG026,FG026,Shampoo,30880.065723460044,11402.0,45370.0,76250.0,99733.0,0.0
C,CATBOOST,15__FG029,FG029,Shampoo,16231.868997173138,4794.0,19403.0,35635.0,46107.0,0.0
C,CATBOOST,15__FG030,FG030,Shampoo,36956.74508304662,9097.0,36199.0,73156.0,115059.0,0.0
C,CATBOOST,15__FG031,FG031,Shampoo,57194.69016999194,11760.0,47983.0,105178.0,138880.0,0.0
C,CATBOOST,15__FG033,FG033,Shampoo,39503.484877094656,6074.0,24509.0,64012.0,85275.0,0.0
C,CATBOOST,15__FG034,FG034,Liquid Wash,38628.22373282795,11008.0,44486.0,83114.0,167910.0,0.0
C,CATBOOST,15__FG036,FG036,Liquid Wash,39407.17265684158,6301.0,24691.0,64098.0,127670.0,0.0
C,CATBOOST,15__FG038,FG038,Liquid Wash,32871.797940953365,9630.0,50172.0,83044.0,68271.0,14773.0
C,CATBOOST,15__FG043,FG043,Liquid Wash,38293.60524386805,8702.0,52101.0,90395.0,99217.0,0.0
C,CATBOOST,15__FG045,FG045,Diaper,60642.46601069908,8345.0,30581.0,91223.0,112723.0,0.0
C,CATBOOST,15__FG046,FG046,Diaper,53961.13615180918,11376.0,76129.0,130090.0,178998.0,0.0
C,CATBOOST,15__FG047,FG047,Diaper,17252.681413735714,3025.0,15677.0,32930.0,55438.0,0.0
C,CATBOOST,15__FG048,FG048,Diaper,29796.482713845577,6059.0,39828.0,69624.0,66164.0,3460.0
C,CATBOOST,15__FG049,FG049,Diaper,56944.7908420843,15151.0,68299.0,125244.0,100586.0,24658.0
C,CATBOOST,15__FG050,FG050,Diaper,21046.342619177416,4978.0,26726.0,47772.0,36974.0,10798.0
C,CATBOOST,15__FG052,FG052,Diaper,58680.7062152144,9409.0,48529.0,107210.0,102486.0,4724.0
C,CATBOOST,15__FG053,FG053,Diaper,45100.076932217366,8782.0,40352.0,85452.0,166310.0,0.0
C,CATBOOST,15__FG054,FG054,Diaper,57043.86202367999,11409.0,57044.0,114088.0,114464.0,0.0
C,CATBOOST,15__FG056,FG056,Sanitary,29695.716585030597,2889.0,15757.0,45453.0,83715.0,0.0
C,CATBOOST,15__FG057,FG057,Sanitary,33915.68625552851,5288.0,33551.0,67467.0,84746.0,0.0
C,CATBOOST,15__FG060,FG060,Sanitary,37434.44168500349,6993.0,50667.0,88101.0,89657.0,0.0
C,CATBOOST,15__FG061,FG061,Sanitary,19517.508443879997,4619.0,26739.0,46257.0,47470.0,0.0
C,CATBOOST,15__FG066,FG066,Lotion/Cream,10441.534840206848,3377.0,11382.0,21824.0,21808.0,16.0
C,CATBOOST,15__FG069,FG069,Lotion/Cream,25527.63033362463,4952.0,16014.0,41542.0,72461.0,0.0
C,CATBOOST,15__FG071,FG071,Lotion/Cream,19626.312065207927,5608.0,27197.0,46823.0,56807.0,0.0
C,CATBOOST,15__FG072,FG072,Lotion/Cream,6620.42898797915,1798.0,4888.0,11508.0,10295.0,1213.0
C,CATBOOST,15__FG074,FG074,Lotion/Cream,5991.209523700005,1434.0,3631.0,9622.0,14723.0,0.0
C,CATBOOST,15__FG077,FG077,Talc,19593.419755013812,4568.0,19590.0,39183.0,44130.0,0.0
C,CATBOOST,15__FG078,FG078,Talc,8632.591862581954,2592.0,8059.0,16692.0,23912.0,0.0
C,CATBOOST,15__FG080,FG080,Talc,25545.732981570392,6643.0,28783.0,54329.0,68466.0,0.0
C,CATBOOST,15__FG081,FG081,Talc,5800.000450555791,2487.0,9447.0,15247.0,13318.0,1929.0
C,CATBOOST,15__FG083,FG083,Home Care,28813.594226119076,5486.0,18932.0,47746.0,95367.0,0.0
C,CATBOOST,15__FG085,FG085,Home Care,7583.89466922839,4542.0,11115.0,18699.0,11019.0,7680.0
C,CATBOOST,15__FG088,FG088,Home Care,25029.248759531027,5134.0,18483.0,43512.0,62935.0,0.0
C,CATBOOST,15__FG089,FG089,Home Care,17562.46010904904,6019.0,25338.0,42900.0,45898.0,0.0
C,CATBOOST,15__FG090,FG090,Home Care,11728.188996479772,3474.0,16375.0,28103.0,31992.0,0.0
C,CATBOOST,15__FG092,FG092,Baby Care,17807.328578743516,4607.0,26569.0,44376.0,37780.0,6596.0
C,CATBOOST,15__FG095,FG095,Baby Care,19925.13064434125,5927.0,31830.0,51755.0,42077.0,9678.0
C,CATBOOST,15__FG097,FG097,Baby Care,8737.390525199566,1782.0,6442.0,15179.0,21385.0,0.0
C,CATBOOST,15__FG100,FG100,Combo,5174.42868014256,1714.0,4301.0,9475.0,7902.0,1573.0
C,CATBOOST,19__FG001,FG001,Soap,24164.689344482267,5404.0,17486.0,41651.0,65293.0,0.0
C,CATBOOST,19__FG002,FG002,Soap,49973.60277933037,19591.0,71230.0,121204.0,100178.0,21026.0
C,CATBOOST,19__FG003,FG003,Soap,80743.47290507454,30519.0,108571.0,189314.0,237855.0,0.0
C,CATBOOST,19__FG004,FG004,Soap,47448.74266770343,10758.0,43972.0,91421.0,121584.0,0.0
C,CATBOOST,19__FG005,FG005,Soap,35377.720116472425,10411.0,38713.0,74091.0,101748.0,0.0
C,CATBOOST,19__FG006,FG006,Soap,65239.74731468715,27636.0,101574.0,166814.0,114485.0,52329.0
C,CATBOOST,19__FG008,FG008,Soap,35022.02067475047,30227.0,67584.0,102606.0,81707.0,20899.0
C,CATBOOST,19__FG012,FG012,Soap,34690.32992317046,12311.0,53939.0,88629.0,92273.0,0.0
C,CATBOOST,19__FG014,FG014,Soap,52350.27638048306,14940.0,62055.0,114405.0,126114.0,0.0
C,CATBOOST,19__FG015,FG015,Soap,60902.39301437635,26968.0,91931.0,152833.0,197393.0,0.0
C,CATBOOST,19__FG018,FG018,Shampoo,29823.333112723936,12909.0,28815.0,58638.0,63647.0,0.0
C,CATBOOST,19__FG020,FG020,Shampoo,41506.22800145818,12992.0,47581.0,89087.0,113612.0,0.0
C,CATBOOST,19__FG021,FG021,Shampoo,33590.70168482087,9544.0,34177.0,67768.0,54361.0,13407.0
C,CATBOOST,19__FG024,FG024,Shampoo,33382.74195005019,11819.0,49653.0,83036.0,128622.0,0.0
C,CATBOOST,19__FG026,FG026,Shampoo,33092.38566941699,12397.0,47696.0,80788.0,113450.0,0.0
C,CATBOOST,19__FG029,FG029,Shampoo,16899.892584048976,6493.0,20013.0,36913.0,39177.0,0.0
C,CATBOOST,19__FG032,FG032,Shampoo,15030.83084486757,3667.0,11182.0,26213.0,41252.0,0.0
C,CATBOOST,19__FG034,FG034,Liquid Wash,37464.06447688674,12682.0,48897.0,86361.0,147926.0,0.0
C,CATBOOST,19__FG035,FG035,Liquid Wash,34655.46903350644,14267.0,51233.0,85888.0,76342.0,9546.0
C,CATBOOST,19__FG036,FG036,Liquid Wash,37931.301769477825,7492.0,25193.0,63124.0,138075.0,0.0
C,CATBOOST,19__FG039,FG039,Liquid Wash,13917.413107155668,3667.0,10626.0,24543.0,37488.0,0.0
C,CATBOOST,19__FG049,FG049,Diaper,64082.12064408331,20948.0,80758.0,144840.0,102505.0,42335.0
C,CATBOOST,19__FG053,FG053,Diaper,49832.71810293509,16539.0,51422.0,101255.0,150854.0,0.0
C,CATBOOST,19__FG056,FG056,Sanitary,27886.031422881424,4923.0,14218.0,42104.0,82976.0,0.0
C,CATBOOST,19__FG057,FG057,Sanitary,29812.091391348105,18249.0,44086.0,73898.0,83966.0,0.0
C,CATBOOST,19__FG058,FG058,Sanitary,40651.09835834632,8934.0,29260.0,69911.0,81989.0,0.0
C,CATBOOST,19__FG059,FG059,Sanitary,15807.239925658105,3567.0,16213.0,32020.0,48412.0,0.0
C,CATBOOST,19__FG063,FG063,Sanitary,38308.84093455176,18934.0,49581.0,87890.0,67531.0,20359.0
C,CATBOOST,19__FG064,FG064,Lotion/Cream,19709.28315206551,7748.0,32713.0,52422.0,57094.0,0.0
C,CATBOOST,19__FG065,FG065,Lotion/Cream,27014.016319076985,18278.0,36287.0,63301.0,74153.0,0.0
C,CATBOOST,19__FG067,FG067,Lotion/Cream,25674.474836263093,10208.0,40162.0,65836.0,62628.0,3208.0
C,CATBOOST,19__FG068,FG068,Lotion/Cream,17070.411608391696,4365.0,14038.0,31108.0,58542.0,0.0
C,CATBOOST,19__FG069,FG069,Lotion/Cream,24984.454227141352,5503.0,13831.0,38815.0,81436.0,0.0
C,CATBOOST,19__FG070,FG070,Lotion/Cream,20914.627475846464,7980.0,25409.0,46324.0,38364.0,7960.0
C,CATBOOST,19__FG071,FG071,Lotion/Cream,19794.809773243433,7462.0,31216.0,51011.0,60035.0,0.0
C,CATBOOST,19__FG072,FG072,Lotion/Cream,6402.917184488131,2106.0,5307.0,11710.0,9316.0,2394.0
C,CATBOOST,19__FG074,FG074,Lotion/Cream,5796.394556476913,1674.0,4572.0,10368.0,17354.0,0.0
C,CATBOOST,19__FG076,FG076,Talc,5043.537016421876,2288.0,6323.0,11367.0,7928.0,3439.0
C,CATBOOST,19__FG078,FG078,Talc,8821.915222294774,2848.0,7259.0,16081.0,20133.0,0.0
C,CATBOOST,19__FG083,FG083,Home Care,30145.74141674619,5266.0,18329.0,48475.0,99308.0,0.0
C,CATBOOST,19__FG084,FG084,Home Care,24334.135406297963,10477.0,37245.0,61579.0,45979.0,15600.0
C,CATBOOST,19__FG085,FG085,Home Care,8094.332366172665,2990.0,11084.0,19178.0,11754.0,7424.0
C,CATBOOST,19__FG086,FG086,Home Care,16601.95029807002,5065.0,23327.0,39929.0,45971.0,0.0
C,CATBOOST,19__FG087,FG087,Home Care,36896.363106449455,6465.0,19994.0,56890.0,97062.0,0.0
C,CATBOOST,19__FG088,FG088,Home Care,27069.45430018945,6196.0,22438.0,49507.0,60923.0,0.0
C,CATBOOST,19__FG089,FG089,Home Care,18684.504467260616,6187.0,24249.0,42934.0,51346.0,0.0
C,CATBOOST,19__FG091,FG091,Home Care,24855.294352927303,8673.0,25243.0,50098.0,67435.0,0.0
C,CATBOOST,19__FG092,FG092,Baby Care,18061.393903287455,4299.0,25371.0,43432.0,39797.0,3635.0
C,CATBOOST,19__FG094,FG094,Baby Care,9863.66013891458,3719.0,10624.0,20488.0,23769.0,0.0
C,CATBOOST,19__FG103,FG103,Combo,4688.625288996032,4217.0,9062.0,13751.0,9076.0,4675.0
C,CATBOOST,25__FG001,FG001,Soap,18894.37114882579,3584.0,13031.0,31925.0,65440.0,0.0
C,CATBOOST,25__FG002,FG002,Soap,39590.33814404837,8461.0,48051.0,87641.0,85448.0,2193.0
C,CATBOOST,25__FG004,FG004,Soap,38198.24646004806,7897.0,38456.0,76654.0,117216.0,0.0
C,CATBOOST,25__FG006,FG006,Soap,49303.24498352437,15918.0,80012.0,129315.0,103825.0,25490.0
C,CATBOOST,25__FG008,FG008,Soap,31309.049020952498,9904.0,44344.0,75653.0,69460.0,6193.0
C,CATBOOST,25__FG009,FG009,Soap,26634.152094104255,5344.0,22212.0,48846.0,48289.0,557.0
C,CATBOOST,25__FG010,FG010,Soap,55708.54364945966,7421.0,29704.0,85413.0,180161.0,0.0
C,CATBOOST,25__FG011,FG011,Soap,44791.54456134646,12183.0,46523.0,91315.0,119597.0,0.0
C,CATBOOST,25__FG013,FG013,Soap,59687.229465169214,26565.0,90231.0,149918.0,256776.0,0.0
C,CATBOOST,25__FG014,FG014,Soap,42214.28020273459,11138.0,50538.0,92752.0,123577.0,0.0
C,CATBOOST,25__FG015,FG015,Soap,46633.23151714655,16018.0,59542.0,106175.0,162995.0,0.0
C,CATBOOST,25__FG016,FG016,Shampoo,18619.697724646892,5565.0,25426.0,44046.0,40677.0,3369.0
C,CATBOOST,25__FG021,FG021,Shampoo,27038.97741823817,7880.0,31314.0,58353.0,45164.0,13189.0
C,CATBOOST,25__FG023,FG023,Shampoo,28457.393403267222,8065.0,24191.0,52648.0,109309.0,0.0
C,CATBOOST,25__FG024,FG024,Shampoo,26326.111331767657,7728.0,37564.0,63890.0,119783.0,0.0
C,CATBOOST,25__FG025,FG025,Shampoo,17306.09874267114,4911.0,22794.0,40100.0,59312.0,0.0
C,CATBOOST,25__FG029,FG029,Shampoo,14053.886977183887,5270.0,17450.0,31504.0,40514.0,0.0
C,CATBOOST,25__FG030,FG030,Shampoo,31145.802730775504,8268.0,34223.0,65369.0,101546.0,0.0
C,CATBOOST,25__FG031,FG031,Shampoo,48302.345561246664,13303.0,45505.0,93807.0,134311.0,0.0
C,CATBOOST,25__FG033,FG033,Shampoo,35167.08131718986,5097.0,21508.0,56675.0,79344.0,0.0
C,CATBOOST,25__FG034,FG034,Liquid Wash,28271.920452346538,6885.0,29503.0,57775.0,124605.0,0.0
C,CATBOOST,25__FG038,FG038,Liquid Wash,24182.428734724846,7840.0,34441.0,58623.0,59168.0,0.0
C,CATBOOST,25__FG039,FG039,Liquid Wash,10518.891594830257,3685.0,9996.0,20515.0,37081.0,0.0
C,CATBOOST,25__FG048,FG048,Diaper,24406.21754125817,6129.0,36230.0,60636.0,62486.0,0.0
C,CATBOOST,25__FG049,FG049,Diaper,46757.01717013126,19246.0,62886.0,109643.0,104849.0,4794.0
C,CATBOOST,25__FG051,FG051,Diaper,14887.621937208136,4580.0,18475.0,33363.0,36692.0,0.0
C,CATBOOST,25__FG052,FG052,Diaper,47786.18035627988,15914.0,49364.0,97150.0,92393.0,4757.0
C,CATBOOST,25__FG055,FG055,Diaper,13258.19698607891,2773.0,12496.0,25754.0,36072.0,0.0
C,CATBOOST,25__FG059,FG059,Sanitary,11160.92721215662,3287.0,14448.0,25609.0,43895.0,0.0
C,CATBOOST,25__FG063,FG063,Sanitary,30656.276651302385,5384.0,31953.0,62609.0,53803.0,8806.0
C,CATBOOST,25__FG064,FG064,Lotion/Cream,15992.473571558849,7999.0,30388.0,46380.0,49086.0,0.0
C,CATBOOST,25__FG069,FG069,Lotion/Cream,19907.394644202388,4952.0,12915.0,32822.0,73367.0,0.0
C,CATBOOST,25__FG074,FG074,Lotion/Cream,5227.686215149763,1737.0,4002.0,9230.0,15332.0,0.0
C,CATBOOST,25__FG076,FG076,Talc,4688.119784078762,2148.0,6055.0,10743.0,6880.0,3863.0
C,CATBOOST,25__FG077,FG077,Talc,15525.201601251498,5449.0,17869.0,33394.0,38986.0,0.0
C,CATBOOST,25__FG078,FG078,Talc,6408.50952035252,2213.0,6058.0,12467.0,19642.0,0.0
C,CATBOOST,25__FG079,FG079,Talc,13959.906367750957,4576.0,16675.0,30635.0,38613.0,0.0
C,CATBOOST,25__FG083,FG083,Home Care,23276.8417792097,3927.0,11686.0,34963.0,80068.0,0.0
C,CATBOOST,25__FG084,FG084,Home Care,18968.449428946027,4774.0,26904.0,45872.0,39405.0,6467.0
C,CATBOOST,25__FG088,FG088,Home Care,20296.86788031987,5357.0,18888.0,39185.0,55025.0,0.0
C,CATBOOST,25__FG090,FG090,Home Care,9097.842851161038,3973.0,13981.0,23079.0,26963.0,0.0
C,CATBOOST,25__FG092,FG092,Baby Care,14527.35304538452,5209.0,21189.0,35716.0,33119.0,2597.0
C,CATBOOST,25__FG095,FG095,Baby Care,16618.46947249152,5711.0,25099.0,41717.0,35493.0,6224.0
C,CATBOOST,25__FG097,FG097,Baby Care,6937.627576971488,1508.0,4977.0,11915.0,22034.0,0.0
C,CATBOOST,25__FG098,FG098,Baby Care,7724.667201702624,2681.0,9891.0,17616.0,18452.0,0.0
C,CATBOOST,25__FG103,FG103,Combo,4487.196718517571,2688.0,7325.0,11812.0,7396.0,4416.0
C,CATBOOST,26__FG001,FG001,Soap,18152.95790171509,4640.0,13716.0,31869.0,71762.0,0.0
C,CATBOOST,26__FG005,FG005,Soap,28115.955688596103,9686.0,31242.0,59358.0,90384.0,0.0
C,CATBOOST,26__FG006,FG006,Soap,44209.706178419496,15459.0,67037.0,111247.0,111998.0,0.0
C,CATBOOST,26__FG007,FG007,Soap,32106.8948252864,9748.0,29012.0,61119.0,153634.0,0.0
C,CATBOOST,26__FG009,FG009,Soap,24461.406134549314,6369.0,22677.0,47138.0,45769.0,1369.0
C,CATBOOST,26__FG010,FG010,Soap,51314.18323593706,12276.0,32802.0,84116.0,196780.0,0.0
C,CATBOOST,26__FG011,FG011,Soap,40916.24369556192,15717.0,52542.0,93458.0,138515.0,0.0
C,CATBOOST,26__FG013,FG013,Soap,54203.32524158637,25910.0,85534.0,139737.0,246054.0,0.0
C,CATBOOST,26__FG015,FG015,Soap,42344.89544829675,16372.0,61540.0,103885.0,173455.0,0.0
C,CATBOOST,26__FG016,FG016,Shampoo,18732.33502858101,7286.0,28516.0,47248.0,45942.0,1306.0
C,CATBOOST,26__FG018,FG018,Shampoo,25354.575206038764,7717.0,19549.0,44904.0,64308.0,0.0
C,CATBOOST,26__FG019,FG019,Shampoo,39368.63029205679,13340.0,56645.0,96014.0,157037.0,0.0
C,CATBOOST,26__FG021,FG021,Shampoo,26461.259192099973,7991.0,28278.0,54739.0,49732.0,5007.0
C,CATBOOST,26__FG023,FG023,Shampoo,27966.748500167047,8843.0,27487.0,55454.0,129520.0,0.0
C,CATBOOST,26__FG024,FG024,Shampoo,26177.917197819384,7876.0,36672.0,62850.0,123221.0,0.0
C,CATBOOST,26__FG026,FG026,Shampoo,26332.3987838074,10642.0,35219.0,61551.0,102946.0,0.0
C,CATBOOST,26__FG027,FG027,Shampoo,34969.398670334915,7981.0,34791.0,69760.0,130940.0,0.0
C,CATBOOST,26__FG029,FG029,Shampoo,13821.31909993023,5439.0,16957.0,30778.0,37477.0,0.0
C,CATBOOST,26__FG032,FG032,Shampoo,11838.116627548634,3670.0,9589.0,21427.0,35603.0,0.0
C,CATBOOST,26__FG033,FG033,Shampoo,32898.00193095976,7486.0,20645.0,53543.0,84273.0,0.0
C,CATBOOST,26__FG034,FG034,Liquid Wash,30899.35863184598,10791.0,40660.0,71559.0,144198.0,0.0
C,CATBOOST,26__FG037,FG037,Liquid Wash,15146.911351740218,5917.0,21064.0,36211.0,37276.0,0.0
C,CATBOOST,26__FG039,FG039,Liquid Wash,11888.501804690755,3911.0,9855.0,21744.0,37121.0,0.0
C,CATBOOST,26__FG040,FG040,Liquid Wash,16996.4749915006,5127.0,19857.0,36853.0,30754.0,6099.0
C,CATBOOST,26__FG042,FG042,Liquid Wash,19049.709509230976,8936.0,27351.0,46401.0,60873.0,0.0
C,CATBOOST,26__FG044,FG044,Diaper,35205.893082643095,5135.0,29779.0,64985.0,61180.0,3805.0
C,CATBOOST,26__FG045,FG045,Diaper,53703.65583518135,11203.0,30894.0,84598.0,105504.0,0.0
C,CATBOOST,26__FG048,FG048,Diaper,25822.75609293071,7928.0,39776.0,65599.0,61353.0,4246.0
C,CATBOOST,26__FG050,FG050,Diaper,19142.024293934603,7798.0,28854.0,47996.0,32984.0,15012.0
C,CATBOOST,26__FG051,FG051,Diaper,15570.360646024654,5883.0,20415.0,35985.0,35500.0,485.0
C,CATBOOST,26__FG054,FG054,Diaper,51023.400385796696,13996.0,56516.0,107539.0,118483.0,0.0
C,CATBOOST,26__FG056,FG056,Sanitary,23071.447415736835,4931.0,13391.0,36462.0,82716.0,0.0
C,CATBOOST,26__FG057,FG057,Sanitary,26418.242316961223,6218.0,25591.0,52009.0,72315.0,0.0
C,CATBOOST,26__FG061,FG061,Sanitary,16667.242952430985,5058.0,22281.0,38948.0,42344.0,0.0
C,CATBOOST,26__FG062,FG062,Sanitary,14628.874508191178,3125.0,16291.0,30920.0,23147.0,7773.0
C,CATBOOST,26__FG064,FG064,Lotion/Cream,16780.30643273223,5178.0,26992.0,43772.0,57582.0,0.0
C,CATBOOST,26__FG065,FG065,Lotion/Cream,23660.86726849256,16008.0,31782.0,55443.0,62570.0,0.0
C,CATBOOST,26__FG066,FG066,Lotion/Cream,8135.221289481631,3001.0,8153.0,16288.0,21943.0,0.0
C,CATBOOST,26__FG068,FG068,Lotion/Cream,13994.660554270004,3732.0,11196.0,25191.0,49742.0,0.0
C,CATBOOST,26__FG070,FG070,Lotion/Cream,18112.887665720005,6021.0,20511.0,38624.0,37947.0,677.0
C,CATBOOST,26__FG074,FG074,Lotion/Cream,5148.019448783594,1990.0,4392.0,9540.0,15010.0,0.0
C,CATBOOST,26__FG075,FG075,Lotion/Cream,5228.183819468821,2333.0,7038.0,12266.0,12343.0,0.0
C,CATBOOST,26__FG076,FG076,Talc,4659.269942116063,2484.0,6677.0,11336.0,8463.0,2873.0
C,CATBOOST,26__FG077,FG077,Talc,16754.071737425547,4357.0,16085.0,32839.0,35500.0,0.0
C,CATBOOST,26__FG079,FG079,Talc,14329.12611667524,7327.0,18790.0,33119.0,41136.0,0.0
C,CATBOOST,26__FG080,FG080,Talc,20423.01665454873,7015.0,24715.0,45138.0,67512.0,0.0
C,CATBOOST,26__FG082,FG082,Home Care,27703.714948833855,9633.0,34566.0,62270.0,88976.0,0.0
C,CATBOOST,26__FG084,FG084,Home Care,19093.71534466931,5108.0,25475.0,44569.0,36274.0,8295.0
C,CATBOOST,26__FG085,FG085,Home Care,6211.393797587698,2594.0,7770.0,13981.0,11710.0,2271.0
C,CATBOOST,26__FG087,FG087,Home Care,29316.80227313886,6925.0,19629.0,48946.0,96793.0,0.0
C,CATBOOST,26__FG088,FG088,Home Care,21300.110691797865,6958.0,19738.0,41038.0,54896.0,0.0
C,CATBOOST,26__FG089,FG089,Home Care,15289.32190398903,6014.0,20794.0,36083.0,43395.0,0.0
C,CATBOOST,26__FG090,FG090,Home Care,9703.908316472422,6042.0,17363.0,27067.0,28789.0,0.0
C,CATBOOST,26__FG091,FG091,Home Care,18529.89862920868,5474.0,20916.0,39446.0,70387.0,0.0
C,CATBOOST,26__FG097,FG097,Baby Care,6826.922014006436,2152.0,5565.0,12392.0,20832.0,0.0
C,CATBOOST,26__FG099,FG099,Combo,5420.878034096592,2939.0,7095.0,12516.0,15817.0,0.0
C,CATBOOST,26__FG100,FG100,Combo,4728.71857519216,1712.0,3761.0,8490.0,7678.0,812.0
C,CATBOOST,26__FG101,FG101,Combo,4808.307462309466,3250.0,8379.0,13187.0,15838.0,0.0
C,CATBOOST,26__FG103,FG103,Combo,4391.262737077356,2590.0,6981.0,11372.0,7960.0,3412.0
C,CATBOOST,27__FG005,FG005,Soap,36325.04558205737,12232.0,41292.0,77617.0,100025.0,0.0
C,CATBOOST,27__FG007,FG007,Soap,38837.81482715506,21147.0,41861.0,80699.0,157481.0,0.0
C,CATBOOST,27__FG008,FG008,Soap,38308.57175423909,12817.0,51126.0,89435.0,87196.0,2239.0
C,CATBOOST,27__FG009,FG009,Soap,33918.07750902409,6290.0,27771.0,61689.0,48748.0,12941.0
C,CATBOOST,27__FG010,FG010,Soap,75228.72772447637,10053.0,45160.0,120389.0,206846.0,0.0
C,CATBOOST,27__FG011,FG011,Soap,57415.02706030018,19276.0,69036.0,126451.0,132511.0,0.0
C,CATBOOST,27__FG013,FG013,Soap,80180.74061291602,31082.0,119281.0,199462.0,271293.0,0.0
C,CATBOOST,27__FG014,FG014,Soap,52525.43563874152,14038.0,66563.0,119088.0,118844.0,244.0
C,CATBOOST,27__FG016,FG016,Shampoo,22189.625785093416,6474.0,28664.0,50854.0,44328.0,6526.0
C,CATBOOST,27__FG018,FG018,Shampoo,31554.154320652855,7154.0,20827.0,52381.0,64200.0,0.0
C,CATBOOST,27__FG021,FG021,Shampoo,30138.746351131045,8475.0,30577.0,60716.0,48051.0,12665.0
C,CATBOOST,27__FG022,FG022,Shampoo,41542.93414156005,18299.0,45994.0,87537.0,95588.0,0.0
C,CATBOOST,27__FG024,FG024,Shampoo,32135.17633061668,7803.0,43152.0,75287.0,119491.0,0.0
C,CATBOOST,27__FG025,FG025,Shampoo,20578.180220260783,5600.0,26864.0,47442.0,65690.0,0.0
C,CATBOOST,27__FG028,FG028,Shampoo,33599.46726934224,14276.0,51235.0,84834.0,91587.0,0.0
C,CATBOOST,27__FG030,FG030,Shampoo,37940.78274568897,9285.0,39638.0,77579.0,123782.0,0.0
C,CATBOOST,27__FG034,FG034,Liquid Wash,33425.772036687085,7666.0,37749.0,71175.0,137550.0,0.0
C,CATBOOST,27__FG035,FG035,Liquid Wash,33161.71855704477,12185.0,50874.0,84036.0,73612.0,10424.0
C,CATBOOST,27__FG036,FG036,Liquid Wash,35065.40268743879,6689.0,24222.0,59287.0,132265.0,0.0
C,CATBOOST,27__FG037,FG037,Liquid Wash,16353.15242074304,4779.0,22222.0,38575.0,42583.0,0.0
C,CATBOOST,27__FG040,FG040,Liquid Wash,18353.132797816696,4637.0,19931.0,38284.0,32295.0,5989.0
C,CATBOOST,27__FG042,FG042,Liquid Wash,20291.875943022227,7460.0,27075.0,47367.0,58559.0,0.0
C,CATBOOST,27__FG044,FG044,Diaper,39964.47571363402,12153.0,45457.0,85421.0,64918.0,20503.0
C,CATBOOST,27__FG047,FG047,Diaper,17546.614377426773,3931.0,17383.0,34930.0,58000.0,0.0
C,CATBOOST,27__FG048,FG048,Diaper,29856.21569820739,7082.0,39924.0,69780.0,67850.0,1930.0
C,CATBOOST,27__FG051,FG051,Diaper,17369.495378466396,6236.0,23027.0,40396.0,40953.0,0.0
C,CATBOOST,27__FG054,FG054,Diaper,61748.36878662959,26002.0,77459.0,139207.0,113284.0,25923.0
C,CATBOOST,27__FG058,FG058,Sanitary,42052.9620951365,6803.0,29231.0,71284.0,81160.0,0.0
C,CATBOOST,27__FG060,FG060,Sanitary,36513.52995857301,7355.0,49954.0,86468.0,84215.0,2253.0
C,CATBOOST,27__FG065,FG065,Lotion/Cream,29001.737914156085,8949.0,27317.0,56319.0,72901.0,0.0
C,CATBOOST,27__FG066,FG066,Lotion/Cream,10019.774470583983,3146.0,9158.0,19178.0,23659.0,0.0
C,CATBOOST,27__FG068,FG068,Lotion/Cream,16509.56305887409,4189.0,14645.0,31155.0,50511.0,0.0
C,CATBOOST,27__FG072,FG072,Lotion/Cream,6274.675615562336,1875.0,5012.0,11287.0,10350.0,937.0
C,CATBOOST,27__FG073,FG073,Lotion/Cream,23230.996785453233,4769.0,21031.0,44262.0,73466.0,0.0
C,CATBOOST,27__FG074,FG074,Lotion/Cream,5762.239551849122,1509.0,3814.0,9576.0,15507.0,0.0
C,CATBOOST,27__FG076,FG076,Talc,5151.263006789036,2254.0,6203.0,11354.0,8141.0,3213.0
C,CATBOOST,27__FG077,FG077,Talc,19295.83728805432,6500.0,21937.0,41233.0,43042.0,0.0
C,CATBOOST,27__FG078,FG078,Talc,8451.752505491511,3808.0,8879.0,17331.0,23967.0,0.0
C,CATBOOST,27__FG079,FG079,Talc,17958.6569255782,5012.0,18780.0,36739.0,41102.0,0.0
C,CATBOOST,27__FG080,FG080,Talc,24806.710996482547,8419.0,30745.0,55552.0,63901.0,0.0
C,CATBOOST,27__FG083,FG083,Home Care,28895.466488658378,5530.0,19978.0,48873.0,101927.0,0.0
C,CATBOOST,27__FG085,FG085,Home Care,8008.464602278697,2561.0,9502.0,17510.0,11025.0,6485.0
C,CATBOOST,27__FG087,FG087,Home Care,34046.306587551575,6689.0,22577.0,56623.0,96091.0,0.0
C,CATBOOST,27__FG088,FG088,Home Care,23824.934044283156,10274.0,23775.0,47600.0,61826.0,0.0
C,CATBOOST,27__FG089,FG089,Home Care,17431.669397904894,5831.0,23263.0,40695.0,48032.0,0.0
C,CATBOOST,27__FG091,FG091,Home Care,22787.91532700651,5537.0,21489.0,44277.0,72725.0,0.0
C,CATBOOST,27__FG092,FG092,Baby Care,17445.019916790174,6115.0,24723.0,42168.0,39225.0,2943.0
C,CATBOOST,27__FG093,FG093,Baby Care,6703.877467668134,3576.0,11397.0,18101.0,17918.0,183.0
C,CATBOOST,27__FG101,FG101,Combo,5236.31578446023,4689.0,10798.0,16034.0,17790.0,0.0
C,CATBOOST,27__FG102,FG102,Combo,5224.688524643612,2387.0,5522.0,10747.0,24004.0,0.0
C,CATBOOST,27__FG103,FG103,Combo,4516.586743857201,3024.0,7992.0,12509.0,8882.0,3627.0
C,CATBOOST,32__FG001,FG001,Soap,25051.469741539055,5594.0,18120.0,43171.0,76940.0,0.0
C,CATBOOST,32__FG002,FG002,Soap,51217.094691159415,18799.0,68309.0,119526.0,93865.0,25661.0
C,CATBOOST,32__FG003,FG003,Soap,79559.52831108315,40076.0,119636.0,199196.0,249599.0,0.0
C,CATBOOST,32__FG005,FG005,Soap,38751.70810919825,10433.0,41434.0,80186.0,91739.0,0.0
C,CATBOOST,32__FG006,FG006,Soap,64931.8595342897,17366.0,88791.0,153723.0,120924.0,32799.0
C,CATBOOST,32__FG008,FG008,Soap,40675.10731679643,11506.0,50825.0,91500.0,80306.0,11194.0
C,CATBOOST,32__FG013,FG013,Soap,81488.0376519001,31595.0,113083.0,194571.0,278131.0,0.0
C,CATBOOST,32__FG014,FG014,Soap,54455.350588005706,13777.0,66417.0,120872.0,115523.0,5349.0
C,CATBOOST,32__FG016,FG016,Shampoo,22962.05241043319,7335.0,31828.0,54790.0,47741.0,7049.0
C,CATBOOST,32__FG018,FG018,Shampoo,31852.493817018745,8533.0,25521.0,57373.0,60978.0,0.0
C,CATBOOST,32__FG019,FG019,Shampoo,48573.881531006264,16408.0,69839.0,118413.0,172121.0,0.0
C,CATBOOST,32__FG020,FG020,Shampoo,41990.33253640756,12173.0,48565.0,90555.0,101894.0,0.0
C,CATBOOST,32__FG022,FG022,Shampoo,42803.60495836901,8129.0,38092.0,80896.0,105591.0,0.0
C,CATBOOST,32__FG024,FG024,Shampoo,32230.84510129304,10934.0,47462.0,79693.0,124758.0,0.0
C,CATBOOST,32__FG025,FG025,Shampoo,20696.588740673145,6937.0,29703.0,50400.0,63563.0,0.0
C,CATBOOST,32__FG026,FG026,Shampoo,32388.39214960529,12499.0,45967.0,78355.0,115319.0,0.0
C,CATBOOST,32__FG027,FG027,Shampoo,44916.152097622624,11219.0,44158.0,89074.0,144062.0,0.0
C,CATBOOST,32__FG028,FG028,Shampoo,33407.35696458565,12734.0,48369.0,81776.0,89843.0,0.0
C,CATBOOST,32__FG030,FG030,Shampoo,38864.088226687054,12136.0,43227.0,82091.0,126296.0,0.0
C,CATBOOST,32__FG031,FG031,Shampoo,61383.11650843388,12429.0,53351.0,114734.0,164227.0,0.0
C,CATBOOST,32__FG032,FG032,Shampoo,15157.30178688151,4236.0,11815.0,26972.0,42437.0,0.0
C,CATBOOST,32__FG033,FG033,Shampoo,41771.821621539355,7586.0,27080.0,68852.0,88410.0,0.0
C,CATBOOST,32__FG035,FG035,Liquid Wash,39835.200973978535,14164.0,55327.0,95162.0,80817.0,14345.0
C,CATBOOST,32__FG036,FG036,Liquid Wash,40357.63596437971,8260.0,28439.0,68797.0,138507.0,0.0
C,CATBOOST,32__FG038,FG038,Liquid Wash,34486.79234464293,11776.0,57758.0,92245.0,64570.0,27675.0
C,CATBOOST,32__FG039,FG039,Liquid Wash,15670.170299819218,3387.0,10700.0,26370.0,38446.0,0.0
C,CATBOOST,32__FG040,FG040,Liquid Wash,21710.35300843571,5179.0,24718.0,46428.0,34052.0,12376.0
C,CATBOOST,32__FG041,FG041,Liquid Wash,15479.762349674624,3702.0,11958.0,27438.0,31425.0,0.0
C,CATBOOST,32__FG043,FG043,Liquid Wash,39691.03010167925,9606.0,55912.0,95603.0,95280.0,323.0
C,CATBOOST,32__FG046,FG046,Diaper,66251.99072526357,17482.0,94776.0,161028.0,187768.0,0.0
C,CATBOOST,32__FG047,FG047,Diaper,19221.61131276865,3300.0,18677.0,37899.0,60582.0,0.0
C,CATBOOST,32__FG050,FG050,Diaper,25325.894005947877,6702.0,33716.0,59042.0,37693.0,21349.0
C,CATBOOST,32__FG056,FG056,Sanitary,29315.613046855306,4141.0,15867.0,45183.0,85061.0,0.0
C,CATBOOST,32__FG057,FG057,Sanitary,35779.96410395918,6894.0,36711.0,72491.0,85170.0,0.0
C,CATBOOST,32__FG067,FG067,Lotion/Cream,28029.46189853235,15402.0,49972.0,78001.0,69330.0,8671.0
C,CATBOOST,32__FG070,FG070,Lotion/Cream,25305.11070476829,7390.0,29321.0,54626.0,40948.0,13678.0
C,CATBOOST,32__FG074,FG074,Lotion/Cream,7008.089561141415,1730.0,5000.0,12008.0,15012.0,0.0
C,CATBOOST,32__FG075,FG075,Lotion/Cream,7536.223363730371,2194.0,9730.0,17266.0,11792.0,5474.0
C,CATBOOST,32__FG076,FG076,Talc,5561.476821302212,2025.0,6474.0,12035.0,8279.0,3756.0
C,CATBOOST,32__FG078,FG078,Talc,9120.170894990652,2604.0,8380.0,17500.0,25068.0,0.0
C,CATBOOST,32__FG079,FG079,Talc,18849.340255999385,5065.0,19516.0,38365.0,41248.0,0.0
C,CATBOOST,32__FG081,FG081,Talc,5945.2743384305395,2465.0,9798.0,15743.0,13979.0,1764.0
C,CATBOOST,32__FG083,FG083,Home Care,32559.450998005337,6702.0,19726.0,52285.0,89102.0,0.0
C,CATBOOST,32__FG084,FG084,Home Care,26490.431188099745,7551.0,34041.0,60531.0,47050.0,13481.0
C,CATBOOST,32__FG085,FG085,Home Care,8886.91984433631,2787.0,10785.0,19672.0,11061.0,8611.0
C,CATBOOST,32__FG087,FG087,Home Care,37388.541842399725,8555.0,26003.0,63392.0,103002.0,0.0
C,CATBOOST,32__FG088,FG088,Home Care,28590.873081036567,7358.0,24513.0,53104.0,61113.0,0.0
C,CATBOOST,32__FG089,FG089,Home Care,19217.382958284194,7428.0,27927.0,47144.0,47023.0,121.0
C,CATBOOST,32__FG091,FG091,Home Care,25772.31295120592,6087.0,25846.0,51618.0,72816.0,0.0
C,CATBOOST,32__FG096,FG096,Baby Care,6705.550259093933,1635.0,4094.0,10800.0,13798.0,0.0
C,CATBOOST,32__FG097,FG097,Baby Care,9590.812416929772,2195.0,7949.0,17540.0,23653.0,0.0
C,CATBOOST,32__FG099,FG099,Combo,6687.971078699255,3581.0,9154.0,15842.0,18113.0,0.0
C,CATBOOST,32__FG100,FG100,Combo,5075.260460294023,1893.0,4261.0,9336.0,8148.0,1188.0
C,CATBOOST,32__FG102,FG102,Combo,5907.663885676604,2418.0,5963.0,11871.0,24307.0,0.0
C,CATBOOST,32__FG103,FG103,Combo,4744.1811988173,2907.0,7651.0,12395.0,8459.0,3936.0
C,CATBOOST,34__FG004,FG004,Soap,46828.13108055673,21429.0,55770.0,102598.0,132620.0,0.0
C,CATBOOST,34__FG005,FG005,Soap,36384.81168471689,17959.0,45854.0,82239.0,101342.0,0.0
C,CATBOOST,34__FG006,FG006,Soap,61715.88512785134,35009.0,107011.0,168727.0,112600.0,56127.0
C,CATBOOST,34__FG012,FG012,Soap,33352.126325055855,13256.0,54390.0,87742.0,90825.0,0.0
C,CATBOOST,34__FG017,FG017,Shampoo,28118.413516408633,12493.0,31239.0,59357.0,63962.0,0.0
C,CATBOOST,34__FG018,FG018,Shampoo,30586.094166411975,6086.0,18320.0,48906.0,67143.0,0.0
C,CATBOOST,34__FG019,FG019,Shampoo,48632.40187272582,24167.0,80905.0,129537.0,154944.0,0.0
C,CATBOOST,34__FG020,FG020,Shampoo,40274.26570208787,14725.0,46944.0,87218.0,112728.0,0.0
C,CATBOOST,34__FG022,FG022,Shampoo,41894.850415638386,16289.0,48408.0,90303.0,89000.0,1303.0
C,CATBOOST,34__FG023,FG023,Shampoo,33612.349964168694,9453.0,26259.0,59871.0,134409.0,0.0
C,CATBOOST,34__FG025,FG025,Shampoo,20180.47506474205,12957.0,35156.0,55336.0,63356.0,0.0
C,CATBOOST,34__FG026,FG026,Shampoo,31657.368499594915,17408.0,50121.0,81778.0,111981.0,0.0
C,CATBOOST,34__FG028,FG028,Shampoo,33253.160217040684,17156.0,49301.0,82554.0,88471.0,0.0
C,CATBOOST,34__FG029,FG029,Shampoo,16437.74895138307,6137.0,21479.0,37917.0,44072.0,0.0
C,CATBOOST,34__FG030,FG030,Shampoo,38459.79852363534,19332.0,50100.0,88560.0,118199.0,0.0
C,CATBOOST,34__FG032,FG032,Shampoo,15107.199222052084,5276.0,12326.0,27433.0,38785.0,0.0
C,CATBOOST,34__FG033,FG033,Shampoo,38763.43460662264,16699.0,36081.0,74844.0,88639.0,0.0
C,CATBOOST,34__FG037,FG037,Liquid Wash,17875.19392965744,6098.0,23973.0,41848.0,41401.0,447.0
C,CATBOOST,34__FG038,FG038,Liquid Wash,32948.387209570115,19543.0,61278.0,94226.0,68702.0,25524.0
C,CATBOOST,34__FG039,FG039,Liquid Wash,14763.594833836263,3265.0,9170.0,23934.0,39089.0,0.0
C,CATBOOST,34__FG043,FG043,Liquid Wash,38607.921004768745,26280.0,68749.0,107357.0,112795.0,0.0
C,CATBOOST,34__FG047,FG047,Diaper,17822.674526442905,10216.0,23880.0,41703.0,60366.0,0.0
C,CATBOOST,34__FG051,FG051,Diaper,18198.278044671883,11476.0,29068.0,47266.0,37281.0,9985.0
C,CATBOOST,34__FG052,FG052,Diaper,61282.172273512435,18760.0,59615.0,120897.0,101733.0,19164.0
C,CATBOOST,34__FG053,FG053,Diaper,48214.91260284698,16990.0,55562.0,103777.0,164706.0,0.0
C,CATBOOST,34__FG056,FG056,Sanitary,31996.12803517336,7290.0,17955.0,49951.0,91420.0,0.0
C,CATBOOST,34__FG058,FG058,Sanitary,45765.4762312319,18340.0,42748.0,88513.0,86019.0,2494.0
C,CATBOOST,34__FG061,FG061,Sanitary,21741.857648159148,7856.0,32497.0,54239.0,44059.0,10180.0
C,CATBOOST,34__FG063,FG063,Sanitary,48452.85901508297,19007.0,57769.0,106222.0,65838.0,40384.0
C,CATBOOST,34__FG066,FG066,Lotion/Cream,11025.65988072946,4563.0,12281.0,23307.0,21720.0,1587.0
C,CATBOOST,34__FG067,FG067,Lotion/Cream,27000.099778847612,12435.0,44835.0,71835.0,71137.0,698.0
C,CATBOOST,34__FG068,FG068,Lotion/Cream,17294.36783490292,4865.0,13512.0,30806.0,54717.0,0.0
C,CATBOOST,34__FG070,FG070,Lotion/Cream,22116.532193575455,9155.0,28323.0,50440.0,39875.0,10565.0
C,CATBOOST,34__FG074,FG074,Lotion/Cream,6167.2354401586235,2073.0,4745.0,10912.0,14151.0,0.0
C,CATBOOST,34__FG076,FG076,Talc,5073.700343876262,2752.0,7149.0,12223.0,8154.0,4069.0
C,CATBOOST,34__FG077,FG077,Talc,18776.22847057019,7780.0,22801.0,41577.0,36563.0,5014.0
C,CATBOOST,34__FG079,FG079,Talc,16801.048713050215,6988.0,20429.0,37230.0,42458.0,0.0
C,CATBOOST,34__FG081,FG081,Talc,5603.128867937339,3005.0,9729.0,15332.0,13630.0,1702.0
C,CATBOOST,34__FG087,FG087,Home Care,35677.577073356966,7385.0,21656.0,57334.0,103950.0,0.0
C,CATBOOST,34__FG089,FG089,Home Care,18019.62237256851,8604.0,25422.0,43442.0,53227.0,0.0
C,CATBOOST,34__FG090,FG090,Home Care,13146.4844176016,6123.0,21461.0,34607.0,32728.0,1879.0
C,CATBOOST,34__FG091,FG091,Home Care,24083.098857464105,13652.0,33721.0,57804.0,75594.0,0.0
C,CATBOOST,34__FG092,FG092,Baby Care,18432.70653834978,8852.0,29742.0,48175.0,37598.0,10577.0
C,CATBOOST,34__FG098,FG098,Baby Care,10314.91584024048,4304.0,12900.0,23215.0,19269.0,3946.0
C,CATBOOST,34__FG101,FG101,Combo,5537.634622948614,3708.0,9615.0,15153.0,18078.0,0.0
C,CATBOOST,35__FG002,FG002,Soap,48265.34502190075,14978.0,61635.0,109900.0,87005.0,22895.0
C,CATBOOST,35__FG012,FG012,Soap,35061.86090483791,20684.0,65096.0,100158.0,93546.0,6612.0
C,CATBOOST,35__FG013,FG013,Soap,82260.89233911425,41005.0,128750.0,211011.0,283337.0,0.0
C,CATBOOST,35__FG018,FG018,Shampoo,35132.58209186387,12689.0,30255.0,65388.0,68495.0,0.0
C,CATBOOST,35__FG019,FG019,Shampoo,55539.97906860753,24339.0,85433.0,140973.0,171221.0,0.0
C,CATBOOST,35__FG020,FG020,Shampoo,47609.6971602413,26964.0,71400.0,119010.0,108536.0,10474.0
C,CATBOOST,35__FG021,FG021,Shampoo,37777.430341118685,12825.0,43047.0,80824.0,50179.0,30645.0
C,CATBOOST,35__FG022,FG022,Shampoo,46797.594606703824,21226.0,52424.0,99222.0,100530.0,0.0
C,CATBOOST,35__FG024,FG024,Shampoo,36633.26755434088,16261.0,59000.0,95633.0,133096.0,0.0
C,CATBOOST,35__FG026,FG026,Shampoo,36166.14848900479,12652.0,48818.0,84984.0,117171.0,0.0
C,CATBOOST,35__FG027,FG027,Shampoo,52594.90964374087,22175.0,66004.0,118599.0,132209.0,0.0
C,CATBOOST,35__FG031,FG031,Shampoo,68065.3832763347,29811.0,75188.0,143253.0,150695.0,0.0
C,CATBOOST,35__FG034,FG034,Liquid Wash,37170.38972759259,15572.0,52742.0,89912.0,148789.0,0.0
C,CATBOOST,35__FG036,FG036,Liquid Wash,38274.783867157974,18121.0,32155.0,70430.0,119226.0,0.0
C,CATBOOST,35__FG037,FG037,Liquid Wash,18929.6131314494,9349.0,32065.0,50995.0,45697.0,5298.0
C,CATBOOST,35__FG040,FG040,Liquid Wash,20808.202725781724,8522.0,27249.0,48057.0,33093.0,14964.0
C,CATBOOST,35__FG042,FG042,Liquid Wash,22596.721848300494,13331.0,35174.0,57771.0,56671.0,1100.0
C,CATBOOST,35__FG044,FG044,Diaper,45560.30098204375,13677.0,45569.0,91129.0,59226.0,31903.0
C,CATBOOST,35__FG047,FG047,Diaper,19034.40531392133,6152.0,19476.0,38510.0,58325.0,0.0
C,CATBOOST,35__FG048,FG048,Diaper,33043.767175911,14244.0,50592.0,83636.0,65399.0,18237.0
C,CATBOOST,35__FG049,FG049,Diaper,61541.813887246935,43192.0,98580.0,160122.0,104400.0,55722.0
C,CATBOOST,35__FG051,FG051,Diaper,18747.472958197235,10024.0,28147.0,46894.0,43138.0,3756.0
C,CATBOOST,35__FG052,FG052,Diaper,65915.45451490654,26603.0,68349.0,134264.0,98530.0,35734.0
C,CATBOOST,35__FG055,FG055,Diaper,17697.202553161766,6542.0,20110.0,37807.0,37187.0,620.0
C,CATBOOST,35__FG057,FG057,Sanitary,33112.62686578752,9651.0,36141.0,69254.0,94617.0,0.0
C,CATBOOST,35__FG060,FG060,Sanitary,35903.08008003488,15289.0,55979.0,91882.0,87500.0,4382.0
C,CATBOOST,35__FG063,FG063,Sanitary,41590.79752934747,16896.0,52941.0,94532.0,69027.0,25505.0
C,CATBOOST,35__FG064,FG064,Lotion/Cream,22661.82658448696,12428.0,41133.0,63795.0,55621.0,8174.0
C,CATBOOST,35__FG068,FG068,Lotion/Cream,18458.003998620137,5906.0,16981.0,35439.0,55610.0,0.0
C,CATBOOST,35__FG071,FG071,Lotion/Cream,21396.21904701392,8599.0,32135.0,53531.0,55846.0,0.0
C,CATBOOST,35__FG072,FG072,Lotion/Cream,7169.510514594643,2637.0,5983.0,13153.0,9559.0,3594.0
C,CATBOOST,35__FG075,FG075,Lotion/Cream,7419.154984580217,3244.0,9921.0,17340.0,12885.0,4455.0
C,CATBOOST,35__FG076,FG076,Talc,5337.983457485879,2608.0,6878.0,12216.0,9161.0,3055.0
C,CATBOOST,35__FG077,FG077,Talc,21017.850539496852,8230.0,25044.0,46062.0,39877.0,6185.0
C,CATBOOST,35__FG079,FG079,Talc,19039.192480946254,7543.0,22774.0,41813.0,42531.0,0.0
C,CATBOOST,35__FG083,FG083,Home Care,30937.77217753491,6879.0,19254.0,50192.0,91176.0,0.0
C,CATBOOST,35__FG086,FG086,Home Care,16549.975562459556,7856.0,23854.0,40404.0,46935.0,0.0
C,CATBOOST,35__FG087,FG087,Home Care,35614.34793214814,10467.0,24713.0,60327.0,96521.0,0.0
C,CATBOOST,35__FG088,FG088,Home Care,26554.07746609976,9484.0,27187.0,53741.0,66555.0,0.0
C,CATBOOST,35__FG090,FG090,Home Care,12481.201033550067,8201.0,21930.0,34411.0,29828.0,4583.0
C,CATBOOST,35__FG093,FG093,Baby Care,6937.10350134382,4530.0,12623.0,19560.0,19371.0,189.0
C,CATBOOST,35__FG094,FG094,Baby Care,9554.79743084762,4927.0,11934.0,21489.0,24635.0,0.0
C,CATBOOST,35__FG096,FG096,Baby Care,5895.154341099375,2211.0,4962.0,10857.0,16704.0,0.0
C,CATBOOST,35__FG097,FG097,Baby Care,8528.405259580768,2155.0,6703.0,15231.0,20725.0,0.0
C,CATBOOST,35__FG100,FG100,Combo,5027.256235681713,2413.0,5094.0,10121.0,8045.0,2076.0
C,CATBOOST,35__FG101,FG101,Combo,5366.796946508619,3704.0,9429.0,14796.0,14586.0,210.0
C,CATBOOST,35__FG102,FG102,Combo,5541.049603960708,2761.0,5716.0,11257.0,25605.0,0.0
C,CATBOOST,40__FG002,FG002,Soap,42486.01418237228,18137.0,59207.0,101693.0,88407.0,13286.0
C,CATBOOST,40__FG004,FG004,Soap,42178.841590807155,12926.0,46669.0,88848.0,120213.0,0.0
C,CATBOOST,40__FG012,FG012,Soap,30152.333794611375,8392.0,44575.0,74727.0,97332.0,0.0
C,CATBOOST,40__FG014,FG014,Soap,45762.32549644337,13580.0,54766.0,100528.0,118001.0,0.0
C,CATBOOST,40__FG020,FG020,Shampoo,35557.01196430727,8619.0,38250.0,73807.0,99844.0,0.0
C,CATBOOST,40__FG023,FG023,Shampoo,29961.168441601163,6992.0,23970.0,53931.0,111661.0,0.0
C,CATBOOST,40__FG024,FG024,Shampoo,27345.727829462696,10839.0,40008.0,67354.0,114873.0,0.0
C,CATBOOST,40__FG025,FG025,Shampoo,17800.3067806165,11043.0,30030.0,47830.0,57384.0,0.0
C,CATBOOST,40__FG027,FG027,Shampoo,38290.44950460557,10768.0,42677.0,80967.0,125459.0,0.0
C,CATBOOST,40__FG029,FG029,Shampoo,14154.79944770003,4299.0,16095.0,30250.0,41537.0,0.0
C,CATBOOST,40__FG030,FG030,Shampoo,32960.31160036908,11028.0,37396.0,70356.0,114363.0,0.0
C,CATBOOST,40__FG031,FG031,Shampoo,50687.766095999395,21686.0,55478.0,106166.0,154287.0,0.0
C,CATBOOST,40__FG035,FG035,Liquid Wash,27750.277682309275,8633.0,39158.0,66908.0,75260.0,0.0
C,CATBOOST,40__FG036,FG036,Liquid Wash,29574.951069843624,7275.0,23048.0,52623.0,113625.0,0.0
C,CATBOOST,40__FG040,FG040,Liquid Wash,15455.73629015082,4488.0,17883.0,33339.0,29080.0,4259.0
C,CATBOOST,40__FG041,FG041,Liquid Wash,10317.81853628816,2978.0,8137.0,18455.0,25347.0,0.0
C,CATBOOST,40__FG042,FG042,Liquid Wash,17628.500045820463,5098.0,22139.0,39768.0,55696.0,0.0
C,CATBOOST,40__FG044,FG044,Diaper,36279.2145393039,10108.0,36713.0,72992.0,50859.0,22133.0
C,CATBOOST,40__FG045,FG045,Diaper,55150.94415399429,9841.0,30063.0,85214.0,107294.0,0.0
C,CATBOOST,40__FG048,FG048,Diaper,27005.3243132263,8259.0,40665.0,67670.0,62514.0,5156.0
C,CATBOOST,40__FG050,FG050,Diaper,19398.875588640305,5888.0,25287.0,44686.0,34949.0,9737.0
C,CATBOOST,40__FG052,FG052,Diaper,52509.86593330194,11448.0,49955.0,102465.0,87395.0,15070.0
C,CATBOOST,40__FG054,FG054,Diaper,51594.7494989164,14889.0,52725.0,104320.0,115297.0,0.0
C,CATBOOST,40__FG056,FG056,Sanitary,24753.830486857983,3596.0,11847.0,36601.0,76452.0,0.0
C,CATBOOST,40__FG057,FG057,Sanitary,28801.446298206843,6963.0,29044.0,57845.0,75355.0,0.0
C,CATBOOST,40__FG058,FG058,Sanitary,36747.75015169746,7701.0,26075.0,62823.0,83889.0,0.0
C,CATBOOST,40__FG059,FG059,Sanitary,13651.93179009303,4165.0,16452.0,30104.0,47093.0,0.0
C,CATBOOST,40__FG060,FG060,Sanitary,31976.643475031713,9611.0,43719.0,75696.0,89291.0,0.0
C,CATBOOST,40__FG062,FG062,Sanitary,15645.083051623178,5798.0,20400.0,36045.0,24637.0,11408.0
C,CATBOOST,40__FG064,FG064,Lotion/Cream,17043.044454411425,4565.0,27289.0,44332.0,51942.0,0.0
C,CATBOOST,40__FG065,FG065,Lotion/Cream,25045.102808369877,6583.0,22445.0,47490.0,59053.0,0.0
C,CATBOOST,40__FG066,FG066,Lotion/Cream,8511.524629743428,3158.0,8832.0,17344.0,21208.0,0.0
C,CATBOOST,40__FG068,FG068,Lotion/Cream,14676.646980851954,4163.0,12480.0,27157.0,53238.0,0.0
C,CATBOOST,40__FG074,FG074,Lotion/Cream,5331.680737799868,1410.0,3187.0,8519.0,15698.0,0.0
C,CATBOOST,40__FG076,FG076,Talc,4772.11081808243,2306.0,6283.0,11055.0,7838.0,3217.0
C,CATBOOST,40__FG077,FG077,Talc,16790.835591598603,7116.0,18870.0,35661.0,36742.0,0.0
C,CATBOOST,40__FG081,FG081,Talc,5207.069572578483,2533.0,8608.0,13815.0,11975.0,1840.0
C,CATBOOST,40__FG082,FG082,Home Care,28954.067313670876,11498.0,36592.0,65546.0,85781.0,0.0
C,CATBOOST,40__FG083,FG083,Home Care,24324.36029485027,5253.0,14983.0,39307.0,80409.0,0.0
C,CATBOOST,40__FG085,FG085,Home Care,6685.221136661393,3110.0,9127.0,15812.0,10696.0,5116.0
C,CATBOOST,40__FG086,FG086,Home Care,13207.221297120122,3638.0,17726.0,30933.0,45966.0,0.0
C,CATBOOST,40__FG088,FG088,Home Care,21831.342597528397,7259.0,21813.0,43644.0,48349.0,0.0
C,CATBOOST,40__FG090,FG090,Home Care,9948.47276284087,4294.0,15569.0,25517.0,29902.0,0.0
C,CATBOOST,40__FG091,FG091,Home Care,20255.924690430707,7351.0,23556.0,43812.0,68488.0,0.0
C,CATBOOST,40__FG092,FG092,Baby Care,16385.034597226884,5861.0,23885.0,40270.0,36095.0,4175.0
C,CATBOOST,40__FG093,FG093,Baby Care,6439.102194573927,3030.0,10542.0,16981.0,16653.0,328.0
C,CATBOOST,40__FG094,FG094,Baby Care,8421.492007518851,3531.0,9987.0,18408.0,21792.0,0.0
C,CATBOOST,40__FG096,FG096,Baby Care,5345.956359492862,1650.0,4679.0,10025.0,13130.0,0.0
C,CATBOOST,40__FG098,FG098,Baby Care,8393.523459048076,2351.0,10465.0,18859.0,19759.0,0.0
C,CATBOOST,40__FG100,FG100,Combo,4632.308180764881,1411.0,3264.0,7896.0,6554.0,1342.0
C,CATBOOST,40__FG101,FG101,Combo,4732.173668702855,2944.0,8149.0,12881.0,12329.0,552.0
C,CATBOOST,40__FG102,FG102,Combo,4839.763024640259,2164.0,5229.0,10069.0,19567.0,0.0
C,CATBOOST,41__FG002,FG002,Soap,55007.300217782904,20381.0,73555.0,128562.0,95066.0,33496.0
C,CATBOOST,41__FG004,FG004,Soap,51907.01709943077,13413.0,53208.0,105115.0,140108.0,0.0
C,CATBOOST,41__FG007,FG007,Soap,43332.00113934297,13920.0,38475.0,81807.0,167439.0,0.0
C,CATBOOST,41__FG008,FG008,Soap,41608.21504047226,13956.0,59725.0,101333.0,84800.0,16533.0
C,CATBOOST,41__FG012,FG012,Soap,36441.08891816464,10488.0,56647.0,93088.0,99530.0,0.0
C,CATBOOST,41__FG013,FG013,Soap,88121.58193922907,34317.0,122439.0,210561.0,273223.0,0.0
C,CATBOOST,41__FG015,FG015,Soap,66895.3478611651,18447.0,85342.0,152237.0,208218.0,0.0
C,CATBOOST,41__FG016,FG016,Shampoo,25463.685095160352,8191.0,33655.0,59119.0,45205.0,13914.0
C,CATBOOST,41__FG017,FG017,Shampoo,32679.29602849699,8422.0,31298.0,63977.0,65792.0,0.0
C,CATBOOST,41__FG018,FG018,Shampoo,36061.14438451073,6362.0,18382.0,54443.0,73171.0,0.0
C,CATBOOST,41__FG019,FG019,Shampoo,57257.528357318915,15681.0,76756.0,134014.0,183728.0,0.0
C,CATBOOST,41__FG020,FG020,Shampoo,47558.0009115372,15913.0,57130.0,104688.0,118314.0,0.0
C,CATBOOST,41__FG023,FG023,Shampoo,38839.37670172567,9548.0,32852.0,71691.0,155015.0,0.0
C,CATBOOST,41__FG024,FG024,Shampoo,37774.1027854569,13061.0,54613.0,92387.0,127823.0,0.0
C,CATBOOST,41__FG026,FG026,Shampoo,37345.4407527673,14064.0,52654.0,89999.0,122774.0,0.0
C,CATBOOST,41__FG028,FG028,Shampoo,38353.25565811207,15535.0,57724.0,96077.0,101096.0,0.0
C,CATBOOST,41__FG029,FG029,Shampoo,18384.219225055836,6028.0,20123.0,38507.0,47609.0,0.0
C,CATBOOST,41__FG033,FG033,Shampoo,47011.30621694399,10864.0,35937.0,82948.0,86128.0,0.0
C,CATBOOST,41__FG034,FG034,Liquid Wash,43447.07003077025,13290.0,50944.0,94391.0,162671.0,0.0
C,CATBOOST,41__FG037,FG037,Liquid Wash,19000.579313748272,13915.0,34816.0,53817.0,47149.0,6668.0
C,CATBOOST,41__FG039,FG039,Liquid Wash,16673.447531913385,4303.0,12640.0,29313.0,40392.0,0.0
C,CATBOOST,41__FG041,FG041,Liquid Wash,16373.604195705491,4205.0,12938.0,29312.0,29289.0,23.0
C,CATBOOST,41__FG043,FG043,Liquid Wash,43065.64029668182,11558.0,60366.0,103432.0,111915.0,0.0
C,CATBOOST,41__FG046,FG046,Diaper,67471.67276207048,13224.0,87443.0,154915.0,197397.0,0.0
C,CATBOOST,41__FG047,FG047,Diaper,19262.287495630277,4137.0,19547.0,38809.0,61137.0,0.0
C,CATBOOST,41__FG049,FG049,Diaper,65931.92436445528,21049.0,82585.0,148517.0,115214.0,33303.0
C,CATBOOST,41__FG050,FG050,Diaper,24749.550414249086,5843.0,33068.0,57818.0,37822.0,19996.0
C,CATBOOST,41__FG052,FG052,Diaper,68934.5339860085,11957.0,62509.0,131444.0,106201.0,25243.0
C,CATBOOST,41__FG053,FG053,Diaper,56478.035784438514,8231.0,45883.0,102361.0,145190.0,0.0
C,CATBOOST,41__FG054,FG054,Diaper,70645.5043416784,15116.0,69278.0,139924.0,129373.0,10551.0
C,CATBOOST,41__FG056,FG056,Sanitary,32366.65958435552,6743.0,16453.0,48820.0,91056.0,0.0
C,CATBOOST,41__FG061,FG061,Sanitary,21499.057259210687,6405.0,30054.0,51553.0,52487.0,0.0
C,CATBOOST,41__FG064,FG064,Lotion/Cream,23890.28615910009,6282.0,37339.0,61229.0,57100.0,4129.0
C,CATBOOST,41__FG065,FG065,Lotion/Cream,36929.356425128535,10900.0,35520.0,72449.0,76665.0,0.0
C,CATBOOST,41__FG066,FG066,Lotion/Cream,13168.526261148982,4625.0,13843.0,27012.0,26517.0,495.0
C,CATBOOST,41__FG067,FG067,Lotion/Cream,32451.616962509554,12008.0,52032.0,84484.0,71530.0,12954.0
C,CATBOOST,41__FG069,FG069,Lotion/Cream,31412.64452766285,6647.0,18165.0,49578.0,78471.0,0.0
C,CATBOOST,41__FG071,FG071,Lotion/Cream,23314.455343979444,10053.0,38030.0,61344.0,65546.0,0.0
C,CATBOOST,41__FG072,FG072,Lotion/Cream,8169.061621533776,2369.0,6998.0,15167.0,10731.0,4436.0
C,CATBOOST,41__FG075,FG075,Lotion/Cream,7967.621951974995,2358.0,9263.0,17231.0,12365.0,4866.0
C,CATBOOST,41__FG076,FG076,Talc,5956.2164109060805,2538.0,7502.0,13458.0,8965.0,4493.0
C,CATBOOST,41__FG077,FG077,Talc,22818.509817159673,6125.0,23619.0,46438.0,45053.0,1385.0
C,CATBOOST,41__FG078,FG078,Talc,9852.779417965392,2882.0,9779.0,19632.0,24090.0,0.0
C,CATBOOST,41__FG080,FG080,Talc,27226.569128082003,20585.0,44181.0,71408.0,79363.0,0.0
C,CATBOOST,41__FG084,FG084,Home Care,28332.02372077819,8097.0,38318.0,66650.0,49085.0,17565.0
C,CATBOOST,41__FG086,FG086,Home Care,18272.928546126488,8931.0,27813.0,46086.0,50626.0,0.0
C,CATBOOST,41__FG088,FG088,Home Care,30573.80377867155,7947.0,24253.0,54827.0,62149.0,0.0
C,CATBOOST,41__FG090,FG090,Home Care,14740.459459440444,5022.0,23202.0,37942.0,34183.0,3759.0
C,CATBOOST,41__FG091,FG091,Home Care,25575.82898089278,14654.0,35967.0,61543.0,76599.0,0.0
C,CATBOOST,41__FG092,FG092,Baby Care,21014.442651192265,8524.0,30939.0,51953.0,42409.0,9544.0
C,CATBOOST,41__FG093,FG093,Baby Care,8694.91282838146,2633.0,12197.0,20892.0,20836.0,56.0
C,CATBOOST,41__FG094,FG094,Baby Care,12427.091900884545,3886.0,12171.0,24598.0,26282.0,0.0
C,CATBOOST,41__FG095,FG095,Baby Care,23784.640726570866,6725.0,35267.0,59052.0,40831.0,18221.0
C,CATBOOST,41__FG096,FG096,Baby Care,7389.349525906952,1665.0,5113.0,12502.0,16339.0,0.0
C,CATBOOST,41__FG098,FG098,Baby Care,11690.976158327618,2774.0,12906.0,24597.0,22505.0,2092.0
C,CATBOOST,41__FG100,FG100,Combo,5286.84069720874,1802.0,3917.0,9204.0,8282.0,922.0
C,CATBOOST,41__FG101,FG101,Combo,5766.9224011879005,3784.0,10512.0,16279.0,16815.0,0.0
C,CATBOOST,41__FG103,FG103,Combo,4766.763406907983,3131.0,8057.0,12824.0,9702.0,3122.0
C,CATBOOST,49__FG001,FG001,Soap,21988.03433487018,6109.0,16370.0,38358.0,73607.0,0.0
C,CATBOOST,49__FG002,FG002,Soap,42723.69875350705,18202.0,62350.0,105074.0,91801.0,13273.0
C,CATBOOST,49__FG003,FG003,Soap,73217.28309608035,30059.0,100836.0,174053.0,244118.0,0.0
C,CATBOOST,49__FG004,FG004,Soap,43480.91837976368,22131.0,58365.0,101846.0,130486.0,0.0
C,CATBOOST,49__FG005,FG005,Soap,34169.4589432413,10567.0,34486.0,68655.0,103027.0,0.0
C,CATBOOST,49__FG006,FG006,Soap,56568.98776213579,42414.0,112182.0,168751.0,103854.0,64897.0
C,CATBOOST,49__FG008,FG008,Soap,35729.58233664236,10740.0,47661.0,83391.0,81625.0,1766.0
C,CATBOOST,49__FG010,FG010,Soap,64458.20009848331,10647.0,38579.0,103037.0,181151.0,0.0
C,CATBOOST,49__FG014,FG014,Soap,48478.52495665247,18313.0,63560.0,112039.0,129900.0,0.0
C,CATBOOST,49__FG015,FG015,Soap,51825.63421851044,18733.0,74014.0,125840.0,198677.0,0.0
C,CATBOOST,49__FG016,FG016,Shampoo,21482.601997197027,6445.0,29360.0,50843.0,45818.0,5025.0
C,CATBOOST,49__FG019,FG019,Shampoo,46432.19340787237,16474.0,66002.0,112434.0,173360.0,0.0
C,CATBOOST,49__FG020,FG020,Shampoo,40831.39424760588,25886.0,59912.0,100743.0,112575.0,0.0
C,CATBOOST,49__FG022,FG022,Shampoo,41320.20858201536,11123.0,41424.0,82744.0,93199.0,0.0
C,CATBOOST,49__FG024,FG024,Shampoo,30961.11216107094,22255.0,54248.0,85209.0,116687.0,0.0
C,CATBOOST,49__FG025,FG025,Shampoo,19052.981919042355,8786.0,30379.0,49432.0,62871.0,0.0
C,CATBOOST,49__FG027,FG027,Shampoo,45264.32329117167,15314.0,48508.0,93772.0,141040.0,0.0
C,CATBOOST,49__FG028,FG028,Shampoo,32830.89175807535,17098.0,51023.0,83854.0,99494.0,0.0
C,CATBOOST,49__FG029,FG029,Shampoo,16311.784090813337,6118.0,19711.0,36023.0,41996.0,0.0
C,CATBOOST,49__FG030,FG030,Shampoo,36382.11672996476,12008.0,41114.0,77496.0,102065.0,0.0
C,CATBOOST,49__FG031,FG031,Shampoo,57610.267415441485,20280.0,60607.0,118217.0,152255.0,0.0
C,CATBOOST,49__FG032,FG032,Shampoo,14559.808869402425,5514.0,14250.0,28810.0,37672.0,0.0
C,CATBOOST,49__FG034,FG034,Liquid Wash,34565.35211919367,15630.0,46739.0,81304.0,129621.0,0.0
C,CATBOOST,49__FG036,FG036,Liquid Wash,34749.78372828608,7415.0,20157.0,54907.0,133049.0,0.0
C,CATBOOST,49__FG037,FG037,Liquid Wash,16005.41182556469,6920.0,23459.0,39464.0,41182.0,0.0
C,CATBOOST,49__FG038,FG038,Liquid Wash,29313.659030698895,9848.0,46002.0,75316.0,66340.0,8976.0
C,CATBOOST,49__FG039,FG039,Liquid Wash,12855.204932476005,3402.0,9830.0,22685.0,38199.0,0.0
C,CATBOOST,49__FG040,FG040,Liquid Wash,18444.638813629113,6123.0,22723.0,41168.0,32132.0,9036.0
C,CATBOOST,49__FG042,FG042,Liquid Wash,19822.4170482029,9172.0,28334.0,48156.0,59703.0,0.0
C,CATBOOST,49__FG043,FG043,Liquid Wash,35373.854937759716,14771.0,52503.0,87877.0,95235.0,0.0
C,CATBOOST,49__FG044,FG044,Diaper,39129.52240002921,12502.0,38588.0,77718.0,62595.0,15123.0
C,CATBOOST,49__FG045,FG045,Diaper,60956.10970644244,14055.0,36406.0,97362.0,119403.0,0.0
C,CATBOOST,49__FG047,FG047,Diaper,18014.95366579128,4307.0,18118.0,36133.0,61286.0,0.0
C,CATBOOST,49__FG049,FG049,Diaper,57903.706731727085,17628.0,71671.0,129575.0,105835.0,23740.0
C,CATBOOST,49__FG051,FG051,Diaper,18474.537278276563,6108.0,24583.0,43058.0,40908.0,2150.0
C,CATBOOST,49__FG052,FG052,Diaper,59058.19356947871,18630.0,59971.0,119029.0,92673.0,26356.0
C,CATBOOST,49__FG053,FG053,Diaper,47549.9490442462,20687.0,50802.0,98352.0,155719.0,0.0
C,CATBOOST,49__FG055,FG055,Diaper,15817.830354943946,3936.0,16063.0,31881.0,33376.0,0.0
C,CATBOOST,49__FG058,FG058,Sanitary,35984.45289269116,13011.0,29804.0,65788.0,80833.0,0.0
C,CATBOOST,49__FG060,FG060,Sanitary,33175.281645939634,9891.0,47490.0,80665.0,82046.0,0.0
C,CATBOOST,49__FG061,FG061,Sanitary,17899.215403551818,6335.0,26621.0,44520.0,47676.0,0.0
C,CATBOOST,49__FG064,FG064,Lotion/Cream,18799.43152697731,6369.0,31435.0,50234.0,53996.0,0.0
C,CATBOOST,49__FG065,FG065,Lotion/Cream,28200.268562555608,10610.0,31290.0,59490.0,66970.0,0.0
C,CATBOOST,49__FG066,FG066,Lotion/Cream,9480.888860427582,4215.0,10536.0,20017.0,23991.0,0.0
C,CATBOOST,49__FG069,FG069,Lotion/Cream,23315.739830970186,5804.0,12799.0,36115.0,84136.0,0.0
C,CATBOOST,49__FG072,FG072,Lotion/Cream,6072.3325795704895,2863.0,6102.0,12174.0,9359.0,2815.0
C,CATBOOST,49__FG073,FG073,Lotion/Cream,22175.5445535675,5975.0,24455.0,46631.0,67577.0,0.0
C,CATBOOST,49__FG077,FG077,Talc,18872.32799209693,6031.0,19871.0,38743.0,42215.0,0.0
C,CATBOOST,49__FG078,FG078,Talc,8144.607827478587,2940.0,7284.0,15429.0,22786.0,0.0
C,CATBOOST,49__FG086,FG086,Home Care,15555.764057882923,3992.0,21622.0,37178.0,42367.0,0.0
C,CATBOOST,49__FG087,FG087,Home Care,32448.83386012406,5276.0,18256.0,50705.0,96905.0,0.0
C,CATBOOST,49__FG089,FG089,Home Care,16049.992996658617,6680.0,23265.0,39315.0,47862.0,0.0
C,CATBOOST,49__FG093,FG093,Baby Care,6483.0222899045375,3068.0,10199.0,16682.0,19026.0,0.0
C,CATBOOST,49__FG094,FG094,Baby Care,9351.005701566091,3577.0,10434.0,19785.0,25268.0,0.0
C,CATBOOST,49__FG096,FG096,Baby Care,5601.007589824003,1432.0,4233.0,9834.0,14863.0,0.0
C,CATBOOST,49__FG097,FG097,Baby Care,8103.847604035859,2639.0,7501.0,15605.0,22979.0,0.0
C,CATBOOST,49__FG098,FG098,Baby Care,8898.452431549178,2958.0,11263.0,20161.0,19747.0,414.0
C,CATBOOST,49__FG099,FG099,Combo,6290.5501322295095,3086.0,8118.0,14409.0,19927.0,0.0
C,CATBOOST,49__FG101,FG101,Combo,5302.616699686146,3641.0,9827.0,15130.0,15514.0,0.0
C,CATBOOST,50__FG001,FG001,Soap,23998.571705083115,5305.0,14904.0,38903.0,78954.0,0.0
C,CATBOOST,50__FG002,FG002,Soap,48388.479328246634,16861.0,63637.0,112025.0,93676.0,18349.0
C,CATBOOST,50__FG003,FG003,Soap,81192.96226262738,27800.0,108993.0,190186.0,228670.0,0.0
C,CATBOOST,50__FG004,FG004,Soap,47660.76089608797,11067.0,46018.0,93679.0,125642.0,0.0
C,CATBOOST,50__FG005,FG005,Soap,37162.53668965157,15063.0,44793.0,81956.0,98613.0,0.0
C,CATBOOST,50__FG006,FG006,Soap,67408.39395124797,32321.0,115458.0,182866.0,122098.0,60768.0
C,CATBOOST,50__FG007,FG007,Soap,42459.607511695096,14217.0,36862.0,79322.0,153988.0,0.0
C,CATBOOST,50__FG009,FG009,Soap,34484.91565250743,7366.0,30356.0,64841.0,49624.0,15217.0
C,CATBOOST,50__FG011,FG011,Soap,55516.248415665425,24542.0,70806.0,126322.0,140797.0,0.0
C,CATBOOST,50__FG012,FG012,Soap,34419.838023035176,15241.0,56545.0,90965.0,90298.0,667.0
C,CATBOOST,50__FG015,FG015,Soap,60954.34993881414,25675.0,92725.0,153679.0,192464.0,0.0
C,CATBOOST,50__FG017,FG017,Shampoo,29833.881660747764,6216.0,25111.0,54945.0,61527.0,0.0
C,CATBOOST,50__FG019,FG019,Shampoo,50441.0649290329,19579.0,76746.0,127187.0,171282.0,0.0
C,CATBOOST,50__FG022,FG022,Shampoo,45117.88033799317,12571.0,44154.0,89272.0,93238.0,0.0
C,CATBOOST,50__FG023,FG023,Shampoo,35706.66086227509,11713.0,29566.0,65273.0,140974.0,0.0
C,CATBOOST,50__FG025,FG025,Shampoo,20666.007732759314,12180.0,34913.0,55579.0,58778.0,0.0
C,CATBOOST,50__FG026,FG026,Shampoo,33293.95779159007,13602.0,49116.0,82410.0,113464.0,0.0
C,CATBOOST,50__FG027,FG027,Shampoo,47048.24068641863,14007.0,45372.0,92420.0,136018.0,0.0
C,CATBOOST,50__FG028,FG028,Shampoo,34466.61507143261,15596.0,51212.0,85679.0,94459.0,0.0
C,CATBOOST,50__FG029,FG029,Shampoo,17261.88307583657,8937.0,23897.0,41159.0,46679.0,0.0
C,CATBOOST,50__FG030,FG030,Shampoo,39353.70012896711,10675.0,42158.0,81512.0,113283.0,0.0
C,CATBOOST,50__FG037,FG037,Liquid Wash,18121.574428673724,8075.0,27405.0,45527.0,45146.0,381.0
C,CATBOOST,50__FG039,FG039,Liquid Wash,14904.987642508431,6022.0,13971.0,28876.0,38490.0,0.0
C,CATBOOST,50__FG041,FG041,Liquid Wash,14727.986691418078,4980.0,13326.0,28054.0,29857.0,0.0
C,CATBOOST,50__FG043,FG043,Liquid Wash,38998.17450685115,11235.0,54133.0,93131.0,101168.0,0.0
C,CATBOOST,50__FG046,FG046,Diaper,62175.19953352073,18494.0,95177.0,157352.0,187252.0,0.0
C,CATBOOST,50__FG051,FG051,Diaper,18276.778812869932,7418.0,25695.0,43972.0,41839.0,2133.0
C,CATBOOST,50__FG056,FG056,Sanitary,29578.143212243456,5866.0,16711.0,46289.0,81217.0,0.0
C,CATBOOST,50__FG057,FG057,Sanitary,33327.60859455492,6105.0,32767.0,66095.0,85299.0,0.0
C,CATBOOST,50__FG058,FG058,Sanitary,42928.45472843483,8816.0,28849.0,71777.0,76449.0,0.0
C,CATBOOST,50__FG061,FG061,Sanitary,20141.67889764531,7275.0,29431.0,49573.0,50739.0,0.0
C,CATBOOST,50__FG063,FG063,Sanitary,43056.945363135244,12531.0,46977.0,90034.0,70792.0,19242.0
C,CATBOOST,50__FG064,FG064,Lotion/Cream,20002.307517509715,9340.0,34676.0,54678.0,50529.0,4149.0
C,CATBOOST,50__FG066,FG066,Lotion/Cream,10526.96255648274,5631.0,13000.0,23527.0,24036.0,0.0
C,CATBOOST,50__FG070,FG070,Lotion/Cream,22301.65336658198,8420.0,27748.0,50050.0,42408.0,7642.0
C,CATBOOST,50__FG072,FG072,Lotion/Cream,6545.7264652486965,2336.0,6045.0,12591.0,10521.0,2070.0
C,CATBOOST,50__FG073,FG073,Lotion/Cream,23217.722502195888,10832.0,29406.0,52624.0,63644.0,0.0
C,CATBOOST,50__FG075,FG075,Lotion/Cream,6628.646982563708,2480.0,8225.0,14854.0,12665.0,2189.0
C,CATBOOST,50__FG076,FG076,Talc,5103.1489671441195,2501.0,6413.0,11516.0,8717.0,2799.0
C,CATBOOST,50__FG077,FG077,Talc,18659.174109940817,6033.0,19716.0,38375.0,41678.0,0.0
C,CATBOOST,50__FG079,FG079,Talc,17430.40414637625,5776.0,19720.0,37150.0,45186.0,0.0
C,CATBOOST,50__FG080,FG080,Talc,24515.753993651873,7589.0,27202.0,51718.0,70791.0,0.0
C,CATBOOST,50__FG081,FG081,Talc,5709.712528766537,3727.0,10769.0,16479.0,12783.0,3696.0
C,CATBOOST,50__FG083,FG083,Home Care,29686.048109744566,6951.0,19815.0,49501.0,104861.0,0.0
C,CATBOOST,50__FG085,FG085,Home Care,7767.817681652074,4483.0,11992.0,19760.0,12233.0,7527.0
C,CATBOOST,50__FG086,FG086,Home Care,15673.813322117649,4780.0,20454.0,36128.0,44790.0,0.0
C,CATBOOST,50__FG087,FG087,Home Care,34727.375833138365,8733.0,24939.0,59666.0,100089.0,0.0
C,CATBOOST,50__FG088,FG088,Home Care,25801.854800156063,8571.0,24052.0,49854.0,63742.0,0.0
C,CATBOOST,50__FG089,FG089,Home Care,17723.512360463854,7151.0,24284.0,42008.0,47317.0,0.0
C,CATBOOST,50__FG093,FG093,Baby Care,6714.3278632568945,2743.0,10129.0,16843.0,18611.0,0.0
C,CATBOOST,50__FG095,FG095,Baby Care,19118.14176225841,13011.0,36590.0,55708.0,36280.0,19428.0
C,CATBOOST,50__FG096,FG096,Baby Care,5780.310151258944,2238.0,5514.0,11294.0,13974.0,0.0
C,CATBOOST,50__FG097,FG097,Baby Care,8252.52836103407,1967.0,6643.0,14896.0,22398.0,0.0
C,CATBOOST,50__FG099,FG099,Combo,6143.198383602923,4179.0,9298.0,15441.0,18660.0,0.0
C,CATBOOST,50__FG100,FG100,Combo,4983.2965726681805,2028.0,4187.0,9170.0,7800.0,1370.0
C,CATBOOST,50__FG101,FG101,Combo,5333.26065394907,4725.0,10947.0,16280.0,14169.0,2111.0
C,CATBOOST,5__FG002,FG002,Soap,54872.90730824413,29465.0,82509.0,137382.0,92912.0,44470.0
C,CATBOOST,5__FG004,FG004,Soap,51149.79384221128,22418.0,61633.0,112783.0,132967.0,0.0
C,CATBOOST,5__FG005,FG005,Soap,36898.724285439064,13324.0,42843.0,79742.0,100411.0,0.0
C,CATBOOST,5__FG006,FG006,Soap,67405.5056880231,33430.0,114317.0,181723.0,116865.0,64858.0
C,CATBOOST,5__FG008,FG008,Soap,38761.16933107499,14480.0,55825.0,94586.0,87351.0,7235.0
C,CATBOOST,5__FG009,FG009,Soap,34269.53012594235,8014.0,29718.0,63988.0,50938.0,13050.0
C,CATBOOST,5__FG011,FG011,Soap,58986.08477640298,19874.0,65097.0,124083.0,142497.0,0.0
C,CATBOOST,5__FG012,FG012,Soap,36028.30268819367,11688.0,54922.0,90950.0,92627.0,0.0
C,CATBOOST,5__FG013,FG013,Soap,82028.70664627806,44709.0,134941.0,216970.0,250464.0,0.0
C,CATBOOST,5__FG014,FG014,Soap,53459.22820988524,19374.0,69269.0,122728.0,129968.0,0.0
C,CATBOOST,5__FG018,FG018,Shampoo,33367.45322093683,8698.0,23157.0,56524.0,67055.0,0.0
C,CATBOOST,5__FG019,FG019,Shampoo,53132.669391009986,19245.0,72378.0,125511.0,175642.0,0.0
C,CATBOOST,5__FG023,FG023,Shampoo,38709.92307295552,10254.0,33480.0,72190.0,133520.0,0.0
C,CATBOOST,5__FG024,FG024,Shampoo,34744.96223236441,14186.0,52405.0,87150.0,123174.0,0.0
C,CATBOOST,5__FG026,FG026,Shampoo,34429.11014095621,14380.0,49957.0,84386.0,103353.0,0.0
C,CATBOOST,5__FG030,FG030,Shampoo,42326.98587924718,13667.0,43296.0,85623.0,117480.0,0.0
C,CATBOOST,5__FG035,FG035,Liquid Wash,35969.17060044681,12599.0,53364.0,89333.0,78078.0,11255.0
C,CATBOOST,5__FG038,FG038,Liquid Wash,31719.54308986235,14084.0,52147.0,83867.0,70933.0,12934.0
C,CATBOOST,5__FG040,FG040,Liquid Wash,21024.178211565137,6688.0,27712.0,48736.0,33385.0,15351.0
C,CATBOOST,5__FG041,FG041,Liquid Wash,14651.69662241202,4014.0,11828.0,26480.0,30641.0,0.0
C,CATBOOST,5__FG042,FG042,Liquid Wash,22294.57990442305,8515.0,30066.0,52361.0,59842.0,0.0
C,CATBOOST,5__FG043,FG043,Liquid Wash,39147.14064113101,14617.0,57679.0,96826.0,102341.0,0.0
C,CATBOOST,5__FG044,FG044,Diaper,45903.72353172962,11754.0,43887.0,89791.0,63971.0,25820.0
C,CATBOOST,5__FG046,FG046,Diaper,66471.96902180192,18925.0,94260.0,160732.0,188677.0,0.0
C,CATBOOST,5__FG047,FG047,Diaper,19216.036256282463,5811.0,20543.0,39759.0,58925.0,0.0
C,CATBOOST,5__FG049,FG049,Diaper,63757.68192403178,22097.0,83729.0,147487.0,103996.0,43491.0
C,CATBOOST,5__FG050,FG050,Diaper,25317.28201425355,9786.0,35103.0,60420.0,38066.0,22354.0
C,CATBOOST,5__FG052,FG052,Diaper,69805.7651815416,14836.0,56719.0,126525.0,98049.0,28476.0
C,CATBOOST,5__FG053,FG053,Diaper,54931.23030959978,13310.0,49931.0,104862.0,160036.0,0.0
C,CATBOOST,5__FG054,FG054,Diaper,68530.23735261855,24084.0,81193.0,149723.0,127902.0,21821.0
C,CATBOOST,5__FG055,FG055,Diaper,17762.305367143283,5053.0,18671.0,36433.0,39626.0,0.0
C,CATBOOST,5__FG057,FG057,Sanitary,37813.74621749282,11422.0,41673.0,79487.0,84996.0,0.0
C,CATBOOST,5__FG058,FG058,Sanitary,47922.123020195904,13390.0,35754.0,83676.0,87062.0,0.0
C,CATBOOST,5__FG060,FG060,Sanitary,41957.16389886031,13855.0,58609.0,100566.0,87900.0,12666.0
C,CATBOOST,5__FG068,FG068,Lotion/Cream,18472.31537093881,4447.0,15530.0,34002.0,54152.0,0.0
C,CATBOOST,5__FG069,FG069,Lotion/Cream,27940.278191887373,5290.0,15535.0,43475.0,83399.0,0.0
C,CATBOOST,5__FG071,FG071,Lotion/Cream,21223.70919447127,8622.0,35505.0,56729.0,58280.0,0.0
C,CATBOOST,5__FG073,FG073,Lotion/Cream,25651.034976585343,7394.0,26205.0,51856.0,69699.0,0.0
C,CATBOOST,5__FG076,FG076,Talc,5255.648050128099,3256.0,7811.0,13067.0,8731.0,4336.0
C,CATBOOST,5__FG080,FG080,Talc,26038.146311882025,7897.0,33067.0,59105.0,72243.0,0.0
C,CATBOOST,5__FG082,FG082,Home Care,37773.7597406967,16916.0,44617.0,82391.0,93710.0,0.0
C,CATBOOST,5__FG083,FG083,Home Care,33703.566708261875,10036.0,25764.0,59468.0,91660.0,0.0
C,CATBOOST,5__FG084,FG084,Home Care,26348.315005928904,12643.0,42504.0,68852.0,41067.0,27785.0
C,CATBOOST,5__FG085,FG085,Home Care,9499.80888396176,3825.0,11742.0,21242.0,11260.0,9982.0
C,CATBOOST,5__FG086,FG086,Home Care,17307.321286968203,5083.0,23544.0,40851.0,47092.0,0.0
C,CATBOOST,5__FG087,FG087,Home Care,39001.322419357166,7598.0,27099.0,66100.0,103186.0,0.0
C,CATBOOST,5__FG093,FG093,Baby Care,7975.370369348182,3597.0,13167.0,21142.0,19189.0,1953.0
C,CATBOOST,5__FG096,FG096,Baby Care,6521.96418821929,1636.0,4462.0,10984.0,15868.0,0.0
C,CATBOOST,5__FG098,FG098,Baby Care,10161.39620910668,3031.0,13192.0,23353.0,21996.0,1357.0
C,CATBOOST,5__FG099,FG099,Combo,6208.649999314022,3729.0,9110.0,15319.0,19673.0,0.0
C,CATBOOST,5__FG100,FG100,Combo,5129.960110118793,1717.0,4111.0,9241.0,7056.0,2185.0
C,CATBOOST,5__FG101,FG101,Combo,5252.86011098004,3620.0,9398.0,14651.0,15182.0,0.0
C,CATBOOST,5__FG102,FG102,Combo,5534.4576995863135,2479.0,5800.0,11334.0,23520.0,0.0
C,XGBOOST,10__FG002,FG002,Soap,48088.919053819445,28762.0,73645.0,121734.0,85817.0,35917.0
C,XGBOOST,10__FG008,FG008,Soap,40184.60275607639,11127.0,48633.0,88818.0,83559.0,5259.0
C,XGBOOST,10__FG009,FG009,Soap,35023.38498263889,6627.0,29976.0,64999.0,49276.0,15723.0
C,XGBOOST,10__FG012,FG012,Soap,35233.42165798611,10493.0,51599.0,86832.0,96115.0,0.0
C,XGBOOST,10__FG013,FG013,Soap,78163.91124131944,29718.0,110487.0,188651.0,293626.0,0.0
C,XGBOOST,10__FG014,FG014,Soap,49568.67947048611,15575.0,65144.0,114713.0,131102.0,0.0
C,XGBOOST,10__FG016,FG016,Shampoo,22008.806206597223,5999.0,29475.0,51484.0,44275.0,7209.0
C,XGBOOST,10__FG018,FG018,Shampoo,31174.294053819445,7479.0,24105.0,55279.0,63053.0,0.0
C,XGBOOST,10__FG019,FG019,Shampoo,46863.216145833336,13356.0,66468.0,113331.0,174237.0,0.0
C,XGBOOST,10__FG021,FG021,Shampoo,31546.59206814236,7567.0,30701.0,62248.0,54246.0,8002.0
C,XGBOOST,10__FG022,FG022,Shampoo,41331.2861328125,7460.0,35014.0,76345.0,91256.0,0.0
C,XGBOOST,10__FG023,FG023,Shampoo,31225.078993055555,6491.0,24185.0,55410.0,132485.0,0.0
C,XGBOOST,10__FG026,FG026,Shampoo,30203.957139756945,9770.0,41988.0,72192.0,120942.0,0.0
C,XGBOOST,10__FG028,FG028,Shampoo,32560.689398871527,10724.0,47626.0,80187.0,102997.0,0.0
C,XGBOOST,10__FG032,FG032,Shampoo,14160.593668619793,3666.0,11690.0,25851.0,41210.0,0.0
C,XGBOOST,10__FG036,FG036,Liquid Wash,37868.653645833336,6293.0,21440.0,59309.0,124223.0,0.0
C,XGBOOST,10__FG037,FG037,Liquid Wash,17841.82345920139,5465.0,24496.0,42338.0,42622.0,0.0
C,XGBOOST,10__FG040,FG040,Liquid Wash,19906.015190972223,4026.0,23268.0,43174.0,33311.0,9863.0
C,XGBOOST,10__FG041,FG041,Liquid Wash,13797.575385199652,3106.0,10005.0,23803.0,26266.0,0.0
C,XGBOOST,10__FG045,FG045,Diaper,60303.21538628472,7114.0,29225.0,89528.0,124070.0,0.0
C,XGBOOST,10__FG047,FG047,Diaper,17128.02121310764,3212.0,16343.0,33471.0,54680.0,0.0
C,XGBOOST,10__FG049,FG049,Diaper,57450.44607204861,19231.0,80511.0,137961.0,105512.0,32449.0
C,XGBOOST,10__FG051,FG051,Diaper,17322.880913628473,4759.0,22082.0,39405.0,38885.0,520.0
C,XGBOOST,10__FG052,FG052,Diaper,59451.84993489584,13245.0,50898.0,110350.0,98171.0,12179.0
C,XGBOOST,10__FG053,FG053,Diaper,45646.83441840278,8170.0,38601.0,84248.0,161062.0,0.0
C,XGBOOST,10__FG055,FG055,Diaper,16241.63560655382,2381.0,14833.0,31075.0,39676.0,0.0
C,XGBOOST,10__FG057,FG057,Sanitary,33138.79790581597,9772.0,38492.0,71631.0,88747.0,0.0
C,XGBOOST,10__FG060,FG060,Sanitary,35904.918565538195,6461.0,45956.0,81861.0,98488.0,0.0
C,XGBOOST,10__FG062,FG062,Sanitary,17904.52224392361,3527.0,20835.0,38740.0,25957.0,12783.0
C,XGBOOST,10__FG064,FG064,Lotion/Cream,19808.134223090277,11665.0,37416.0,57224.0,59626.0,0.0
C,XGBOOST,10__FG066,FG066,Lotion/Cream,11256.983425564236,3177.0,9181.0,20438.0,24772.0,0.0
C,XGBOOST,10__FG068,FG068,Lotion/Cream,16614.409586588543,3829.0,12690.0,29304.0,50200.0,0.0
C,XGBOOST,10__FG072,FG072,Lotion/Cream,6682.347276475694,1771.0,5112.0,11794.0,10033.0,1761.0
C,XGBOOST,10__FG077,FG077,Talc,19790.271158854168,5052.0,20225.0,40015.0,42577.0,0.0
C,XGBOOST,10__FG079,FG079,Talc,17453.756944444445,4294.0,18257.0,35711.0,46790.0,0.0
C,XGBOOST,10__FG080,FG080,Talc,22876.769097222223,6718.0,26545.0,49422.0,69869.0,0.0
C,XGBOOST,10__FG082,FG082,Home Care,31769.995496961805,11029.0,37504.0,69274.0,95594.0,0.0
C,XGBOOST,10__FG083,FG083,Home Care,31192.130967881945,5703.0,19220.0,50412.0,94585.0,0.0
C,XGBOOST,10__FG087,FG087,Home Care,34597.967664930555,5413.0,21559.0,56157.0,102185.0,0.0
C,XGBOOST,10__FG089,FG089,Home Care,16795.031548394098,6795.0,23590.0,40385.0,52893.0,0.0
C,XGBOOST,10__FG090,FG090,Home Care,13073.570692274305,3785.0,16859.0,29933.0,30706.0,0.0
C,XGBOOST,10__FG091,FG091,Home Care,23861.643500434027,6453.0,24747.0,48609.0,73997.0,0.0
C,XGBOOST,10__FG097,FG097,Baby Care,8603.153578016492,1528.0,6690.0,15293.0,22569.0,0.0
C,XGBOOST,10__FG098,FG098,Baby Care,8546.28013780382,2051.0,9173.0,17719.0,19357.0,0.0
C,XGBOOST,10__FG099,FG099,Combo,6079.839979383681,2814.0,8286.0,14366.0,18443.0,0.0
C,XGBOOST,10__FG102,FG102,Combo,5145.84381781684,2054.0,4798.0,9944.0,22109.0,0.0
C,XGBOOST,14__FG001,FG001,Soap,25602.76318359375,6308.0,16549.0,42152.0,70688.0,0.0
C,XGBOOST,14__FG003,FG003,Soap,77597.80555555556,41226.0,105891.0,183489.0,225014.0,0.0
C,XGBOOST,14__FG004,FG004,Soap,45284.99370659722,15567.0,50285.0,95570.0,132832.0,0.0
C,XGBOOST,14__FG005,FG005,Soap,37379.51247829861,11608.0,41512.0,78892.0,105007.0,0.0
C,XGBOOST,14__FG006,FG006,Soap,68445.99045138889,27443.0,111860.0,180306.0,114578.0,65728.0
C,XGBOOST,14__FG009,FG009,Soap,35979.76681857639,9620.0,32407.0,68387.0,48470.0,19917.0
C,XGBOOST,14__FG010,FG010,Soap,74314.07606336806,15504.0,50184.0,124498.0,199486.0,0.0
C,XGBOOST,14__FG012,FG012,Soap,35251.046766493055,14512.0,56813.0,92064.0,101533.0,0.0
C,XGBOOST,14__FG013,FG013,Soap,81129.54210069444,44814.0,125944.0,207074.0,301776.0,0.0
C,XGBOOST,14__FG014,FG014,Soap,51029.836805555555,20172.0,67800.0,118830.0,139766.0,0.0
C,XGBOOST,14__FG018,FG018,Shampoo,32907.22781032986,10728.0,27182.0,60089.0,64566.0,0.0
C,XGBOOST,14__FG019,FG019,Shampoo,51619.047960069445,25274.0,82055.0,133674.0,171251.0,0.0
C,XGBOOST,14__FG023,FG023,Shampoo,35570.488172743055,10360.0,29331.0,64901.0,136092.0,0.0
C,XGBOOST,14__FG025,FG025,Shampoo,21146.211235894098,11883.0,34439.0,55585.0,63422.0,0.0
C,XGBOOST,14__FG026,FG026,Shampoo,33451.008680555555,17407.0,51973.0,85424.0,112836.0,0.0
C,XGBOOST,14__FG028,FG028,Shampoo,36615.33539496528,18040.0,61978.0,98593.0,97241.0,1352.0
C,XGBOOST,14__FG029,FG029,Shampoo,17483.487901475695,5943.0,21678.0,39161.0,45768.0,0.0
C,XGBOOST,14__FG032,FG032,Shampoo,15365.374104817707,6127.0,14834.0,30199.0,38641.0,0.0
C,XGBOOST,14__FG033,FG033,Shampoo,40477.03591579861,6611.0,24151.0,64628.0,81503.0,0.0
C,XGBOOST,14__FG036,FG036,Liquid Wash,39917.16851128472,12197.0,29494.0,69411.0,130951.0,0.0
C,XGBOOST,14__FG037,FG037,Liquid Wash,17957.291422526043,8535.0,27091.0,45048.0,42675.0,2373.0
C,XGBOOST,14__FG041,FG041,Liquid Wash,14304.020941840276,4387.0,11539.0,25843.0,27941.0,0.0
C,XGBOOST,14__FG043,FG043,Liquid Wash,41369.74392361111,14766.0,61652.0,103022.0,104066.0,0.0
C,XGBOOST,14__FG044,FG044,Diaper,42520.7900390625,9466.0,37813.0,80334.0,63167.0,17167.0
C,XGBOOST,14__FG045,FG045,Diaper,73090.14854600694,15342.0,42142.0,115232.0,123559.0,0.0
C,XGBOOST,14__FG046,FG046,Diaper,66341.07009548611,22851.0,100249.0,166590.0,187272.0,0.0
C,XGBOOST,14__FG048,FG048,Diaper,33067.77105034722,13499.0,50976.0,84044.0,65604.0,18440.0
C,XGBOOST,14__FG049,FG049,Diaper,65375.947157118055,28408.0,85067.0,150443.0,95268.0,55175.0
C,XGBOOST,14__FG050,FG050,Diaper,24499.79573567708,9967.0,36917.0,61417.0,35550.0,25867.0
C,XGBOOST,14__FG051,FG051,Diaper,18252.801188151043,12217.0,28645.0,46898.0,40373.0,6525.0
C,XGBOOST,14__FG052,FG052,Diaper,66926.98828125,15080.0,55236.0,122163.0,99711.0,22452.0
C,XGBOOST,14__FG054,FG054,Diaper,74911.08832465278,27785.0,92708.0,167619.0,123262.0,44357.0
C,XGBOOST,14__FG055,FG055,Diaper,18471.611273871527,4585.0,18131.0,36603.0,40122.0,0.0
C,XGBOOST,14__FG058,FG058,Sanitary,46244.223741319445,10403.0,33525.0,79769.0,88430.0,0.0
C,XGBOOST,14__FG059,FG059,Sanitary,16111.586968315973,4304.0,20416.0,36528.0,45710.0,0.0
C,XGBOOST,14__FG061,FG061,Sanitary,20300.774305555555,8859.0,31190.0,51491.0,48494.0,2997.0
C,XGBOOST,14__FG062,FG062,Sanitary,19119.36832682292,6563.0,23770.0,42889.0,25680.0,17209.0
C,XGBOOST,14__FG064,FG064,Lotion/Cream,20524.038465711805,8532.0,37266.0,57790.0,59875.0,0.0
C,XGBOOST,14__FG066,FG066,Lotion/Cream,12000.878146701389,4156.0,12157.0,24158.0,21917.0,2241.0
C,XGBOOST,14__FG068,FG068,Lotion/Cream,17603.513129340277,4563.0,11604.0,29208.0,56563.0,0.0
C,XGBOOST,14__FG069,FG069,Lotion/Cream,26697.63650173611,6678.0,14687.0,41385.0,76032.0,0.0
C,XGBOOST,14__FG071,FG071,Lotion/Cream,21806.957899305555,7425.0,32866.0,54673.0,60387.0,0.0
C,XGBOOST,14__FG072,FG072,Lotion/Cream,6749.496893988715,1846.0,4996.0,11745.0,11060.0,685.0
C,XGBOOST,14__FG073,FG073,Lotion/Cream,26713.470540364586,12872.0,31571.0,58284.0,68238.0,0.0
C,XGBOOST,14__FG074,FG074,Lotion/Cream,7042.6592203776045,1614.0,4431.0,11474.0,15830.0,0.0
C,XGBOOST,14__FG075,FG075,Lotion/Cream,7351.939059787326,3218.0,10325.0,17677.0,12615.0,5062.0
C,XGBOOST,14__FG078,FG078,Talc,8572.11048719618,2972.0,8401.0,16973.0,24471.0,0.0
C,XGBOOST,14__FG079,FG079,Talc,19451.11208767361,4743.0,19007.0,38458.0,47328.0,0.0
C,XGBOOST,14__FG081,FG081,Talc,5536.81549750434,3142.0,10155.0,15692.0,13468.0,2224.0
C,XGBOOST,14__FG083,FG083,Home Care,32712.490125868055,5747.0,22103.0,54815.0,97497.0,0.0
C,XGBOOST,14__FG084,FG084,Home Care,25598.402994791668,11184.0,39342.0,64940.0,46006.0,18934.0
C,XGBOOST,14__FG085,FG085,Home Care,7754.414103190104,3481.0,10460.0,18214.0,11657.0,6557.0
C,XGBOOST,14__FG086,FG086,Home Care,17603.296468098957,4936.0,23126.0,40729.0,51961.0,0.0
C,XGBOOST,14__FG088,FG088,Home Care,26663.96630859375,12626.0,28624.0,55288.0,65752.0,0.0
C,XGBOOST,14__FG090,FG090,Home Care,13739.779296875,5126.0,20698.0,34438.0,37445.0,0.0
C,XGBOOST,14__FG092,FG092,Baby Care,18671.878960503473,6821.0,27982.0,46654.0,41924.0,4730.0
C,XGBOOST,14__FG094,FG094,Baby Care,9301.537475585938,3333.0,9534.0,18836.0,23026.0,0.0
C,XGBOOST,14__FG095,FG095,Baby Care,20238.483018663195,6015.0,31650.0,51888.0,39236.0,12652.0
C,XGBOOST,14__FG096,FG096,Baby Care,5672.357815212674,2340.0,5176.0,10848.0,14573.0,0.0
C,XGBOOST,14__FG097,FG097,Baby Care,8741.506103515625,2285.0,6947.0,15689.0,22550.0,0.0
C,XGBOOST,14__FG098,FG098,Baby Care,9249.234185112848,3503.0,11519.0,20768.0,20292.0,476.0
C,XGBOOST,14__FG099,FG099,Combo,6462.76325141059,3098.0,8268.0,14731.0,20086.0,0.0
C,XGBOOST,14__FG100,FG100,Combo,4907.228515625,1282.0,3245.0,8152.0,8561.0,0.0
C,XGBOOST,14__FG101,FG101,Combo,5490.281277126736,3175.0,9214.0,14704.0,16478.0,0.0
C,XGBOOST,14__FG102,FG102,Combo,5647.145724826389,2084.0,5284.0,10931.0,21275.0,0.0
C,XGBOOST,15__FG001,FG001,Soap,23894.064507378473,3823.0,14177.0,38071.0,73261.0,0.0
C,XGBOOST,15__FG002,FG002,Soap,48936.08756510416,22363.0,69668.0,118604.0,97268.0,21336.0
C,XGBOOST,15__FG003,FG003,Soap,86456.53472222222,16916.0,97609.0,184066.0,219682.0,0.0
C,XGBOOST,15__FG004,FG004,Soap,47256.119791666664,11478.0,47708.0,94964.0,140764.0,0.0
C,XGBOOST,15__FG006,FG006,Soap,71892.03070746528,22347.0,108617.0,180509.0,104029.0,76480.0
C,XGBOOST,15__FG009,FG009,Soap,35099.79904513889,5559.0,24279.0,59379.0,48789.0,10590.0
C,XGBOOST,15__FG010,FG010,Soap,76262.87749565972,12037.0,55253.0,131516.0,203908.0,0.0
C,XGBOOST,15__FG011,FG011,Soap,58121.216145833336,13189.0,63561.0,121682.0,131110.0,0.0
C,XGBOOST,15__FG016,FG016,Shampoo,22524.029676649305,5610.0,29636.0,52160.0,42581.0,9579.0
C,XGBOOST,15__FG019,FG019,Shampoo,48120.53537326389,13942.0,70083.0,118204.0,151274.0,0.0
C,XGBOOST,15__FG021,FG021,Shampoo,30905.446180555555,22023.0,45717.0,76622.0,50640.0,25982.0
C,XGBOOST,15__FG023,FG023,Shampoo,32206.515462239586,6161.0,24411.0,56618.0,135067.0,0.0
C,XGBOOST,15__FG025,FG025,Shampoo,19897.375162760414,6691.0,27915.0,47812.0,63766.0,0.0
C,XGBOOST,15__FG026,FG026,Shampoo,30576.909125434027,10809.0,44444.0,75021.0,99733.0,0.0
C,XGBOOST,15__FG029,FG029,Shampoo,17054.040690104168,4174.0,19523.0,36577.0,46107.0,0.0
C,XGBOOST,15__FG030,FG030,Shampoo,35736.48345269097,9473.0,35680.0,71416.0,115059.0,0.0
C,XGBOOST,15__FG031,FG031,Shampoo,63672.470594618055,15229.0,55555.0,119227.0,138880.0,0.0
C,XGBOOST,15__FG033,FG033,Shampoo,41788.84418402778,6566.0,26067.0,67856.0,85275.0,0.0
C,XGBOOST,15__FG034,FG034,Liquid Wash,38826.45160590278,11668.0,45318.0,84144.0,167910.0,0.0
C,XGBOOST,15__FG036,FG036,Liquid Wash,39850.47873263889,7194.0,25791.0,65641.0,127670.0,0.0
C,XGBOOST,15__FG038,FG038,Liquid Wash,33362.41558159722,10363.0,51510.0,84872.0,68271.0,16601.0
C,XGBOOST,15__FG043,FG043,Liquid Wash,39910.170572916664,10601.0,55833.0,95743.0,99217.0,0.0
C,XGBOOST,15__FG045,FG045,Diaper,61515.99587673611,8681.0,31237.0,92753.0,112723.0,0.0
C,XGBOOST,15__FG046,FG046,Diaper,56992.04372829861,12474.0,80864.0,137856.0,178998.0,0.0
C,XGBOOST,15__FG047,FG047,Diaper,17425.975504557293,2922.0,15701.0,33127.0,55438.0,0.0
C,XGBOOST,15__FG048,FG048,Diaper,29824.01242404514,6514.0,40315.0,70139.0,66164.0,3975.0
C,XGBOOST,15__FG049,FG049,Diaper,58171.76486545139,16468.0,70762.0,128934.0,100586.0,28348.0
C,XGBOOST,15__FG050,FG050,Diaper,22402.24929470486,4690.0,27839.0,50241.0,36974.0,13267.0
C,XGBOOST,15__FG052,FG052,Diaper,59995.819227430555,10068.0,50065.0,110061.0,102486.0,7575.0
C,XGBOOST,15__FG053,FG053,Diaper,46213.61208767361,9350.0,41700.0,87914.0,166310.0,0.0
C,XGBOOST,15__FG054,FG054,Diaper,63599.04047309028,12591.0,63470.0,127069.0,114464.0,12605.0
C,XGBOOST,15__FG056,FG056,Sanitary,30083.778374565973,3306.0,16342.0,46426.0,83715.0,0.0
C,XGBOOST,15__FG057,FG057,Sanitary,34532.029188368055,5928.0,34705.0,69237.0,84746.0,0.0
C,XGBOOST,15__FG060,FG060,Sanitary,38907.38335503472,7571.0,52963.0,91870.0,89657.0,2213.0
C,XGBOOST,15__FG061,FG061,Sanitary,20478.512586805555,5999.0,29208.0,49687.0,47470.0,2217.0
C,XGBOOST,15__FG066,FG066,Lotion/Cream,11418.041666666666,3358.0,12112.0,23530.0,21808.0,1722.0
C,XGBOOST,15__FG069,FG069,Lotion/Cream,25585.09494357639,5585.0,16672.0,42257.0,72461.0,0.0
C,XGBOOST,15__FG071,FG071,Lotion/Cream,20192.267686631945,6247.0,28458.0,48650.0,56807.0,0.0
C,XGBOOST,15__FG072,FG072,Lotion/Cream,6783.041191948785,1427.0,4592.0,11375.0,10295.0,1080.0
C,XGBOOST,15__FG074,FG074,Lotion/Cream,6107.839274088542,1127.0,3367.0,9475.0,14723.0,0.0
C,XGBOOST,15__FG077,FG077,Talc,20273.167426215277,4838.0,20381.0,40654.0,44130.0,0.0
C,XGBOOST,15__FG078,FG078,Talc,8672.73548719618,2414.0,7907.0,16580.0,23912.0,0.0
C,XGBOOST,15__FG080,FG080,Talc,26427.963758680555,7166.0,30070.0,56498.0,68466.0,0.0
C,XGBOOST,15__FG081,FG081,Talc,5519.910983615451,2352.0,8976.0,14496.0,13318.0,1178.0
C,XGBOOST,15__FG083,FG083,Home Care,30574.11865234375,5671.0,19939.0,50513.0,95367.0,0.0
C,XGBOOST,15__FG085,FG085,Home Care,7157.92724609375,4126.0,10330.0,17488.0,11019.0,6469.0
C,XGBOOST,15__FG088,FG088,Home Care,27065.927842881945,5475.0,19910.0,46976.0,62935.0,0.0
C,XGBOOST,15__FG089,FG089,Home Care,17070.672743055555,5767.0,24545.0,41616.0,45898.0,0.0
C,XGBOOST,15__FG090,FG090,Home Care,12450.90980360243,3427.0,17123.0,29574.0,31992.0,0.0
C,XGBOOST,15__FG092,FG092,Baby Care,18315.218315972223,4711.0,27300.0,45615.0,37780.0,7835.0
C,XGBOOST,15__FG095,FG095,Baby Care,20345.472601996527,5860.0,32309.0,52654.0,42077.0,10577.0
C,XGBOOST,15__FG097,FG097,Baby Care,8735.661905924479,1725.0,6384.0,15120.0,21385.0,0.0
C,XGBOOST,15__FG100,FG100,Combo,4541.574211968316,1445.0,3716.0,8258.0,7902.0,356.0
C,XGBOOST,19__FG001,FG001,Soap,24898.39599609375,5016.0,17465.0,42363.0,65293.0,0.0
C,XGBOOST,19__FG002,FG002,Soap,51035.34646267361,19769.0,72506.0,123541.0,100178.0,23363.0
C,XGBOOST,19__FG003,FG003,Soap,84153.27647569444,31374.0,112722.0,196875.0,237855.0,0.0
C,XGBOOST,19__FG004,FG004,Soap,48294.35818142361,10428.0,44234.0,92528.0,121584.0,0.0
C,XGBOOST,19__FG005,FG005,Soap,36282.40847439236,10661.0,39687.0,75969.0,101748.0,0.0
C,XGBOOST,19__FG006,FG006,Soap,70730.95279947917,27471.0,107633.0,178364.0,114485.0,63879.0
C,XGBOOST,19__FG008,FG008,Soap,37278.85064019097,32109.0,71873.0,109152.0,81707.0,27445.0
C,XGBOOST,19__FG012,FG012,Soap,36666.067491319445,12360.0,56359.0,93025.0,92273.0,752.0
C,XGBOOST,19__FG014,FG014,Soap,50715.64876302083,16454.0,62098.0,112814.0,126114.0,0.0
C,XGBOOST,19__FG015,FG015,Soap,56142.460828993055,27063.0,86948.0,143090.0,197393.0,0.0
C,XGBOOST,19__FG018,FG018,Shampoo,31661.86452907986,13416.0,30302.0,61964.0,63647.0,0.0
C,XGBOOST,19__FG020,FG020,Shampoo,43260.828233506945,12898.0,48949.0,92210.0,113612.0,0.0
C,XGBOOST,19__FG021,FG021,Shampoo,35014.266004774305,9787.0,35464.0,70478.0,54361.0,16117.0
C,XGBOOST,19__FG024,FG024,Shampoo,35280.960828993055,12014.0,51999.0,87280.0,128622.0,0.0
C,XGBOOST,19__FG026,FG026,Shampoo,32748.715711805555,11429.0,46361.0,79110.0,113450.0,0.0
C,XGBOOST,19__FG029,FG029,Shampoo,17614.605305989582,6255.0,20347.0,37962.0,39177.0,0.0
C,XGBOOST,19__FG032,FG032,Shampoo,15003.308213975695,3633.0,11135.0,26138.0,41252.0,0.0
C,XGBOOST,19__FG034,FG034,Liquid Wash,37511.23459201389,13129.0,49390.0,86901.0,147926.0,0.0
C,XGBOOST,19__FG035,FG035,Liquid Wash,34684.119791666664,14379.0,51375.0,86059.0,76342.0,9717.0
C,XGBOOST,19__FG036,FG036,Liquid Wash,37908.361328125,8531.0,26222.0,64130.0,138075.0,0.0
C,XGBOOST,19__FG039,FG039,Liquid Wash,14481.28249782986,3357.0,10598.0,25079.0,37488.0,0.0
C,XGBOOST,19__FG049,FG049,Diaper,64912.028428819445,22531.0,83116.0,148028.0,102505.0,45523.0
C,XGBOOST,19__FG053,FG053,Diaper,50691.80425347222,16477.0,51961.0,102653.0,150854.0,0.0
C,XGBOOST,19__FG056,FG056,Sanitary,28228.01676432292,4926.0,14335.0,42563.0,82976.0,0.0
C,XGBOOST,19__FG057,FG057,Sanitary,31032.39230685764,18348.0,45243.0,76275.0,83966.0,0.0
C,XGBOOST,19__FG058,FG058,Sanitary,42835.700520833336,9507.0,30925.0,73761.0,81989.0,0.0
C,XGBOOST,19__FG059,FG059,Sanitary,15934.19935438368,3534.0,16281.0,32215.0,48412.0,0.0
C,XGBOOST,19__FG063,FG063,Sanitary,38151.286946614586,20183.0,50704.0,88855.0,67531.0,21324.0
C,XGBOOST,19__FG064,FG064,Lotion/Cream,19589.829698350695,7836.0,32650.0,52240.0,57094.0,0.0
C,XGBOOST,19__FG065,FG065,Lotion/Cream,28238.542317708332,18347.0,37173.0,65412.0,74153.0,0.0
C,XGBOOST,19__FG067,FG067,Lotion/Cream,26508.26025390625,10981.0,41907.0,68415.0,62628.0,5787.0
C,XGBOOST,19__FG068,FG068,Lotion/Cream,16452.296983506945,4266.0,13589.0,30041.0,58542.0,0.0
C,XGBOOST,19__FG069,FG069,Lotion/Cream,25033.641547309027,6064.0,14409.0,39443.0,81436.0,0.0
C,XGBOOST,19__FG070,FG070,Lotion/Cream,21325.34450954861,8055.0,25826.0,47151.0,38364.0,8787.0
C,XGBOOST,19__FG071,FG071,Lotion/Cream,20196.452880859375,8315.0,32551.0,52747.0,60035.0,0.0
C,XGBOOST,19__FG072,FG072,Lotion/Cream,6600.9048258463545,1663.0,4963.0,11564.0,9316.0,2248.0
C,XGBOOST,19__FG074,FG074,Lotion/Cream,5869.36376953125,1324.0,4259.0,10128.0,17354.0,0.0
C,XGBOOST,19__FG076,FG076,Talc,4740.809068467882,1823.0,5616.0,10357.0,7928.0,2429.0
C,XGBOOST,19__FG078,FG078,Talc,8639.410847981771,2705.0,7025.0,15664.0,20133.0,0.0
C,XGBOOST,19__FG083,FG083,Home Care,31974.013129340277,5520.0,19375.0,51349.0,99308.0,0.0
C,XGBOOST,19__FG084,FG084,Home Care,25038.55783420139,10346.0,37888.0,62927.0,45979.0,16948.0
C,XGBOOST,19__FG085,FG085,Home Care,7736.584025065104,2626.0,10363.0,18100.0,11754.0,6346.0
C,XGBOOST,19__FG086,FG086,Home Care,17523.30734592014,5085.0,24361.0,41884.0,45971.0,0.0
C,XGBOOST,19__FG087,FG087,Home Care,38300.01399739584,6476.0,20519.0,58819.0,97062.0,0.0
C,XGBOOST,19__FG088,FG088,Home Care,28808.91292317708,6223.0,23508.0,52317.0,60923.0,0.0
C,XGBOOST,19__FG089,FG089,Home Care,18597.490125868055,5828.0,23806.0,42403.0,51346.0,0.0
C,XGBOOST,19__FG091,FG091,Home Care,26049.64279513889,8311.0,25677.0,51727.0,67435.0,0.0
C,XGBOOST,19__FG092,FG092,Baby Care,18401.877007378473,4260.0,25729.0,44131.0,39797.0,4334.0
C,XGBOOST,19__FG094,FG094,Baby Care,10115.861300998264,3398.0,10479.0,20595.0,23769.0,0.0
C,XGBOOST,19__FG103,FG103,Combo,3981.440707736545,3813.0,7927.0,11908.0,9076.0,2832.0
C,XGBOOST,25__FG001,FG001,Soap,19392.1647406684,3074.0,12770.0,32162.0,65440.0,0.0
C,XGBOOST,25__FG002,FG002,Soap,40639.93001302083,9740.0,50380.0,91020.0,85448.0,5572.0
C,XGBOOST,25__FG004,FG004,Soap,37743.543348524305,8903.0,39098.0,76842.0,117216.0,0.0
C,XGBOOST,25__FG006,FG006,Soap,52798.60036892361,20044.0,88682.0,141481.0,103825.0,37656.0
C,XGBOOST,25__FG008,FG008,Soap,32493.763834635414,11355.0,47098.0,79592.0,69460.0,10132.0
C,XGBOOST,25__FG009,FG009,Soap,26488.95947265625,5739.0,22515.0,49004.0,48289.0,715.0
C,XGBOOST,25__FG010,FG010,Soap,57994.73871527778,8131.0,31329.0,89324.0,180161.0,0.0
C,XGBOOST,25__FG011,FG011,Soap,46146.19954427083,11875.0,47254.0,93400.0,119597.0,0.0
C,XGBOOST,25__FG013,FG013,Soap,62828.2333984375,28554.0,95571.0,158399.0,256776.0,0.0
C,XGBOOST,25__FG014,FG014,Soap,40828.938313802086,12537.0,50644.0,91473.0,123577.0,0.0
C,XGBOOST,25__FG015,FG015,Soap,47632.726453993055,17533.0,61990.0,109623.0,162995.0,0.0
C,XGBOOST,25__FG016,FG016,Shampoo,19272.304714626734,5190.0,25747.0,45019.0,40677.0,4342.0
C,XGBOOST,25__FG021,FG021,Shampoo,27574.404405381945,8544.0,32442.0,60016.0,45164.0,14852.0
C,XGBOOST,25__FG023,FG023,Shampoo,27327.785047743055,8170.0,23656.0,50984.0,109309.0,0.0
C,XGBOOST,25__FG024,FG024,Shampoo,27565.91715494792,8511.0,39752.0,67318.0,119783.0,0.0
C,XGBOOST,25__FG025,FG025,Shampoo,17371.102077907984,4943.0,22893.0,40264.0,59312.0,0.0
C,XGBOOST,25__FG029,FG029,Shampoo,14488.349799262152,4758.0,17315.0,31803.0,40514.0,0.0
C,XGBOOST,25__FG030,FG030,Shampoo,29443.477159288195,8568.0,33104.0,62547.0,101546.0,0.0
C,XGBOOST,25__FG031,FG031,Shampoo,55635.096354166664,17429.0,54519.0,110154.0,134311.0,0.0
C,XGBOOST,25__FG033,FG033,Shampoo,37136.65717230903,5411.0,22741.0,59878.0,79344.0,0.0
C,XGBOOST,25__FG034,FG034,Liquid Wash,25238.545030381945,8112.0,28303.0,53542.0,124605.0,0.0
C,XGBOOST,25__FG038,FG038,Liquid Wash,23595.977918836805,8882.0,34838.0,58434.0,59168.0,0.0
C,XGBOOST,25__FG039,FG039,Liquid Wash,12224.823920355902,3393.0,10728.0,22953.0,37081.0,0.0
C,XGBOOST,25__FG048,FG048,Diaper,24049.904188368055,6503.0,36165.0,60215.0,62486.0,0.0
C,XGBOOST,25__FG049,FG049,Diaper,47726.43305121528,20111.0,64656.0,112382.0,104849.0,7533.0
C,XGBOOST,25__FG051,FG051,Diaper,13607.289171006943,4806.0,17506.0,31113.0,36692.0,0.0
C,XGBOOST,25__FG052,FG052,Diaper,50023.73806423611,15806.0,50823.0,100847.0,92393.0,8454.0
C,XGBOOST,25__FG055,FG055,Diaper,14319.407958984377,2663.0,13164.0,27483.0,36072.0,0.0
C,XGBOOST,25__FG059,FG059,Sanitary,12704.289008246527,3014.0,15718.0,28422.0,43895.0,0.0
C,XGBOOST,25__FG063,FG063,Sanitary,30016.774522569445,5750.0,31765.0,61782.0,53803.0,7979.0
C,XGBOOST,25__FG064,FG064,Lotion/Cream,16198.564127604166,7848.0,30526.0,46725.0,49086.0,0.0
C,XGBOOST,25__FG069,FG069,Lotion/Cream,17850.123969184027,5036.0,12176.0,30026.0,73367.0,0.0
C,XGBOOST,25__FG074,FG074,Lotion/Cream,4994.250542534723,1383.0,3547.0,8541.0,15332.0,0.0
C,XGBOOST,25__FG076,FG076,Talc,4247.80622016059,1369.0,4909.0,9157.0,6880.0,2277.0
C,XGBOOST,25__FG077,FG077,Talc,17651.50906032986,6026.0,20147.0,37799.0,38986.0,0.0
C,XGBOOST,25__FG078,FG078,Talc,6448.7991129557295,2181.0,6050.0,12499.0,19642.0,0.0
C,XGBOOST,25__FG079,FG079,Talc,15431.607638888889,4425.0,17799.0,33231.0,38613.0,0.0
C,XGBOOST,25__FG083,FG083,Home Care,24155.674913194445,4284.0,12336.0,36492.0,80068.0,0.0
C,XGBOOST,25__FG084,FG084,Home Care,18947.739312065973,4745.0,26851.0,45799.0,39405.0,6394.0
C,XGBOOST,25__FG088,FG088,Home Care,20527.287489149305,5873.0,19558.0,40085.0,55025.0,0.0
C,XGBOOST,25__FG090,FG090,Home Care,9612.36858452691,3621.0,14195.0,23807.0,26963.0,0.0
C,XGBOOST,25__FG092,FG092,Baby Care,15434.062120225695,4709.0,21686.0,37120.0,33119.0,4001.0
C,XGBOOST,25__FG095,FG095,Baby Care,17530.915581597223,5919.0,26372.0,43903.0,35493.0,8410.0
C,XGBOOST,25__FG097,FG097,Baby Care,7433.386637369792,1233.0,4950.0,12383.0,22034.0,0.0
C,XGBOOST,25__FG098,FG098,Baby Care,7853.829128689236,2135.0,9465.0,17319.0,18452.0,0.0
C,XGBOOST,25__FG103,FG103,Combo,3915.38720703125,1874.0,5920.0,9835.0,7396.0,2439.0
C,XGBOOST,26__FG001,FG001,Soap,18477.890462239586,4302.0,13541.0,32019.0,71762.0,0.0
C,XGBOOST,26__FG005,FG005,Soap,26780.18798828125,10451.0,30982.0,57762.0,90384.0,0.0
C,XGBOOST,26__FG006,FG006,Soap,46353.840711805555,19652.0,73731.0,120085.0,111998.0,8087.0
C,XGBOOST,26__FG007,FG007,Soap,32435.853895399305,10669.0,30131.0,62567.0,153634.0,0.0
C,XGBOOST,26__FG009,FG009,Soap,23984.002387152777,6575.0,22564.0,46548.0,45769.0,779.0
C,XGBOOST,26__FG010,FG010,Soap,52777.26052517361,12770.0,33881.0,86658.0,196780.0,0.0
C,XGBOOST,26__FG011,FG011,Soap,42074.82052951389,15975.0,53842.0,95917.0,138515.0,0.0
C,XGBOOST,26__FG013,FG013,Soap,55602.465928819445,27156.0,88319.0,143921.0,246054.0,0.0
C,XGBOOST,26__FG015,FG015,Soap,42941.52571614584,17171.0,62975.0,105917.0,173455.0,0.0
C,XGBOOST,26__FG016,FG016,Shampoo,19268.42678493923,7356.0,29194.0,48462.0,45942.0,2520.0
C,XGBOOST,26__FG018,FG018,Shampoo,26255.464192708332,8412.0,20665.0,46920.0,64308.0,0.0
C,XGBOOST,26__FG019,FG019,Shampoo,40224.18088107639,14728.0,58975.0,99199.0,157037.0,0.0
C,XGBOOST,26__FG021,FG021,Shampoo,26985.63395182292,8099.0,28788.0,55774.0,49732.0,6042.0
C,XGBOOST,26__FG023,FG023,Shampoo,26516.691948784723,8975.0,26653.0,53170.0,129520.0,0.0
C,XGBOOST,26__FG024,FG024,Shampoo,26731.8759765625,8811.0,38216.0,64948.0,123221.0,0.0
C,XGBOOST,26__FG026,FG026,Shampoo,25592.82937282986,11174.0,35061.0,60654.0,102946.0,0.0
C,XGBOOST,26__FG027,FG027,Shampoo,35021.01638454861,9463.0,36312.0,71333.0,130940.0,0.0
C,XGBOOST,26__FG029,FG029,Shampoo,14084.27699110243,5139.0,16876.0,30960.0,37477.0,0.0
C,XGBOOST,26__FG032,FG032,Shampoo,11498.789089626736,3750.0,9499.0,20998.0,35603.0,0.0
C,XGBOOST,26__FG033,FG033,Shampoo,34120.678873697914,7628.0,21276.0,55397.0,84273.0,0.0
C,XGBOOST,26__FG034,FG034,Liquid Wash,29490.202256944445,12331.0,40838.0,70328.0,144198.0,0.0
C,XGBOOST,26__FG037,FG037,Liquid Wash,15147.206868489584,5660.0,20807.0,35954.0,37276.0,0.0
C,XGBOOST,26__FG039,FG039,Liquid Wash,12405.736165364584,3723.0,9926.0,22332.0,37121.0,0.0
C,XGBOOST,26__FG040,FG040,Liquid Wash,17487.113362630207,5085.0,20240.0,37727.0,30754.0,6973.0
C,XGBOOST,26__FG042,FG042,Liquid Wash,19553.404242621527,9232.0,28134.0,47687.0,60873.0,0.0
C,XGBOOST,26__FG044,FG044,Diaper,35505.84347873264,5492.0,30346.0,65852.0,61180.0,4672.0
C,XGBOOST,26__FG045,FG045,Diaper,54215.05913628472,11560.0,31439.0,85654.0,105504.0,0.0
C,XGBOOST,26__FG048,FG048,Diaper,25297.061903211805,8853.0,40053.0,65350.0,61353.0,3997.0
C,XGBOOST,26__FG050,FG050,Diaper,19680.31906467014,8267.0,29915.0,49595.0,32984.0,16611.0
C,XGBOOST,26__FG051,FG051,Diaper,15157.377468532986,6242.0,20389.0,35546.0,35500.0,46.0
C,XGBOOST,26__FG054,FG054,Diaper,58279.162760416664,14428.0,62994.0,121273.0,118483.0,2790.0
C,XGBOOST,26__FG056,FG056,Sanitary,22977.685004340277,5056.0,13481.0,36459.0,82716.0,0.0
C,XGBOOST,26__FG057,FG057,Sanitary,26029.439561631945,6870.0,25958.0,51987.0,72315.0,0.0
C,XGBOOST,26__FG061,FG061,Sanitary,17368.95445421007,5710.0,23658.0,41027.0,42344.0,0.0
C,XGBOOST,26__FG062,FG062,Sanitary,14646.37757703993,2979.0,16161.0,30807.0,23147.0,7660.0
C,XGBOOST,26__FG064,FG064,Lotion/Cream,16817.648464626734,4873.0,26736.0,43554.0,57582.0,0.0
C,XGBOOST,26__FG065,FG065,Lotion/Cream,23959.722330729168,16975.0,32948.0,56908.0,62570.0,0.0
C,XGBOOST,26__FG066,FG066,Lotion/Cream,9250.074679904514,3245.0,9103.0,18353.0,21943.0,0.0
C,XGBOOST,26__FG068,FG068,Lotion/Cream,14114.712131076389,3644.0,11172.0,25287.0,49742.0,0.0
C,XGBOOST,26__FG070,FG070,Lotion/Cream,18224.467854817707,6262.0,20842.0,39066.0,37947.0,1119.0
C,XGBOOST,26__FG074,FG074,Lotion/Cream,4801.790534125434,1616.0,3857.0,8659.0,15010.0,0.0
C,XGBOOST,26__FG075,FG075,Lotion/Cream,5289.601318359375,1662.0,6423.0,11713.0,12343.0,0.0
C,XGBOOST,26__FG076,FG076,Talc,4224.539001464844,1886.0,5688.0,9913.0,8463.0,1450.0
C,XGBOOST,26__FG077,FG077,Talc,18942.689344618055,4866.0,18126.0,37069.0,35500.0,1569.0
C,XGBOOST,26__FG079,FG079,Talc,15022.213650173611,7539.0,19557.0,34579.0,41136.0,0.0
C,XGBOOST,26__FG080,FG080,Talc,20571.31331380208,7109.0,24937.0,45508.0,67512.0,0.0
C,XGBOOST,26__FG082,FG082,Home Care,26528.14181857639,10657.0,34532.0,61060.0,88976.0,0.0
C,XGBOOST,26__FG084,FG084,Home Care,19020.68722873264,5461.0,25750.0,44771.0,36274.0,8497.0
C,XGBOOST,26__FG085,FG085,Home Care,6087.3612060546875,2157.0,7230.0,13317.0,11710.0,1607.0
C,XGBOOST,26__FG087,FG087,Home Care,29031.4765625,7193.0,19773.0,48804.0,96793.0,0.0
C,XGBOOST,26__FG088,FG088,Home Care,21911.52587890625,7737.0,20884.0,42796.0,54896.0,0.0
C,XGBOOST,26__FG089,FG089,Home Care,13871.09890407986,6067.0,19476.0,33347.0,43395.0,0.0
C,XGBOOST,26__FG090,FG090,Home Care,9846.48723687066,5982.0,17470.0,27316.0,28789.0,0.0
C,XGBOOST,26__FG091,FG091,Home Care,18399.928304036457,5241.0,20574.0,38974.0,70387.0,0.0
C,XGBOOST,26__FG097,FG097,Baby Care,6775.697998046875,1860.0,5248.0,12024.0,20832.0,0.0
C,XGBOOST,26__FG099,FG099,Combo,5206.8500569661455,2676.0,6668.0,11875.0,15817.0,0.0
C,XGBOOST,26__FG100,FG100,Combo,4062.102579752604,1454.0,3214.0,7276.0,7678.0,0.0
C,XGBOOST,26__FG101,FG101,Combo,4243.311937120226,2460.0,6986.0,11229.0,15838.0,0.0
C,XGBOOST,26__FG103,FG103,Combo,3864.2749633789062,1800.0,5664.0,9528.0,7960.0,1568.0
C,XGBOOST,27__FG005,FG005,Soap,36891.32866753472,13127.0,42640.0,79531.0,100025.0,0.0
C,XGBOOST,27__FG007,FG007,Soap,41305.655598958336,20510.0,42540.0,83846.0,157481.0,0.0
C,XGBOOST,27__FG008,FG008,Soap,40817.47819010416,14370.0,55187.0,96004.0,87196.0,8808.0
C,XGBOOST,27__FG009,FG009,Soap,35376.77056206597,7574.0,29979.0,65356.0,48748.0,16608.0
C,XGBOOST,27__FG010,FG010,Soap,78126.173828125,10508.0,46967.0,125093.0,206846.0,0.0
C,XGBOOST,27__FG011,FG011,Soap,59137.108723958336,18849.0,70101.0,129238.0,132511.0,0.0
C,XGBOOST,27__FG013,FG013,Soap,81923.53016493056,33226.0,123342.0,205266.0,271293.0,0.0
C,XGBOOST,27__FG014,FG014,Soap,50960.91720920139,15470.0,66431.0,117392.0,118844.0,0.0
C,XGBOOST,27__FG016,FG016,Shampoo,23420.46511501736,6148.0,29568.0,52988.0,44328.0,8660.0
C,XGBOOST,27__FG018,FG018,Shampoo,32734.696723090277,6956.0,21141.0,53876.0,64200.0,0.0
C,XGBOOST,27__FG021,FG021,Shampoo,31443.199055989586,10128.0,33186.0,64629.0,48051.0,16578.0
C,XGBOOST,27__FG022,FG022,Shampoo,41886.90082465278,18284.0,46209.0,88096.0,95588.0,0.0
C,XGBOOST,27__FG024,FG024,Shampoo,33571.41460503472,8578.0,45507.0,79078.0,119491.0,0.0
C,XGBOOST,27__FG025,FG025,Shampoo,21019.888834635414,5232.0,26953.0,47973.0,65690.0,0.0
C,XGBOOST,27__FG028,FG028,Shampoo,33701.618326822914,14796.0,51868.0,85570.0,91587.0,0.0
C,XGBOOST,27__FG030,FG030,Shampoo,36003.42583550347,9481.0,38284.0,74287.0,123782.0,0.0
C,XGBOOST,27__FG034,FG034,Liquid Wash,32461.88107638889,9058.0,38274.0,70736.0,137550.0,0.0
C,XGBOOST,27__FG035,FG035,Liquid Wash,33285.03472222222,12116.0,50949.0,84234.0,73612.0,10622.0
C,XGBOOST,27__FG036,FG036,Liquid Wash,34743.119954427086,7338.0,24710.0,59453.0,132265.0,0.0
C,XGBOOST,27__FG037,FG037,Liquid Wash,16677.478407118055,4530.0,22319.0,38996.0,42583.0,0.0
C,XGBOOST,27__FG040,FG040,Liquid Wash,18770.424153645832,4436.0,20078.0,38848.0,32295.0,6553.0
C,XGBOOST,27__FG042,FG042,Liquid Wash,20481.326334635414,8007.0,27806.0,48287.0,58559.0,0.0
C,XGBOOST,27__FG044,FG044,Diaper,41220.014539930555,12173.0,46523.0,87743.0,64918.0,22825.0
C,XGBOOST,27__FG047,FG047,Diaper,17823.668077256945,3918.0,17583.0,35407.0,58000.0,0.0
C,XGBOOST,27__FG048,FG048,Diaper,30173.244140625,7520.0,40711.0,70884.0,67850.0,3034.0
C,XGBOOST,27__FG051,FG051,Diaper,17720.896511501734,5860.0,22990.0,40711.0,40953.0,0.0
C,XGBOOST,27__FG054,FG054,Diaper,68925.17697482639,25829.0,83267.0,152192.0,113284.0,38908.0
C,XGBOOST,27__FG058,FG058,Sanitary,43926.63628472222,7567.0,30995.0,74922.0,81160.0,0.0
C,XGBOOST,27__FG060,FG060,Sanitary,37595.29340277778,8034.0,51895.0,89490.0,84215.0,5275.0
C,XGBOOST,27__FG065,FG065,Lotion/Cream,29329.265462239586,8907.0,27482.0,56811.0,72901.0,0.0
C,XGBOOST,27__FG066,FG066,Lotion/Cream,11093.83043077257,3274.0,9930.0,21024.0,23659.0,0.0
C,XGBOOST,27__FG068,FG068,Lotion/Cream,15869.619737413195,4170.0,14221.0,30091.0,50511.0,0.0
C,XGBOOST,27__FG072,FG072,Lotion/Cream,6431.115885416667,1528.0,4744.0,11175.0,10350.0,825.0
C,XGBOOST,27__FG073,FG073,Lotion/Cream,24670.313585069445,5557.0,22826.0,47496.0,73466.0,0.0
C,XGBOOST,27__FG074,FG074,Lotion/Cream,5829.598130967882,1208.0,3540.0,9370.0,15507.0,0.0
C,XGBOOST,27__FG076,FG076,Talc,4888.297465006511,1873.0,5621.0,10509.0,8141.0,2368.0
C,XGBOOST,27__FG077,FG077,Talc,20046.36740451389,6758.0,22795.0,42841.0,43042.0,0.0
C,XGBOOST,27__FG078,FG078,Talc,8274.812405056424,3759.0,8724.0,16999.0,23967.0,0.0
C,XGBOOST,27__FG079,FG079,Talc,19266.312065972223,5020.0,19791.0,39057.0,41102.0,0.0
C,XGBOOST,27__FG080,FG080,Talc,25633.71560329861,9188.0,32258.0,57892.0,63901.0,0.0
C,XGBOOST,27__FG083,FG083,Home Care,30580.511610243055,5833.0,21123.0,51704.0,101927.0,0.0
C,XGBOOST,27__FG085,FG085,Home Care,7626.321614583333,2204.0,8813.0,16439.0,11025.0,5414.0
C,XGBOOST,27__FG087,FG087,Home Care,34758.111653645836,6940.0,23160.0,57918.0,96091.0,0.0
C,XGBOOST,27__FG088,FG088,Home Care,26019.846299913195,10089.0,24834.0,50854.0,61826.0,0.0
C,XGBOOST,27__FG089,FG089,Home Care,17094.14146592882,5681.0,22775.0,39869.0,48032.0,0.0
C,XGBOOST,27__FG091,FG091,Home Care,23504.12131076389,5661.0,22114.0,45618.0,72725.0,0.0
C,XGBOOST,27__FG092,FG092,Baby Care,18177.236328125,5996.0,25385.0,43562.0,39225.0,4337.0
C,XGBOOST,27__FG093,FG093,Baby Care,7026.18840874566,3245.0,11442.0,18468.0,17918.0,550.0
C,XGBOOST,27__FG101,FG101,Combo,4578.038214789496,4112.0,9453.0,14031.0,17790.0,0.0
C,XGBOOST,27__FG102,FG102,Combo,4815.79143608941,1973.0,4862.0,9678.0,24004.0,0.0
C,XGBOOST,27__FG103,FG103,Combo,3954.2866414388022,2233.0,6583.0,10537.0,8882.0,1655.0
C,XGBOOST,32__FG001,FG001,Soap,26409.77419704861,5424.0,18629.0,45039.0,76940.0,0.0
C,XGBOOST,32__FG002,FG002,Soap,52309.341796875,19147.0,69713.0,122022.0,93865.0,28157.0
C,XGBOOST,32__FG003,FG003,Soap,86277.75889756944,40460.0,126738.0,213016.0,249599.0,0.0
C,XGBOOST,32__FG005,FG005,Soap,40061.683702256945,10972.0,43021.0,83083.0,91739.0,0.0
C,XGBOOST,32__FG006,FG006,Soap,69620.84635416667,17690.0,94273.0,163894.0,120924.0,42970.0
C,XGBOOST,32__FG008,FG008,Soap,42947.49197048611,12020.0,53536.0,96483.0,80306.0,16177.0
C,XGBOOST,32__FG013,FG013,Soap,83948.55381944444,33740.0,117689.0,201638.0,278131.0,0.0
C,XGBOOST,32__FG014,FG014,Soap,53649.638563368055,16536.0,68397.0,122047.0,115523.0,6524.0
C,XGBOOST,32__FG016,FG016,Shampoo,24195.685221354168,7816.0,33625.0,57821.0,47741.0,10080.0
C,XGBOOST,32__FG018,FG018,Shampoo,32817.747938368055,8230.0,25733.0,58551.0,60978.0,0.0
C,XGBOOST,32__FG019,FG019,Shampoo,49409.231553819445,17636.0,71986.0,121395.0,172121.0,0.0
C,XGBOOST,32__FG020,FG020,Shampoo,43841.084635416664,12046.0,50042.0,93883.0,101894.0,0.0
C,XGBOOST,32__FG022,FG022,Shampoo,43012.6904296875,8621.0,38730.0,81743.0,105591.0,0.0
C,XGBOOST,32__FG024,FG024,Shampoo,34021.50434027778,11651.0,50209.0,84231.0,124758.0,0.0
C,XGBOOST,32__FG025,FG025,Shampoo,21253.170572916668,6679.0,30057.0,51310.0,63563.0,0.0
C,XGBOOST,32__FG026,FG026,Shampoo,32102.376844618055,12530.0,45702.0,77804.0,115319.0,0.0
C,XGBOOST,32__FG027,FG027,Shampoo,45732.90549045139,11488.0,45025.0,90758.0,144062.0,0.0
C,XGBOOST,32__FG028,FG028,Shampoo,35262.721842447914,12804.0,50418.0,85681.0,89843.0,0.0
C,XGBOOST,32__FG030,FG030,Shampoo,37636.589029947914,12836.0,42945.0,80582.0,126296.0,0.0
C,XGBOOST,32__FG031,FG031,Shampoo,66737.98719618056,15380.0,59872.0,126610.0,164227.0,0.0
C,XGBOOST,32__FG032,FG032,Shampoo,15349.780436197916,3897.0,11572.0,26922.0,42437.0,0.0
C,XGBOOST,32__FG033,FG033,Shampoo,43952.99186197917,7222.0,27733.0,71686.0,88410.0,0.0
C,XGBOOST,32__FG035,FG035,Liquid Wash,39235.60009765625,14918.0,55461.0,94697.0,80817.0,13880.0
C,XGBOOST,32__FG036,FG036,Liquid Wash,41163.727213541664,9421.0,30003.0,71167.0,138507.0,0.0
C,XGBOOST,32__FG038,FG038,Liquid Wash,36031.76139322917,12273.0,60315.0,96347.0,64570.0,31777.0
C,XGBOOST,32__FG039,FG039,Liquid Wash,15671.869683159724,2939.0,10253.0,25925.0,38446.0,0.0
C,XGBOOST,32__FG040,FG040,Liquid Wash,22515.064561631945,5447.0,25711.0,48226.0,34052.0,14174.0
C,XGBOOST,32__FG041,FG041,Liquid Wash,15395.988199869793,3504.0,11715.0,27111.0,31425.0,0.0
C,XGBOOST,32__FG043,FG043,Liquid Wash,41986.43012152778,11191.0,60175.0,102161.0,95280.0,6881.0
C,XGBOOST,32__FG046,FG046,Diaper,68895.03754340278,18825.0,99203.0,168098.0,187768.0,0.0
C,XGBOOST,32__FG047,FG047,Diaper,19528.31521267361,3197.0,18820.0,38348.0,60582.0,0.0
C,XGBOOST,32__FG050,FG050,Diaper,26812.499131944445,7171.0,35771.0,62583.0,37693.0,24890.0
C,XGBOOST,32__FG056,FG056,Sanitary,29344.88948567708,4686.0,16424.0,45769.0,85061.0,0.0
C,XGBOOST,32__FG057,FG057,Sanitary,37394.01394314236,7508.0,38670.0,76064.0,85170.0,0.0
C,XGBOOST,32__FG067,FG067,Lotion/Cream,30094.4443359375,16589.0,53705.0,83799.0,69330.0,14469.0
C,XGBOOST,32__FG070,FG070,Lotion/Cream,26534.99001736111,7414.0,30411.0,56946.0,40948.0,15998.0
C,XGBOOST,32__FG074,FG074,Lotion/Cream,7494.979315863715,1569.0,5067.0,12562.0,15012.0,0.0
C,XGBOOST,32__FG075,FG075,Lotion/Cream,7546.879286024306,1776.0,9323.0,16870.0,11792.0,5078.0
C,XGBOOST,32__FG076,FG076,Talc,5346.305284288194,1547.0,5824.0,11170.0,8279.0,2891.0
C,XGBOOST,32__FG078,FG078,Talc,8810.754014756945,2490.0,8070.0,16881.0,25068.0,0.0
C,XGBOOST,32__FG079,FG079,Talc,19849.445366753473,4741.0,19959.0,39808.0,41248.0,0.0
C,XGBOOST,32__FG081,FG081,Talc,5731.686089409723,2213.0,9282.0,15014.0,13979.0,1035.0
C,XGBOOST,32__FG083,FG083,Home Care,34305.49077690972,7007.0,20729.0,55034.0,89102.0,0.0
C,XGBOOST,32__FG084,FG084,Home Care,27436.4833984375,8434.0,35870.0,63306.0,47050.0,16256.0
C,XGBOOST,32__FG085,FG085,Home Care,8706.693142361111,2619.0,10455.0,19162.0,11061.0,8101.0
C,XGBOOST,32__FG087,FG087,Home Care,38227.3017578125,8556.0,26395.0,64622.0,103002.0,0.0
C,XGBOOST,32__FG088,FG088,Home Care,30893.318684895832,7392.0,25928.0,56821.0,61113.0,0.0
C,XGBOOST,32__FG089,FG089,Home Care,19250.477647569445,7165.0,27699.0,46949.0,47023.0,0.0
C,XGBOOST,32__FG091,FG091,Home Care,26944.442708333332,6139.0,26796.0,53740.0,72816.0,0.0
C,XGBOOST,32__FG096,FG096,Baby Care,6908.815077039931,1310.0,3843.0,10752.0,13798.0,0.0
C,XGBOOST,32__FG097,FG097,Baby Care,9909.79758029514,2022.0,7968.0,17878.0,23653.0,0.0
C,XGBOOST,32__FG099,FG099,Combo,6505.6067301432295,3328.0,8749.0,15255.0,18113.0,0.0
C,XGBOOST,32__FG100,FG100,Combo,4462.599534776476,1589.0,3672.0,8135.0,8148.0,0.0
C,XGBOOST,32__FG102,FG102,Combo,5517.51751030816,1977.0,5288.0,10806.0,24307.0,0.0
C,XGBOOST,32__FG103,FG103,Combo,4047.8765869140625,2207.0,6255.0,10303.0,8459.0,1844.0
C,XGBOOST,34__FG004,FG004,Soap,46598.731336805555,20397.0,54569.0,101168.0,132620.0,0.0
C,XGBOOST,34__FG005,FG005,Soap,36396.031412760414,17497.0,45401.0,81797.0,101342.0,0.0
C,XGBOOST,34__FG006,FG006,Soap,66597.23274739583,36383.0,114080.0,180677.0,112600.0,68077.0
C,XGBOOST,34__FG012,FG012,Soap,34140.079427083336,14011.0,56117.0,90257.0,90825.0,0.0
C,XGBOOST,34__FG017,FG017,Shampoo,28217.09787326389,12637.0,31448.0,59665.0,63962.0,0.0
C,XGBOOST,34__FG018,FG018,Shampoo,32364.89431423611,6188.0,19134.0,51499.0,67143.0,0.0
C,XGBOOST,34__FG019,FG019,Shampoo,48735.97808159722,24328.0,81187.0,129923.0,154944.0,0.0
C,XGBOOST,34__FG020,FG020,Shampoo,41300.46017795139,14308.0,47348.0,88648.0,112728.0,0.0
C,XGBOOST,34__FG022,FG022,Shampoo,41540.32953559028,15543.0,47391.0,88931.0,89000.0,0.0
C,XGBOOST,34__FG023,FG023,Shampoo,33384.358235677086,9477.0,26169.0,59553.0,134409.0,0.0
C,XGBOOST,34__FG025,FG025,Shampoo,20047.337158203125,12453.0,34505.0,54552.0,63356.0,0.0
C,XGBOOST,34__FG026,FG026,Shampoo,31877.357530381945,17410.0,50350.0,82227.0,111981.0,0.0
C,XGBOOST,34__FG028,FG028,Shampoo,34117.6533203125,17107.0,50087.0,84205.0,88471.0,0.0
C,XGBOOST,34__FG029,FG029,Shampoo,16874.484049479168,5936.0,21686.0,38560.0,44072.0,0.0
C,XGBOOST,34__FG030,FG030,Shampoo,36641.166015625,19155.0,48468.0,85109.0,118199.0,0.0
C,XGBOOST,34__FG032,FG032,Shampoo,15210.06041124132,4988.0,12086.0,27296.0,38785.0,0.0
C,XGBOOST,34__FG033,FG033,Shampoo,39267.397623697914,16889.0,36523.0,75790.0,88639.0,0.0
C,XGBOOST,34__FG037,FG037,Liquid Wash,18208.025010850695,5812.0,24020.0,42228.0,41401.0,827.0
C,XGBOOST,34__FG038,FG038,Liquid Wash,33504.882486979164,20037.0,62477.0,95982.0,68702.0,27280.0
C,XGBOOST,34__FG039,FG039,Liquid Wash,14691.781358506943,2887.0,8764.0,23456.0,39089.0,0.0
C,XGBOOST,34__FG043,FG043,Liquid Wash,39379.930284288195,26076.0,69394.0,108774.0,112795.0,0.0
C,XGBOOST,34__FG047,FG047,Diaper,17367.63210720486,10335.0,23650.0,41018.0,60366.0,0.0
C,XGBOOST,34__FG051,FG051,Diaper,17637.113091362848,11419.0,28468.0,46105.0,37281.0,8824.0
C,XGBOOST,34__FG052,FG052,Diaper,62183.53678385416,18465.0,59921.0,122105.0,101733.0,20372.0
C,XGBOOST,34__FG053,FG053,Diaper,47797.88118489584,16060.0,54298.0,102096.0,164706.0,0.0
C,XGBOOST,34__FG056,FG056,Sanitary,32426.27587890625,7172.0,17981.0,50407.0,91420.0,0.0
C,XGBOOST,34__FG058,FG058,Sanitary,46560.977376302086,18583.0,43416.0,89977.0,86019.0,3958.0
C,XGBOOST,34__FG061,FG061,Sanitary,22829.846028645832,7748.0,33622.0,56452.0,44059.0,12393.0
C,XGBOOST,34__FG063,FG063,Sanitary,47398.08051215278,18114.0,56032.0,103430.0,65838.0,37592.0
C,XGBOOST,34__FG066,FG066,Lotion/Cream,11614.54421657986,4488.0,12618.0,24233.0,21720.0,2513.0
C,XGBOOST,34__FG067,FG067,Lotion/Cream,27880.052842881945,12470.0,45926.0,73806.0,71137.0,2669.0
C,XGBOOST,34__FG068,FG068,Lotion/Cream,16511.70751953125,4565.0,12821.0,29333.0,54717.0,0.0
C,XGBOOST,34__FG070,FG070,Lotion/Cream,22484.347276475695,8429.0,27915.0,50399.0,39875.0,10524.0
C,XGBOOST,34__FG074,FG074,Lotion/Cream,6129.96051703559,1843.0,4499.0,10629.0,14151.0,0.0
C,XGBOOST,34__FG076,FG076,Talc,4295.9115804036455,2136.0,5859.0,10155.0,8154.0,2001.0
C,XGBOOST,34__FG077,FG077,Talc,19481.040093315973,7335.0,22920.0,42401.0,36563.0,5838.0
C,XGBOOST,34__FG079,FG079,Talc,17769.546359592016,6662.0,20878.0,38648.0,42458.0,0.0
C,XGBOOST,34__FG081,FG081,Talc,4960.717915852864,2889.0,8842.0,13803.0,13630.0,173.0
C,XGBOOST,34__FG087,FG087,Home Care,36294.35590277778,7032.0,21550.0,57844.0,103950.0,0.0
C,XGBOOST,34__FG089,FG089,Home Care,17552.873291015625,8094.0,24477.0,42030.0,53227.0,0.0
C,XGBOOST,34__FG090,FG090,Home Care,13742.690511067707,5579.0,21612.0,35355.0,32728.0,2627.0
C,XGBOOST,34__FG091,FG091,Home Care,24776.95730251736,13238.0,33885.0,58662.0,75594.0,0.0
C,XGBOOST,34__FG092,FG092,Baby Care,18466.454535590277,8076.0,29005.0,47471.0,37598.0,9873.0
C,XGBOOST,34__FG098,FG098,Baby Care,9728.303941514758,4184.0,12291.0,22019.0,19269.0,2750.0
C,XGBOOST,34__FG101,FG101,Combo,5233.935289171007,3163.0,8746.0,13980.0,18078.0,0.0
C,XGBOOST,35__FG002,FG002,Soap,50610.892469618055,15677.0,64601.0,115212.0,87005.0,28207.0
C,XGBOOST,35__FG012,FG012,Soap,37730.566569010414,21850.0,69642.0,107373.0,93546.0,13827.0
C,XGBOOST,35__FG013,FG013,Soap,85488.23350694444,44488.0,135675.0,221163.0,283337.0,0.0
C,XGBOOST,35__FG018,FG018,Shampoo,36300.72336154514,12615.0,30765.0,67066.0,68495.0,0.0
C,XGBOOST,35__FG019,FG019,Shampoo,58966.630208333336,25164.0,90027.0,148994.0,171221.0,0.0
C,XGBOOST,35__FG020,FG020,Shampoo,49396.70041232639,26609.0,72713.0,122110.0,108536.0,13574.0
C,XGBOOST,35__FG021,FG021,Shampoo,39875.94314236111,11837.0,43738.0,83614.0,50179.0,33435.0
C,XGBOOST,35__FG022,FG022,Shampoo,49136.80376519097,21344.0,54102.0,103239.0,100530.0,2709.0
C,XGBOOST,35__FG024,FG024,Shampoo,39095.39984809028,17106.0,62717.0,101812.0,133096.0,0.0
C,XGBOOST,35__FG026,FG026,Shampoo,35749.501790364586,12983.0,48733.0,84483.0,117171.0,0.0
C,XGBOOST,35__FG027,FG027,Shampoo,54186.95865885416,22899.0,68055.0,122242.0,132209.0,0.0
C,XGBOOST,35__FG031,FG031,Shampoo,70335.11154513889,30901.0,77791.0,148126.0,150695.0,0.0
C,XGBOOST,35__FG034,FG034,Liquid Wash,37798.88921440972,15780.0,53579.0,91378.0,148789.0,0.0
C,XGBOOST,35__FG036,FG036,Liquid Wash,38841.77001953125,18215.0,32457.0,71299.0,119226.0,0.0
C,XGBOOST,35__FG037,FG037,Liquid Wash,19414.71120876736,9498.0,32796.0,52211.0,45697.0,6514.0
C,XGBOOST,35__FG040,FG040,Liquid Wash,21699.24435763889,8466.0,27995.0,49694.0,33093.0,16601.0
C,XGBOOST,35__FG042,FG042,Liquid Wash,23523.709526909723,13723.0,36463.0,59987.0,56671.0,3316.0
C,XGBOOST,35__FG044,FG044,Diaper,47860.77571614584,13620.0,47123.0,94984.0,59226.0,35758.0
C,XGBOOST,35__FG047,FG047,Diaper,19479.55940755208,6253.0,19889.0,39369.0,58325.0,0.0
C,XGBOOST,35__FG048,FG048,Diaper,34464.04806857639,14517.0,52427.0,86891.0,65399.0,21492.0
C,XGBOOST,35__FG049,FG049,Diaper,63960.04763454861,43008.0,100572.0,164532.0,104400.0,60132.0
C,XGBOOST,35__FG051,FG051,Diaper,19104.581488715277,10173.0,28641.0,47746.0,43138.0,4608.0
C,XGBOOST,35__FG052,FG052,Diaper,69472.32118055556,27153.0,71152.0,140624.0,98530.0,42094.0
C,XGBOOST,35__FG055,FG055,Diaper,18866.95730251736,6612.0,21077.0,39944.0,37187.0,2757.0
C,XGBOOST,35__FG057,FG057,Sanitary,34159.23735894097,10357.0,37684.0,71843.0,94617.0,0.0
C,XGBOOST,35__FG060,FG060,Sanitary,37293.99587673611,15437.0,57704.0,94998.0,87500.0,7498.0
C,XGBOOST,35__FG063,FG063,Sanitary,42155.77886284722,17521.0,54056.0,96212.0,69027.0,27185.0
C,XGBOOST,35__FG064,FG064,Lotion/Cream,23844.683973524305,11793.0,41996.0,65841.0,55621.0,10220.0
C,XGBOOST,35__FG068,FG068,Lotion/Cream,18010.178656684027,6140.0,16946.0,34956.0,55610.0,0.0
C,XGBOOST,35__FG071,FG071,Lotion/Cream,22289.541341145832,9147.0,33665.0,55955.0,55846.0,109.0
C,XGBOOST,35__FG072,FG072,Lotion/Cream,7345.759928385417,2466.0,5894.0,13240.0,9559.0,3681.0
C,XGBOOST,35__FG075,FG075,Lotion/Cream,7522.326687282986,2808.0,9578.0,17100.0,12885.0,4215.0
C,XGBOOST,35__FG076,FG076,Talc,5174.417134602864,2329.0,6469.0,11643.0,9161.0,2482.0
C,XGBOOST,35__FG077,FG077,Talc,21733.07503255208,8642.0,26028.0,47761.0,39877.0,7884.0
C,XGBOOST,35__FG079,FG079,Talc,20039.473958333332,7602.0,23634.0,43673.0,42531.0,1142.0
C,XGBOOST,35__FG083,FG083,Home Care,33185.10959201389,6907.0,20181.0,53366.0,91176.0,0.0
C,XGBOOST,35__FG086,FG086,Home Care,17339.56515842014,7503.0,24265.0,41605.0,46935.0,0.0
C,XGBOOST,35__FG087,FG087,Home Care,37168.474717881945,10417.0,25284.0,62452.0,96521.0,0.0
C,XGBOOST,35__FG088,FG088,Home Care,28599.04513888889,9802.0,28868.0,57467.0,66555.0,0.0
C,XGBOOST,35__FG090,FG090,Home Care,13414.632351345486,8422.0,23178.0,36593.0,29828.0,6765.0
C,XGBOOST,35__FG093,FG093,Baby Care,7299.525173611111,4119.0,12635.0,19935.0,19371.0,564.0
C,XGBOOST,35__FG094,FG094,Baby Care,9871.379787868924,4718.0,11957.0,21828.0,24635.0,0.0
C,XGBOOST,35__FG096,FG096,Baby Care,5941.596435546875,1978.0,4751.0,10693.0,16704.0,0.0
C,XGBOOST,35__FG097,FG097,Baby Care,8689.331882052951,1939.0,6573.0,15262.0,20725.0,0.0
C,XGBOOST,35__FG100,FG100,Combo,4363.465277777777,2120.0,4447.0,8810.0,8045.0,765.0
C,XGBOOST,35__FG101,FG101,Combo,5312.076571994357,3158.0,8824.0,14136.0,14586.0,0.0
C,XGBOOST,35__FG102,FG102,Combo,5255.7148030598955,2500.0,5303.0,10559.0,25605.0,0.0
C,XGBOOST,40__FG002,FG002,Soap,43062.017469618055,18234.0,59861.0,102923.0,88407.0,14516.0
C,XGBOOST,40__FG004,FG004,Soap,40929.848253038195,12048.0,44792.0,85722.0,120213.0,0.0
C,XGBOOST,40__FG012,FG012,Soap,30754.795518663195,8870.0,45776.0,76531.0,97332.0,0.0
C,XGBOOST,40__FG014,FG014,Soap,43131.65863715278,13445.0,52263.0,95395.0,118001.0,0.0
C,XGBOOST,40__FG020,FG020,Shampoo,36833.29324001736,8687.0,39381.0,76214.0,99844.0,0.0
C,XGBOOST,40__FG023,FG023,Shampoo,28970.96218532986,6875.0,23292.0,52263.0,111661.0,0.0
C,XGBOOST,40__FG024,FG024,Shampoo,28474.611273871527,10283.0,40656.0,69131.0,114873.0,0.0
C,XGBOOST,40__FG025,FG025,Shampoo,17240.816786024305,10850.0,29240.0,46481.0,57384.0,0.0
C,XGBOOST,40__FG027,FG027,Shampoo,39011.677842881945,11579.0,44089.0,83101.0,125459.0,0.0
C,XGBOOST,40__FG029,FG029,Shampoo,14574.572781032986,3777.0,15922.0,30497.0,41537.0,0.0
C,XGBOOST,40__FG030,FG030,Shampoo,31765.38894314236,11110.0,36522.0,68287.0,114363.0,0.0
C,XGBOOST,40__FG031,FG031,Shampoo,57065.04806857639,24273.0,62316.0,119381.0,154287.0,0.0
C,XGBOOST,40__FG035,FG035,Liquid Wash,27361.289442274305,8770.0,38867.0,66228.0,75260.0,0.0
C,XGBOOST,40__FG036,FG036,Liquid Wash,28435.712836371527,7930.0,23096.0,51532.0,113625.0,0.0
C,XGBOOST,40__FG040,FG040,Liquid Wash,15437.604953342014,4322.0,17701.0,33139.0,29080.0,4059.0
C,XGBOOST,40__FG041,FG041,Liquid Wash,10566.686143663195,2565.0,7848.0,18415.0,25347.0,0.0
C,XGBOOST,40__FG042,FG042,Liquid Wash,17920.077311197918,5430.0,22753.0,40673.0,55696.0,0.0
C,XGBOOST,40__FG044,FG044,Diaper,36906.146592881945,10052.0,37117.0,74023.0,50859.0,23164.0
C,XGBOOST,40__FG045,FG045,Diaper,55336.760416666664,9455.0,29745.0,85082.0,107294.0,0.0
C,XGBOOST,40__FG048,FG048,Diaper,27062.388509114586,8261.0,40736.0,67798.0,62514.0,5284.0
C,XGBOOST,40__FG050,FG050,Diaper,19795.484212239586,5565.0,25360.0,45155.0,34949.0,10206.0
C,XGBOOST,40__FG052,FG052,Diaper,53856.93825954861,11697.0,51192.0,105049.0,87395.0,17654.0
C,XGBOOST,40__FG054,FG054,Diaper,59162.900499131945,15237.0,58623.0,117786.0,115297.0,2489.0
C,XGBOOST,40__FG056,FG056,Sanitary,24764.888346354168,3500.0,11755.0,36520.0,76452.0,0.0
C,XGBOOST,40__FG057,FG057,Sanitary,29058.37548828125,7212.0,29490.0,58548.0,75355.0,0.0
C,XGBOOST,40__FG058,FG058,Sanitary,38312.72873263889,7992.0,27148.0,65461.0,83889.0,0.0
C,XGBOOST,40__FG059,FG059,Sanitary,14978.867431640623,3863.0,17344.0,32323.0,47093.0,0.0
C,XGBOOST,40__FG060,FG060,Sanitary,32772.333658854164,9508.0,44465.0,77237.0,89291.0,0.0
C,XGBOOST,40__FG062,FG062,Sanitary,15792.331570095486,5395.0,20135.0,35927.0,24637.0,11290.0
C,XGBOOST,40__FG064,FG064,Lotion/Cream,17384.51673719618,4812.0,27991.0,45376.0,51942.0,0.0
C,XGBOOST,40__FG065,FG065,Lotion/Cream,25598.950629340277,6991.0,23204.0,48803.0,59053.0,0.0
C,XGBOOST,40__FG066,FG066,Lotion/Cream,9572.957994249133,3323.0,9705.0,19278.0,21208.0,0.0
C,XGBOOST,40__FG068,FG068,Lotion/Cream,14413.25572374132,3759.0,11927.0,26340.0,53238.0,0.0
C,XGBOOST,40__FG074,FG074,Lotion/Cream,5125.9582926432295,1062.0,2771.0,7897.0,15698.0,0.0
C,XGBOOST,40__FG076,FG076,Talc,4264.496249728732,1600.0,5154.0,9418.0,7838.0,1580.0
C,XGBOOST,40__FG077,FG077,Talc,18758.807996961805,7047.0,20178.0,38937.0,36742.0,2195.0
C,XGBOOST,40__FG081,FG081,Talc,4699.130133734809,2016.0,7498.0,12197.0,11975.0,222.0
C,XGBOOST,40__FG082,FG082,Home Care,27907.574869791668,12038.0,36225.0,64133.0,85781.0,0.0
C,XGBOOST,40__FG083,FG083,Home Care,25649.486762152777,5180.0,15440.0,41089.0,80409.0,0.0
C,XGBOOST,40__FG085,FG085,Home Care,6801.137437608507,2566.0,8687.0,15488.0,10696.0,4792.0
C,XGBOOST,40__FG086,FG086,Home Care,14715.346978081598,3147.0,18843.0,33558.0,45966.0,0.0
C,XGBOOST,40__FG088,FG088,Home Care,23123.9248046875,7085.0,22501.0,45625.0,48349.0,0.0
C,XGBOOST,40__FG090,FG090,Home Care,10596.15207248264,3957.0,15966.0,26562.0,29902.0,0.0
C,XGBOOST,40__FG091,FG091,Home Care,20173.853624131945,6835.0,22974.0,43148.0,68488.0,0.0
C,XGBOOST,40__FG092,FG092,Baby Care,16762.89480251736,5307.0,23746.0,40509.0,36095.0,4414.0
C,XGBOOST,40__FG093,FG093,Baby Care,6454.401462131076,2110.0,9640.0,16094.0,16653.0,0.0
C,XGBOOST,40__FG094,FG094,Baby Care,8638.529663085938,3197.0,9820.0,18459.0,21792.0,0.0
C,XGBOOST,40__FG096,FG096,Baby Care,5335.68463812934,1247.0,4271.0,9607.0,13130.0,0.0
C,XGBOOST,40__FG098,FG098,Baby Care,8370.228461371527,2160.0,10251.0,18621.0,19759.0,0.0
C,XGBOOST,40__FG100,FG100,Combo,4041.760762532552,1016.0,2633.0,6675.0,6554.0,121.0
C,XGBOOST,40__FG101,FG101,Combo,4284.823011610243,2107.0,6820.0,11105.0,12329.0,0.0
C,XGBOOST,40__FG102,FG102,Combo,4424.780456542969,1688.0,4490.0,8915.0,19567.0,0.0
C,XGBOOST,41__FG002,FG002,Soap,56529.47797309028,20426.0,75071.0,131600.0,95066.0,36534.0
C,XGBOOST,41__FG004,FG004,Soap,52253.8837890625,12362.0,52423.0,104677.0,140108.0,0.0
C,XGBOOST,41__FG007,FG007,Soap,46040.50661892361,14171.0,40261.0,86302.0,167439.0,0.0
C,XGBOOST,41__FG008,FG008,Soap,43461.202473958336,15304.0,63111.0,106572.0,84800.0,21772.0
C,XGBOOST,41__FG012,FG012,Soap,38243.06732855903,11470.0,59911.0,98154.0,99530.0,0.0
C,XGBOOST,41__FG013,FG013,Soap,89049.71332465278,35997.0,125047.0,214097.0,273223.0,0.0
C,XGBOOST,41__FG015,FG015,Soap,63746.80078125,21003.0,84750.0,148497.0,208218.0,0.0
C,XGBOOST,41__FG016,FG016,Shampoo,26529.46365017361,8181.0,34710.0,61239.0,45205.0,16034.0
C,XGBOOST,41__FG017,FG017,Shampoo,34209.99517144097,8265.0,32212.0,66422.0,65792.0,630.0
C,XGBOOST,41__FG018,FG018,Shampoo,37222.19167751736,6588.0,18995.0,56217.0,73171.0,0.0
C,XGBOOST,41__FG019,FG019,Shampoo,58570.93391927083,16552.0,79028.0,137599.0,183728.0,0.0
C,XGBOOST,41__FG020,FG020,Shampoo,49055.71831597222,15662.0,58177.0,107233.0,118314.0,0.0
C,XGBOOST,41__FG023,FG023,Shampoo,39354.70361328125,9535.0,33148.0,72503.0,155015.0,0.0
C,XGBOOST,41__FG024,FG024,Shampoo,39974.553385416664,14250.0,58222.0,98197.0,127823.0,0.0
C,XGBOOST,41__FG026,FG026,Shampoo,36783.55365668403,14355.0,52365.0,89149.0,122774.0,0.0
C,XGBOOST,41__FG028,FG028,Shampoo,39568.51171875,15787.0,59312.0,98881.0,101096.0,0.0
C,XGBOOST,41__FG029,FG029,Shampoo,19037.97962782118,5372.0,19968.0,39006.0,47609.0,0.0
C,XGBOOST,41__FG033,FG033,Shampoo,48146.253038194445,11173.0,36851.0,84997.0,86128.0,0.0
C,XGBOOST,41__FG034,FG034,Liquid Wash,43309.83713107639,13945.0,51480.0,94790.0,162671.0,0.0
C,XGBOOST,41__FG037,FG037,Liquid Wash,19732.020968967016,13520.0,35225.0,54957.0,47149.0,7808.0
C,XGBOOST,41__FG039,FG039,Liquid Wash,16704.392605251734,4188.0,12540.0,29244.0,40392.0,0.0
C,XGBOOST,41__FG041,FG041,Liquid Wash,17119.07408311632,4072.0,13202.0,30321.0,29289.0,1032.0
C,XGBOOST,41__FG043,FG043,Liquid Wash,45159.547743055555,12988.0,64169.0,109329.0,111915.0,0.0
C,XGBOOST,41__FG046,FG046,Diaper,70222.9677734375,13089.0,90334.0,160557.0,197397.0,0.0
C,XGBOOST,41__FG047,FG047,Diaper,19455.28597005208,3957.0,19521.0,38976.0,61137.0,0.0
C,XGBOOST,41__FG049,FG049,Diaper,67766.11740451389,21917.0,85165.0,152931.0,115214.0,37717.0
C,XGBOOST,41__FG050,FG050,Diaper,25969.86599392361,6055.0,34622.0,60592.0,37822.0,22770.0
C,XGBOOST,41__FG052,FG052,Diaper,71545.56640625,13980.0,66447.0,137993.0,106201.0,31792.0
C,XGBOOST,41__FG053,FG053,Diaper,57645.90592447917,9232.0,47663.0,105309.0,145190.0,0.0
C,XGBOOST,41__FG054,FG054,Diaper,76820.33854166667,16870.0,75766.0,152586.0,129373.0,23213.0
C,XGBOOST,41__FG056,FG056,Sanitary,33090.24028862847,6994.0,16921.0,50011.0,91056.0,0.0
C,XGBOOST,41__FG061,FG061,Sanitary,22798.10470920139,7030.0,32108.0,54906.0,52487.0,2419.0
C,XGBOOST,41__FG064,FG064,Lotion/Cream,24717.878038194445,6505.0,38638.0,63356.0,57100.0,6256.0
C,XGBOOST,41__FG065,FG065,Lotion/Cream,37943.3193359375,11405.0,36701.0,74644.0,76665.0,0.0
C,XGBOOST,41__FG066,FG066,Lotion/Cream,13762.72056749132,4490.0,14124.0,27887.0,26517.0,1370.0
C,XGBOOST,41__FG067,FG067,Lotion/Cream,34260.258138020836,12685.0,54939.0,89199.0,71530.0,17669.0
C,XGBOOST,41__FG069,FG069,Lotion/Cream,32177.607367621527,7007.0,18805.0,50983.0,78471.0,0.0
C,XGBOOST,41__FG071,FG071,Lotion/Cream,24336.909830729168,10600.0,39804.0,64141.0,65546.0,0.0
C,XGBOOST,41__FG072,FG072,Lotion/Cream,7861.241875542535,2036.0,6491.0,14352.0,10731.0,3621.0
C,XGBOOST,41__FG075,FG075,Lotion/Cream,7681.278713650174,1959.0,8616.0,16297.0,12365.0,3932.0
C,XGBOOST,41__FG076,FG076,Talc,5708.684000651042,2149.0,6906.0,12615.0,8965.0,3650.0
C,XGBOOST,41__FG077,FG077,Talc,23252.002604166668,6436.0,24263.0,47515.0,45053.0,2462.0
C,XGBOOST,41__FG078,FG078,Talc,10182.007866753473,2828.0,9955.0,20137.0,24090.0,0.0
C,XGBOOST,41__FG080,FG080,Talc,29418.25021701389,20602.0,46098.0,75516.0,79363.0,0.0
C,XGBOOST,41__FG084,FG084,Home Care,29884.476725260414,8423.0,40300.0,70184.0,49085.0,21099.0
C,XGBOOST,41__FG086,FG086,Home Care,18879.062337239586,9113.0,28621.0,47500.0,50626.0,0.0
C,XGBOOST,41__FG088,FG088,Home Care,32627.120768229168,8235.0,25636.0,58263.0,62149.0,0.0
C,XGBOOST,41__FG090,FG090,Home Care,15301.294189453123,4717.0,23589.0,38890.0,34183.0,4707.0
C,XGBOOST,41__FG091,FG091,Home Care,27741.94417317708,13980.0,37098.0,64840.0,76599.0,0.0
C,XGBOOST,41__FG092,FG092,Baby Care,21335.904296875,8821.0,31579.0,52915.0,42409.0,10506.0
C,XGBOOST,41__FG093,FG093,Baby Care,8710.669555664062,2124.0,11706.0,20417.0,20836.0,0.0
C,XGBOOST,41__FG094,FG094,Baby Care,13220.17537434896,3593.0,12406.0,25626.0,26282.0,0.0
C,XGBOOST,41__FG095,FG095,Baby Care,24973.53933376736,6924.0,36892.0,61866.0,40831.0,21035.0
C,XGBOOST,41__FG096,FG096,Baby Care,7812.313422309027,1548.0,5194.0,13006.0,16339.0,0.0
C,XGBOOST,41__FG098,FG098,Baby Care,11208.90945095486,2529.0,12243.0,23452.0,22505.0,947.0
C,XGBOOST,41__FG100,FG100,Combo,4681.546461317274,1523.0,3396.0,8078.0,8282.0,0.0
C,XGBOOST,41__FG101,FG101,Combo,5543.314805772569,3227.0,9694.0,15237.0,16815.0,0.0
C,XGBOOST,41__FG103,FG103,Combo,4155.281419542101,2467.0,6761.0,10916.0,9702.0,1214.0
C,XGBOOST,49__FG001,FG001,Soap,22835.56515842014,5676.0,16333.0,39169.0,73607.0,0.0
C,XGBOOST,49__FG002,FG002,Soap,44301.25141059028,19192.0,64970.0,109271.0,91801.0,17470.0
C,XGBOOST,49__FG003,FG003,Soap,75895.56532118056,30225.0,103591.0,179487.0,244118.0,0.0
C,XGBOOST,49__FG004,FG004,Soap,43441.311848958336,21268.0,57469.0,100910.0,130486.0,0.0
C,XGBOOST,49__FG005,FG005,Soap,34523.85302734375,11057.0,35224.0,69748.0,103027.0,0.0
C,XGBOOST,49__FG006,FG006,Soap,59978.26030815972,44097.0,118070.0,178048.0,103854.0,74194.0
C,XGBOOST,49__FG008,FG008,Soap,37703.854654947914,11843.0,50804.0,88508.0,81625.0,6883.0
C,XGBOOST,49__FG010,FG010,Soap,67042.22330729167,11945.0,40997.0,108039.0,181151.0,0.0
C,XGBOOST,49__FG014,FG014,Soap,47460.736436631945,18692.0,62989.0,110450.0,129900.0,0.0
C,XGBOOST,49__FG015,FG015,Soap,51789.70258246528,18651.0,73893.0,125683.0,198677.0,0.0
C,XGBOOST,49__FG016,FG016,Shampoo,22846.35476345486,6415.0,30784.0,53630.0,45818.0,7812.0
C,XGBOOST,49__FG019,FG019,Shampoo,47720.199110243055,18231.0,69133.0,116853.0,173360.0,0.0
C,XGBOOST,49__FG020,FG020,Shampoo,43192.238389756945,26466.0,62460.0,105652.0,112575.0,0.0
C,XGBOOST,49__FG022,FG022,Shampoo,41470.85427517361,11790.0,42202.0,83673.0,93199.0,0.0
C,XGBOOST,49__FG024,FG024,Shampoo,32542.49538845486,22942.0,56569.0,89111.0,116687.0,0.0
C,XGBOOST,49__FG025,FG025,Shampoo,18797.371880425348,8502.0,29806.0,48603.0,62871.0,0.0
C,XGBOOST,49__FG027,FG027,Shampoo,46317.6611328125,16021.0,49987.0,96305.0,141040.0,0.0
C,XGBOOST,49__FG028,FG028,Shampoo,33754.85552300347,16878.0,51758.0,85513.0,99494.0,0.0
C,XGBOOST,49__FG029,FG029,Shampoo,17275.885986328125,5639.0,20036.0,37312.0,41996.0,0.0
C,XGBOOST,49__FG030,FG030,Shampoo,35117.655164930555,12351.0,40445.0,75563.0,102065.0,0.0
C,XGBOOST,49__FG031,FG031,Shampoo,64261.50900607639,21670.0,66653.0,130915.0,152255.0,0.0
C,XGBOOST,49__FG032,FG032,Shampoo,14443.976725260416,5227.0,13893.0,28337.0,37672.0,0.0
C,XGBOOST,49__FG034,FG034,Liquid Wash,33710.67800564236,15986.0,46326.0,80037.0,129621.0,0.0
C,XGBOOST,49__FG036,FG036,Liquid Wash,33978.19086371528,8181.0,20640.0,54618.0,133049.0,0.0
C,XGBOOST,49__FG037,FG037,Liquid Wash,16101.35951063368,6779.0,23417.0,39518.0,41182.0,0.0
C,XGBOOST,49__FG038,FG038,Liquid Wash,29171.19601779514,11161.0,47139.0,76310.0,66340.0,9970.0
C,XGBOOST,49__FG039,FG039,Liquid Wash,13212.560655381943,3407.0,10013.0,23226.0,38199.0,0.0
C,XGBOOST,49__FG040,FG040,Liquid Wash,18849.096354166668,5988.0,22952.0,41801.0,32132.0,9669.0
C,XGBOOST,49__FG042,FG042,Liquid Wash,19999.040147569445,9613.0,28945.0,48944.0,59703.0,0.0
C,XGBOOST,49__FG043,FG043,Liquid Wash,36964.171712239586,15475.0,54903.0,91867.0,95235.0,0.0
C,XGBOOST,49__FG044,FG044,Diaper,40000.573350694445,12062.0,38729.0,78730.0,62595.0,16135.0
C,XGBOOST,49__FG045,FG045,Diaper,60593.97341579861,14004.0,36222.0,96816.0,119403.0,0.0
C,XGBOOST,49__FG047,FG047,Diaper,18412.837456597223,3987.0,18104.0,36517.0,61286.0,0.0
C,XGBOOST,49__FG049,FG049,Diaper,59049.71950954861,19058.0,74171.0,133221.0,105835.0,27386.0
C,XGBOOST,49__FG051,FG051,Diaper,18510.024359809027,6287.0,24797.0,43307.0,40908.0,2399.0
C,XGBOOST,49__FG052,FG052,Diaper,59611.18337673611,19141.0,60869.0,120480.0,92673.0,27807.0
C,XGBOOST,49__FG053,FG053,Diaper,48739.52853732639,21151.0,52019.0,100759.0,155719.0,0.0
C,XGBOOST,49__FG055,FG055,Diaper,16810.10045030382,3842.0,16730.0,33540.0,33376.0,164.0
C,XGBOOST,49__FG058,FG058,Sanitary,37675.302083333336,13530.0,31112.0,68787.0,80833.0,0.0
C,XGBOOST,49__FG060,FG060,Sanitary,33753.93332248264,9921.0,48175.0,81929.0,82046.0,0.0
C,XGBOOST,49__FG061,FG061,Sanitary,18413.791395399305,7214.0,28083.0,46497.0,47676.0,0.0
C,XGBOOST,49__FG064,FG064,Lotion/Cream,18792.487630208332,6510.0,31567.0,50359.0,53996.0,0.0
C,XGBOOST,49__FG065,FG065,Lotion/Cream,28730.97775607639,10978.0,32047.0,60778.0,66970.0,0.0
C,XGBOOST,49__FG066,FG066,Lotion/Cream,10595.536946614584,4339.0,11403.0,21999.0,23991.0,0.0
C,XGBOOST,49__FG069,FG069,Lotion/Cream,22390.681749131945,6568.0,13285.0,35676.0,84136.0,0.0
C,XGBOOST,49__FG072,FG072,Lotion/Cream,6216.231526692708,2579.0,5894.0,12110.0,9359.0,2751.0
C,XGBOOST,49__FG073,FG073,Lotion/Cream,23322.2978515625,6539.0,25974.0,49296.0,67577.0,0.0
C,XGBOOST,49__FG077,FG077,Talc,19997.92173936632,5975.0,20640.0,40638.0,42215.0,0.0
C,XGBOOST,49__FG078,FG078,Talc,8330.513970269098,2866.0,7309.0,15640.0,22786.0,0.0
C,XGBOOST,49__FG086,FG086,Home Care,16435.092854817707,3675.0,22301.0,38736.0,42367.0,0.0
C,XGBOOST,49__FG087,FG087,Home Care,32653.67941623264,5686.0,18747.0,51401.0,96905.0,0.0
C,XGBOOST,49__FG089,FG089,Home Care,14439.142686631943,6737.0,21657.0,36096.0,47862.0,0.0
C,XGBOOST,49__FG093,FG093,Baby Care,6434.992485894098,2585.0,9663.0,16098.0,19026.0,0.0
C,XGBOOST,49__FG094,FG094,Baby Care,9472.78404405382,3347.0,10294.0,19767.0,25268.0,0.0
C,XGBOOST,49__FG096,FG096,Baby Care,5645.603379991319,1032.0,3855.0,9501.0,14863.0,0.0
C,XGBOOST,49__FG097,FG097,Baby Care,8412.391099717883,2558.0,7605.0,16017.0,22979.0,0.0
C,XGBOOST,49__FG098,FG098,Baby Care,8555.94287109375,2853.0,10839.0,19395.0,19747.0,0.0
C,XGBOOST,49__FG099,FG099,Combo,6088.151312934027,2720.0,7591.0,13679.0,19927.0,0.0
C,XGBOOST,49__FG101,FG101,Combo,4807.685065375434,2807.0,8416.0,13224.0,15514.0,0.0
C,XGBOOST,50__FG001,FG001,Soap,24844.697808159723,4797.0,14735.0,39580.0,78954.0,0.0
C,XGBOOST,50__FG002,FG002,Soap,50695.071614583336,16714.0,65719.0,116414.0,93676.0,22738.0
C,XGBOOST,50__FG003,FG003,Soap,85723.43576388889,29585.0,115308.0,201031.0,228670.0,0.0
C,XGBOOST,50__FG004,FG004,Soap,49261.96267361111,11749.0,47874.0,97136.0,125642.0,0.0
C,XGBOOST,50__FG005,FG005,Soap,38277.0830078125,15611.0,46233.0,84510.0,98613.0,0.0
C,XGBOOST,50__FG006,FG006,Soap,72693.88335503472,31431.0,121087.0,193781.0,122098.0,71683.0
C,XGBOOST,50__FG007,FG007,Soap,44943.53092447917,14240.0,38210.0,83154.0,153988.0,0.0
C,XGBOOST,50__FG009,FG009,Soap,36150.22878689236,8264.0,32364.0,68514.0,49624.0,18890.0
C,XGBOOST,50__FG011,FG011,Soap,58449.10004340278,26151.0,74859.0,133308.0,140797.0,0.0
C,XGBOOST,50__FG012,FG012,Soap,35577.549696180555,15688.0,58381.0,93959.0,90298.0,3661.0
C,XGBOOST,50__FG015,FG015,Soap,58396.975260416664,28051.0,92288.0,150685.0,192464.0,0.0
C,XGBOOST,50__FG017,FG017,Shampoo,29957.72151692708,5951.0,24924.0,54882.0,61527.0,0.0
C,XGBOOST,50__FG019,FG019,Shampoo,51841.72048611111,20532.0,79286.0,131128.0,171282.0,0.0
C,XGBOOST,50__FG022,FG022,Shampoo,45514.13617621528,12471.0,44331.0,89845.0,93238.0,0.0
C,XGBOOST,50__FG023,FG023,Shampoo,35812.34206814236,11614.0,29520.0,65332.0,140974.0,0.0
C,XGBOOST,50__FG025,FG025,Shampoo,21008.610405815973,12108.0,35217.0,56226.0,58778.0,0.0
C,XGBOOST,50__FG026,FG026,Shampoo,32823.0166015625,14104.0,49115.0,81938.0,113464.0,0.0
C,XGBOOST,50__FG027,FG027,Shampoo,48119.127061631945,14728.0,46807.0,94926.0,136018.0,0.0
C,XGBOOST,50__FG028,FG028,Shampoo,35671.836100260414,15687.0,52548.0,88220.0,94459.0,0.0
C,XGBOOST,50__FG029,FG029,Shampoo,18138.817816840277,8308.0,24028.0,42167.0,46679.0,0.0
C,XGBOOST,50__FG030,FG030,Shampoo,37408.63129340278,10962.0,40889.0,78298.0,113283.0,0.0
C,XGBOOST,50__FG037,FG037,Liquid Wash,18528.226236979168,7980.0,27743.0,46271.0,45146.0,1125.0
C,XGBOOST,50__FG039,FG039,Liquid Wash,14886.261176215276,5765.0,13704.0,28590.0,38490.0,0.0
C,XGBOOST,50__FG041,FG041,Liquid Wash,14948.743842230902,4625.0,13096.0,28045.0,29857.0,0.0
C,XGBOOST,50__FG043,FG043,Liquid Wash,40795.08734809028,12609.0,57484.0,98279.0,101168.0,0.0
C,XGBOOST,50__FG046,FG046,Diaper,64622.702256944445,18452.0,98153.0,162776.0,187252.0,0.0
C,XGBOOST,50__FG051,FG051,Diaper,18547.173394097223,7392.0,25939.0,44486.0,41839.0,2647.0
C,XGBOOST,50__FG056,FG056,Sanitary,29775.422037760414,5911.0,16829.0,46604.0,81217.0,0.0
C,XGBOOST,50__FG057,FG057,Sanitary,34027.9609375,6756.0,33978.0,68006.0,85299.0,0.0
C,XGBOOST,50__FG058,FG058,Sanitary,44582.947374131945,9749.0,30554.0,75137.0,76449.0,0.0
C,XGBOOST,50__FG061,FG061,Sanitary,20788.388726128473,7624.0,30491.0,51279.0,50739.0,540.0
C,XGBOOST,50__FG063,FG063,Sanitary,43730.16178385416,12503.0,47487.0,91217.0,70792.0,20425.0
C,XGBOOST,50__FG064,FG064,Lotion/Cream,19872.64279513889,8718.0,33890.0,53763.0,50529.0,3234.0
C,XGBOOST,50__FG066,FG066,Lotion/Cream,11357.229058159724,5645.0,13595.0,24952.0,24036.0,916.0
C,XGBOOST,50__FG070,FG070,Lotion/Cream,22537.478841145832,8145.0,27677.0,50214.0,42408.0,7806.0
C,XGBOOST,50__FG072,FG072,Lotion/Cream,6701.928276909723,2020.0,5818.0,12520.0,10521.0,1999.0
C,XGBOOST,50__FG073,FG073,Lotion/Cream,24951.469184027777,11147.0,31108.0,56059.0,63644.0,0.0
C,XGBOOST,50__FG075,FG075,Lotion/Cream,6960.587999131944,2046.0,8079.0,15040.0,12665.0,2375.0
C,XGBOOST,50__FG076,FG076,Talc,4832.100009494357,2146.0,5851.0,10683.0,8717.0,1966.0
C,XGBOOST,50__FG077,FG077,Talc,19853.35009765625,6374.0,20933.0,40786.0,41678.0,0.0
C,XGBOOST,50__FG079,FG079,Talc,18570.263020833332,5566.0,20422.0,38992.0,45186.0,0.0
C,XGBOOST,50__FG080,FG080,Talc,25356.043836805555,7995.0,28280.0,53636.0,70791.0,0.0
C,XGBOOST,50__FG081,FG081,Talc,5332.628472222223,3660.0,10237.0,15570.0,12783.0,2787.0
C,XGBOOST,50__FG083,FG083,Home Care,31301.686631944445,6977.0,20541.0,51843.0,104861.0,0.0
C,XGBOOST,50__FG085,FG085,Home Care,7420.8348388671875,4243.0,11416.0,18837.0,12233.0,6604.0
C,XGBOOST,50__FG086,FG086,Home Care,16625.814480251734,4329.0,20955.0,37581.0,44790.0,0.0
C,XGBOOST,50__FG087,FG087,Home Care,35798.26247829861,8772.0,25478.0,61276.0,100089.0,0.0
C,XGBOOST,50__FG088,FG088,Home Care,27631.301323784723,8973.0,25552.0,53183.0,63742.0,0.0
C,XGBOOST,50__FG089,FG089,Home Care,17404.742513020832,6855.0,23680.0,41085.0,47317.0,0.0
C,XGBOOST,50__FG093,FG093,Baby Care,6949.499728732639,2375.0,10019.0,16968.0,18611.0,0.0
C,XGBOOST,50__FG095,FG095,Baby Care,19810.750379774305,12944.0,37377.0,57188.0,36280.0,20908.0
C,XGBOOST,50__FG096,FG096,Baby Care,5699.24909125434,1880.0,5110.0,10809.0,13974.0,0.0
C,XGBOOST,50__FG097,FG097,Baby Care,8568.059271918402,1833.0,6688.0,15256.0,22398.0,0.0
C,XGBOOST,50__FG099,FG099,Combo,6002.3917236328125,3936.0,8938.0,14940.0,18660.0,0.0
C,XGBOOST,50__FG100,FG100,Combo,4323.996426052518,1650.0,3524.0,7848.0,7800.0,48.0
C,XGBOOST,50__FG101,FG101,Combo,4988.130282931857,4204.0,10023.0,15011.0,14169.0,842.0
C,XGBOOST,5__FG002,FG002,Soap,56171.905598958336,28697.0,82997.0,139169.0,92912.0,46257.0
C,XGBOOST,5__FG004,FG004,Soap,52915.825520833336,22182.0,62751.0,115667.0,132967.0,0.0
C,XGBOOST,5__FG005,FG005,Soap,37497.86935763889,13365.0,43363.0,80861.0,100411.0,0.0
C,XGBOOST,5__FG006,FG006,Soap,70963.234375,34759.0,119915.0,190878.0,116865.0,74013.0
C,XGBOOST,5__FG008,FG008,Soap,41008.38704427083,15802.0,59544.0,100552.0,87351.0,13201.0
C,XGBOOST,5__FG009,FG009,Soap,36197.922471788195,8017.0,30942.0,67140.0,50938.0,16202.0
C,XGBOOST,5__FG011,FG011,Soap,60355.02582465278,19131.0,65403.0,125758.0,142497.0,0.0
C,XGBOOST,5__FG012,FG012,Soap,38112.22775607639,12700.0,58435.0,96547.0,92627.0,3920.0
C,XGBOOST,5__FG013,FG013,Soap,83377.67469618056,45467.0,137182.0,220560.0,250464.0,0.0
C,XGBOOST,5__FG014,FG014,Soap,51212.82595486111,19874.0,67673.0,118886.0,129968.0,0.0
C,XGBOOST,5__FG018,FG018,Shampoo,34242.69184027778,8768.0,23606.0,57849.0,67055.0,0.0
C,XGBOOST,5__FG019,FG019,Shampoo,53291.17209201389,19446.0,72737.0,126028.0,175642.0,0.0
C,XGBOOST,5__FG023,FG023,Shampoo,38944.606119791664,10457.0,33824.0,72769.0,133520.0,0.0
C,XGBOOST,5__FG024,FG024,Shampoo,36874.647623697914,14075.0,54637.0,91512.0,123174.0,0.0
C,XGBOOST,5__FG026,FG026,Shampoo,34435.33148871528,13893.0,49476.0,83911.0,103353.0,0.0
C,XGBOOST,5__FG030,FG030,Shampoo,39710.56146918403,13422.0,41219.0,80930.0,117480.0,0.0
C,XGBOOST,5__FG035,FG035,Liquid Wash,36426.09206814236,11850.0,53133.0,89559.0,78078.0,11481.0
C,XGBOOST,5__FG038,FG038,Liquid Wash,31940.335015190973,14704.0,53032.0,84972.0,70933.0,14039.0
C,XGBOOST,5__FG040,FG040,Liquid Wash,22054.394151475695,6095.0,28149.0,50203.0,33385.0,16818.0
C,XGBOOST,5__FG041,FG041,Liquid Wash,14835.314615885416,3527.0,11439.0,26274.0,30641.0,0.0
C,XGBOOST,5__FG042,FG042,Liquid Wash,22966.36789279514,8474.0,30675.0,53641.0,59842.0,0.0
C,XGBOOST,5__FG043,FG043,Liquid Wash,40625.80425347222,15153.0,59841.0,100467.0,102341.0,0.0
C,XGBOOST,5__FG044,FG044,Diaper,47575.227647569445,11970.0,45273.0,92848.0,63971.0,28877.0
C,XGBOOST,5__FG046,FG046,Diaper,69121.41080729167,19679.0,98017.0,167138.0,188677.0,0.0
C,XGBOOST,5__FG047,FG047,Diaper,19505.65554470486,5563.0,20517.0,40023.0,58925.0,0.0
C,XGBOOST,5__FG049,FG049,Diaper,64411.374131944445,23006.0,85270.0,149681.0,103996.0,45685.0
C,XGBOOST,5__FG050,FG050,Diaper,26754.04660373264,9157.0,35911.0,62665.0,38066.0,24599.0
C,XGBOOST,5__FG052,FG052,Diaper,71054.09223090278,16143.0,58775.0,129829.0,98049.0,31780.0
C,XGBOOST,5__FG053,FG053,Diaper,55157.62521701389,13689.0,50461.0,105619.0,160036.0,0.0
C,XGBOOST,5__FG054,FG054,Diaper,75139.0576171875,24683.0,87299.0,162438.0,127902.0,34536.0
C,XGBOOST,5__FG055,FG055,Diaper,18965.52029079861,4712.0,19252.0,38218.0,39626.0,0.0
C,XGBOOST,5__FG057,FG057,Sanitary,39309.29177517361,11908.0,43355.0,82664.0,84996.0,0.0
C,XGBOOST,5__FG058,FG058,Sanitary,48592.2490234375,13230.0,35906.0,84498.0,87062.0,0.0
C,XGBOOST,5__FG060,FG060,Sanitary,42910.793619791664,14081.0,59853.0,102764.0,87900.0,14864.0
C,XGBOOST,5__FG068,FG068,Lotion/Cream,17674.428548177082,4037.0,14642.0,32316.0,54152.0,0.0
C,XGBOOST,5__FG069,FG069,Lotion/Cream,28202.17258029514,5252.0,15593.0,43795.0,83399.0,0.0
C,XGBOOST,5__FG071,FG071,Lotion/Cream,21826.387369791668,8759.0,36406.0,58232.0,58280.0,0.0
C,XGBOOST,5__FG073,FG073,Lotion/Cream,28029.458658854168,7305.0,27860.0,55889.0,69699.0,0.0
C,XGBOOST,5__FG076,FG076,Talc,4903.572496202257,2844.0,7094.0,11998.0,8731.0,3267.0
C,XGBOOST,5__FG080,FG080,Talc,26883.64480251736,8103.0,34091.0,60975.0,72243.0,0.0
C,XGBOOST,5__FG082,FG082,Home Care,35055.21337890625,17295.0,43002.0,78057.0,93710.0,0.0
C,XGBOOST,5__FG083,FG083,Home Care,35720.176866319445,9971.0,26640.0,62360.0,91660.0,0.0
C,XGBOOST,5__FG084,FG084,Home Care,27451.66162109375,12352.0,43464.0,70916.0,41067.0,29849.0
C,XGBOOST,5__FG085,FG085,Home Care,9234.43659125434,3585.0,11280.0,20514.0,11260.0,9254.0
C,XGBOOST,5__FG086,FG086,Home Care,18285.320421006945,5099.0,24603.0,42888.0,47092.0,0.0
C,XGBOOST,5__FG087,FG087,Home Care,39839.617296006945,7825.0,27745.0,67585.0,103186.0,0.0
C,XGBOOST,5__FG093,FG093,Baby Care,7847.866970486111,2862.0,12279.0,20127.0,19189.0,938.0
C,XGBOOST,5__FG096,FG096,Baby Care,6874.719455295139,1352.0,4331.0,11206.0,15868.0,0.0
C,XGBOOST,5__FG098,FG098,Baby Care,9956.87451171875,2758.0,12715.0,22672.0,21996.0,676.0
C,XGBOOST,5__FG099,FG099,Combo,5958.984375,3338.0,8502.0,14461.0,19673.0,0.0
C,XGBOOST,5__FG100,FG100,Combo,4484.931688096788,1360.0,3453.0,7938.0,7056.0,882.0
C,XGBOOST,5__FG101,FG101,Combo,4933.767198350694,2964.0,8391.0,13325.0,15182.0,0.0
C,XGBOOST,5__FG102,FG102,Combo,5109.7613525390625,2039.0,5105.0,10215.0,23520.0,0.0
A,ARIMA,FG001,FG001,Soap,25223.14573051754,6569.0,31792.0,57015.0,,57015.0
A,ARIMA,FG002,FG002,Soap,50156.87788162649,10237.0,60394.0,110551.0,,110551.0
A,ARIMA,FG003,FG003,Soap,76242.6922580871,16983.0,93226.0,169469.0,,169469.0
A,ARIMA,FG004,FG004,Soap,50779.37698292211,10523.0,61302.0,112081.0,,112081.0
A,ARIMA,FG005,FG005,Soap,37626.46634615506,8732.0,46358.0,83984.0,,83984.0
A,ARIMA,FG006,FG006,Soap,66317.93409958563,13364.0,79682.0,146000.0,,146000.0
A,ARIMA,FG007,FG007,Soap,44683.24738666852,7740.0,52423.0,97106.0,,97106.0
A,ARIMA,FG008,FG008,Soap,38272.0470863038,5010.0,43282.0,81554.0,,81554.0
A,ARIMA,FG009,FG009,Soap,33374.1146738038,5048.0,38422.0,71796.0,,71796.0
A,ARIMA,FG010,FG010,Soap,77306.72351744969,12312.0,89619.0,166926.0,,166926.0
A,ARIMA,FG011,FG011,Soap,60321.66018827863,12559.0,72881.0,133203.0,,133203.0
A,ARIMA,FG012,FG012,Soap,35298.78351783443,4629.0,39928.0,75227.0,,75227.0
A,ARIMA,FG013,FG013,Soap,74289.06934615114,20124.0,94413.0,168702.0,,168702.0
A,ARIMA,FG014,FG014,Soap,53745.437321384605,16232.0,69977.0,123722.0,,123722.0
A,ARIMA,FG015,FG015,Soap,60455.23246633598,11560.0,72015.0,132470.0,,132470.0
A,ARIMA,FG016,FG016,Shampoo,23151.606642905448,5449.0,28601.0,51753.0,,51753.0
A,ARIMA,FG017,FG017,Shampoo,39058.412176747275,14112.0,53170.0,92228.0,,92228.0
A,ARIMA,FG018,FG018,Shampoo,31568.556092577608,7665.0,39234.0,70803.0,,70803.0
A,ARIMA,FG019,FG019,Shampoo,61316.61108803447,14575.0,75892.0,137209.0,,137209.0
A,ARIMA,FG020,FG020,Shampoo,44994.21621070845,13392.0,58386.0,103380.0,,103380.0
A,ARIMA,FG021,FG021,Shampoo,36640.61568473495,7720.0,44361.0,81002.0,,81002.0
A,ARIMA,FG022,FG022,Shampoo,47763.297954340094,7855.0,55618.0,103381.0,,103381.0
A,ARIMA,FG023,FG023,Shampoo,38062.87596548938,7456.0,45519.0,83582.0,,83582.0
A,ARIMA,FG024,FG024,Shampoo,40019.30380247536,11978.0,51997.0,92016.0,,92016.0
A,ARIMA,FG025,FG025,Shampoo,21147.16044194369,5322.0,26469.0,47616.0,,47616.0
A,ARIMA,FG026,FG026,Shampoo,41225.80882741804,12731.0,53957.0,95183.0,,95183.0
A,ARIMA,FG027,FG027,Shampoo,46388.90626450854,11420.0,57809.0,104198.0,,104198.0
A,ARIMA,FG028,FG028,Shampoo,35860.03200363606,9778.0,45638.0,81498.0,,81498.0
A,ARIMA,FG029,FG029,Shampoo,17530.168979322407,4863.0,22393.0,39923.0,,39923.0
A,ARIMA,FG030,FG030,Shampoo,37995.68573976505,7095.0,45091.0,83087.0,,83087.0
A,ARIMA,FG031,FG031,Shampoo,59014.78020066375,14405.0,73420.0,132435.0,,132435.0
A,ARIMA,FG032,FG032,Shampoo,15603.259104264342,3672.0,19275.0,34878.0,,34878.0
A,ARIMA,FG033,FG033,Shampoo,43719.05145410293,10479.0,54198.0,97917.0,,97917.0
A,ARIMA,FG034,FG034,Liquid Wash,41075.51285736875,7745.0,48821.0,89897.0,,89897.0
A,ARIMA,FG035,FG035,Liquid Wash,36392.5008234068,9608.0,46001.0,82394.0,,82394.0
A,ARIMA,FG036,FG036,Liquid Wash,37347.63884566614,7664.0,45012.0,82360.0,,82360.0
A,ARIMA,FG037,FG037,Liquid Wash,19324.447685101593,4428.0,23752.0,43076.0,,43076.0
A,ARIMA,FG038,FG038,Liquid Wash,32506.851385811548,6943.0,39450.0,71957.0,,71957.0
A,ARIMA,FG039,FG039,Liquid Wash,15409.580192058422,4752.0,20162.0,35572.0,,35572.0
A,ARIMA,FG040,FG040,Liquid Wash,22005.98057140503,5995.0,28001.0,50007.0,,50007.0
A,ARIMA,FG041,FG041,Liquid Wash,14678.81106500318,2693.0,17372.0,32051.0,,32051.0
A,ARIMA,FG042,FG042,Liquid Wash,23644.35251700557,5452.0,29096.0,52740.0,,52740.0
A,ARIMA,FG043,FG043,Liquid Wash,38600.44978782845,7173.0,45773.0,84373.0,,84373.0
A,ARIMA,FG044,FG044,Diaper,43286.45779301835,4397.0,47683.0,90969.0,,90969.0
A,ARIMA,FG045,FG045,Diaper,66122.02057702055,10244.0,76366.0,142488.0,,142488.0
A,ARIMA,FG046,FG046,Diaper,59221.63890125364,7404.0,66626.0,125848.0,,125848.0
A,ARIMA,FG047,FG047,Diaper,17834.341214221746,2176.0,20010.0,37844.0,,37844.0
A,ARIMA,FG048,FG048,Diaper,30224.684966013552,5406.0,35631.0,65856.0,,65856.0
A,ARIMA,FG049,FG049,Diaper,59204.14565434357,10234.0,69438.0,128642.0,,128642.0
A,ARIMA,FG050,FG050,Diaper,23350.811660109404,3137.0,26488.0,49839.0,,49839.0
A,ARIMA,FG051,FG051,Diaper,19190.91908043133,2832.0,22023.0,41214.0,,41214.0
A,ARIMA,FG052,FG052,Diaper,61887.221099445575,8846.0,70733.0,132620.0,,132620.0
A,ARIMA,FG053,FG053,Diaper,50926.66981200021,8415.0,59342.0,110269.0,,110269.0
A,ARIMA,FG054,FG054,Diaper,64261.13153170448,7560.0,71821.0,136082.0,,136082.0
A,ARIMA,FG055,FG055,Diaper,16083.68523569712,2290.0,18374.0,34458.0,,34458.0
A,ARIMA,FG056,FG056,Sanitary,29634.24342801233,2942.0,32576.0,62210.0,,62210.0
A,ARIMA,FG057,FG057,Sanitary,34608.80769563583,4833.0,39442.0,74051.0,,74051.0
A,ARIMA,FG058,FG058,Sanitary,43457.3262270511,6727.0,50184.0,93641.0,,93641.0
A,ARIMA,FG059,FG059,Sanitary,14900.021350503885,2315.0,17215.0,32115.0,,32115.0
A,ARIMA,FG060,FG060,Sanitary,37228.82094004757,4109.0,41338.0,78567.0,,78567.0
A,ARIMA,FG061,FG061,Sanitary,19654.727170485156,2441.0,22096.0,41751.0,,41751.0
A,ARIMA,FG062,FG062,Sanitary,17643.9883961722,2600.0,20244.0,37888.0,,37888.0
A,ARIMA,FG063,FG063,Sanitary,45788.66715920698,4338.0,50127.0,95916.0,,95916.0
A,ARIMA,FG064,FG064,Lotion/Cream,25611.37666699902,8680.0,34291.0,59902.0,,59902.0
A,ARIMA,FG065,FG065,Lotion/Cream,31585.63199500725,6042.0,37628.0,69214.0,,69214.0
A,ARIMA,FG066,FG066,Lotion/Cream,10952.977615345282,2532.0,13485.0,24438.0,,24438.0
A,ARIMA,FG067,FG067,Lotion/Cream,29693.8800178994,4441.0,34135.0,63829.0,,63829.0
A,ARIMA,FG068,FG068,Lotion/Cream,16597.171291238476,4353.0,20950.0,37547.0,,37547.0
A,ARIMA,FG069,FG069,Lotion/Cream,36642.26249428818,14958.0,51600.0,88242.0,,88242.0
A,ARIMA,FG070,FG070,Lotion/Cream,23869.95547692817,5514.0,29384.0,53254.0,,53254.0
A,ARIMA,FG071,FG071,Lotion/Cream,20537.68980250793,5708.0,26246.0,46784.0,,46784.0
A,ARIMA,FG072,FG072,Lotion/Cream,6961.928896544636,1488.0,8450.0,15412.0,,15412.0
A,ARIMA,FG073,FG073,Lotion/Cream,26658.67517757164,4744.0,31403.0,58062.0,,58062.0
A,ARIMA,FG074,FG074,Lotion/Cream,6269.662458529532,1508.0,7778.0,14048.0,,14048.0
A,ARIMA,FG075,FG075,Lotion/Cream,7600.531101430069,1636.0,9237.0,16838.0,,16838.0
A,ARIMA,FG076,FG076,Talc,5509.034904723382,1180.0,6689.0,12198.0,,12198.0
A,ARIMA,FG077,FG077,Talc,19048.305500162405,4647.0,23695.0,42743.0,,42743.0
A,ARIMA,FG078,FG078,Talc,8120.847128630227,2684.0,10805.0,18926.0,,18926.0
A,ARIMA,FG079,FG079,Talc,18248.56889056817,4028.0,22277.0,40526.0,,40526.0
A,ARIMA,FG080,FG080,Talc,24759.5178412508,4524.0,29284.0,54044.0,,54044.0
A,ARIMA,FG081,FG081,Talc,5252.93817987326,1255.0,6508.0,11761.0,,11761.0
A,ARIMA,FG082,FG082,Home Care,33772.92513887385,8789.0,42562.0,76335.0,,76335.0
A,ARIMA,FG083,FG083,Home Care,29187.202115321114,6242.0,35429.0,64616.0,,64616.0
A,ARIMA,FG084,FG084,Home Care,25545.787632020732,4088.0,29634.0,55180.0,,55180.0
A,ARIMA,FG085,FG085,Home Care,9183.392915377328,1685.0,10868.0,20051.0,,20051.0
A,ARIMA,FG086,FG086,Home Care,15679.4954269069,2946.0,18625.0,34304.0,,34304.0
A,ARIMA,FG087,FG087,Home Care,33698.84218153535,6620.0,40319.0,74018.0,,74018.0
A,ARIMA,FG088,FG088,Home Care,25839.77339444282,6575.0,32415.0,58255.0,,58255.0
A,ARIMA,FG089,FG089,Home Care,18030.089918837144,4701.0,22731.0,40761.0,,40761.0
A,ARIMA,FG090,FG090,Home Care,12736.710072632368,3064.0,15801.0,28538.0,,28538.0
A,ARIMA,FG091,FG091,Home Care,23064.794957522063,5640.0,28705.0,51770.0,,51770.0
A,ARIMA,FG092,FG092,Baby Care,16970.946548281707,3369.0,20340.0,37311.0,,37311.0
A,ARIMA,FG093,FG093,Baby Care,7293.1792617561805,1592.0,8885.0,16178.0,,16178.0
A,ARIMA,FG094,FG094,Baby Care,10448.021954533331,2980.0,13428.0,23876.0,,23876.0
A,ARIMA,FG095,FG095,Baby Care,19899.61833561992,3942.0,23842.0,43742.0,,43742.0
A,ARIMA,FG096,FG096,Baby Care,5641.914675864951,980.0,6622.0,12264.0,,12264.0
A,ARIMA,FG097,FG097,Baby Care,9123.64966589803,1958.0,11082.0,20206.0,,20206.0
A,ARIMA,FG098,FG098,Baby Care,9197.414550468662,1550.0,10747.0,19944.0,,19944.0
A,ARIMA,FG099,FG099,Combo,6655.040353547821,3216.0,9871.0,16526.0,,16526.0
A,ARIMA,FG100,FG100,Combo,4565.900277566322,1651.0,6217.0,10783.0,,10783.0
A,ARIMA,FG101,FG101,Combo,4886.996011836364,2647.0,7534.0,12421.0,,12421.0
A,ARIMA,FG102,FG102,Combo,4934.422154758811,2797.0,7731.0,12665.0,,12665.0
A,ARIMA,FG103,FG103,Combo,4155.633629200946,1750.0,5906.0,10062.0,,10062.0
A,ETS,FG001,FG001,Soap,27093.946745843274,6572.0,33666.0,60760.0,,60760.0
A,ETS,FG002,FG002,Soap,55293.35041802274,10560.0,65853.0,121146.0,,121146.0
A,ETS,FG003,FG003,Soap,78373.03046857308,15222.0,93595.0,171968.0,,171968.0
A,ETS,FG004,FG004,Soap,48073.61307787496,12656.0,60730.0,108804.0,,108804.0
A,ETS,FG005,FG005,Soap,35235.02195382855,9527.0,44762.0,79997.0,,79997.0
A,ETS,FG006,FG006,Soap,66407.94607991795,14227.0,80635.0,147043.0,,147043.0
A,ETS,FG007,FG007,Soap,49944.67674408598,12202.0,62147.0,112092.0,,112092.0
A,ETS,FG008,FG008,Soap,45741.60208212496,8285.0,54027.0,99769.0,,99769.0
A,ETS,FG009,FG009,Soap,32640.707451139944,7466.0,40107.0,72748.0,,72748.0
A,ETS,FG010,FG010,Soap,83819.62638981218,14553.0,98373.0,182193.0,,182193.0
A,ETS,FG011,FG011,Soap,54520.08905425289,12609.0,67129.0,121649.0,,121649.0
A,ETS,FG012,FG012,Soap,37937.26052121531,6777.0,44714.0,82651.0,,82651.0
A,ETS,FG013,FG013,Soap,85353.65016793182,20882.0,106236.0,191590.0,,191590.0
A,ETS,FG014,FG014,Soap,60986.60509890667,11470.0,72457.0,133444.0,,133444.0
A,ETS,FG015,FG015,Soap,60494.39465905951,16189.0,76683.0,137177.0,,137177.0
A,ETS,FG016,FG016,Shampoo,19359.390507606284,7071.0,26430.0,45789.0,,45789.0
A,ETS,FG017,FG017,Shampoo,37886.476848131286,13172.0,51058.0,88944.0,,88944.0
A,ETS,FG018,FG018,Shampoo,30398.168593101607,7668.0,38066.0,68464.0,,68464.0
A,ETS,FG019,FG019,Shampoo,62456.958086226885,15979.0,78436.0,140893.0,,140893.0
A,ETS,FG020,FG020,Shampoo,46962.838494767486,11654.0,58617.0,105580.0,,105580.0
A,ETS,FG021,FG021,Shampoo,29167.757475865714,12298.0,41466.0,70634.0,,70634.0
A,ETS,FG022,FG022,Shampoo,43778.46530145872,6725.0,50503.0,94281.0,,94281.0
A,ETS,FG023,FG023,Shampoo,34468.503204292065,8259.0,42728.0,77197.0,,77197.0
A,ETS,FG024,FG024,Shampoo,32099.65853218618,10222.0,42322.0,74422.0,,74422.0
A,ETS,FG025,FG025,Shampoo,21284.17301713081,5125.0,26409.0,47693.0,,47693.0
A,ETS,FG026,FG026,Shampoo,32362.294657576094,10779.0,43141.0,75503.0,,75503.0
A,ETS,FG027,FG027,Shampoo,47766.01079056634,9423.0,57189.0,104955.0,,104955.0
A,ETS,FG028,FG028,Shampoo,37294.76111979061,9367.0,46662.0,83957.0,,83957.0
A,ETS,FG029,FG029,Shampoo,16278.149110615026,4296.0,20574.0,36852.0,,36852.0
A,ETS,FG030,FG030,Shampoo,42978.53517624869,10735.0,53714.0,96693.0,,96693.0
A,ETS,FG031,FG031,Shampoo,68804.34207722919,16223.0,85027.0,153831.0,,153831.0
A,ETS,FG032,FG032,Shampoo,16245.415505809333,4034.0,20279.0,36524.0,,36524.0
A,ETS,FG033,FG033,Shampoo,40575.61712472126,12496.0,53072.0,93648.0,,93648.0
A,ETS,FG034,FG034,Liquid Wash,39745.762020732225,6256.0,46002.0,85748.0,,85748.0
A,ETS,FG035,FG035,Liquid Wash,32879.032262834575,11405.0,44284.0,77163.0,,77163.0
A,ETS,FG036,FG036,Liquid Wash,38527.82357533363,7646.0,46174.0,84702.0,,84702.0
A,ETS,FG037,FG037,Liquid Wash,21436.92169501002,4922.0,26359.0,47796.0,,47796.0
A,ETS,FG038,FG038,Liquid Wash,32478.368021752325,9225.0,41703.0,74181.0,,74181.0
A,ETS,FG039,FG039,Liquid Wash,14338.879604570422,4029.0,18368.0,32707.0,,32707.0
A,ETS,FG040,FG040,Liquid Wash,21473.151080380256,6523.0,27996.0,49469.0,,49469.0
A,ETS,FG041,FG041,Liquid Wash,13691.790448683576,2570.0,16262.0,29954.0,,29954.0
A,ETS,FG042,FG042,Liquid Wash,24348.815173452585,8680.0,33029.0,57378.0,,57378.0
A,ETS,FG043,FG043,Liquid Wash,35387.644658189485,10717.0,46105.0,81493.0,,81493.0
A,ETS,FG044,FG044,Diaper,39136.60344292412,5038.0,44175.0,83312.0,,83312.0
A,ETS,FG045,FG045,Diaper,63966.073433992984,10294.0,74260.0,138226.0,,138226.0
A,ETS,FG046,FG046,Diaper,59302.55740771,8693.0,67996.0,127299.0,,127299.0
A,ETS,FG047,FG047,Diaper,16960.13676043786,3370.0,20330.0,37290.0,,37290.0
A,ETS,FG048,FG048,Diaper,29800.04515123866,7544.0,37344.0,67144.0,,67144.0
A,ETS,FG049,FG049,Diaper,58552.834416426515,10302.0,68855.0,127408.0,,127408.0
A,ETS,FG050,FG050,Diaper,24317.273019150172,4747.0,29064.0,53381.0,,53381.0
A,ETS,FG051,FG051,Diaper,17523.830872608363,2671.0,20195.0,37719.0,,37719.0
A,ETS,FG052,FG052,Diaper,64144.59022039315,11859.0,76004.0,140149.0,,140149.0
A,ETS,FG053,FG053,Diaper,52752.42750930368,9255.0,62007.0,114759.0,,114759.0
A,ETS,FG054,FG054,Diaper,61858.84629848288,5319.0,67178.0,129037.0,,129037.0
A,ETS,FG055,FG055,Diaper,15978.284265096838,2691.0,18669.0,34647.0,,34647.0
A,ETS,FG056,FG056,Sanitary,30129.4047413169,4233.0,34362.0,64491.0,,64491.0
A,ETS,FG057,FG057,Sanitary,33181.13068935612,5231.0,38412.0,71593.0,,71593.0
A,ETS,FG058,FG058,Sanitary,42449.88282715858,9612.0,52062.0,94512.0,,94512.0
A,ETS,FG059,FG059,Sanitary,13828.793240816643,2669.0,16498.0,30327.0,,30327.0
A,ETS,FG060,FG060,Sanitary,38051.17225076293,4862.0,42913.0,80964.0,,80964.0
A,ETS,FG061,FG061,Sanitary,19621.332318833098,2526.0,22147.0,41768.0,,41768.0
A,ETS,FG062,FG062,Sanitary,16792.141177840476,2949.0,19741.0,36533.0,,36533.0
A,ETS,FG063,FG063,Sanitary,48163.05392437064,5985.0,54148.0,102311.0,,102311.0
A,ETS,FG064,FG064,Lotion/Cream,22904.83576976228,8736.0,31641.0,54546.0,,54546.0
A,ETS,FG065,FG065,Lotion/Cream,30445.084128050457,7350.0,37795.0,68240.0,,68240.0
A,ETS,FG066,FG066,Lotion/Cream,10754.284999850166,2805.0,13559.0,24313.0,,24313.0
A,ETS,FG067,FG067,Lotion/Cream,34156.44904055401,3764.0,37920.0,72076.0,,72076.0
A,ETS,FG068,FG068,Lotion/Cream,18464.563175436924,4558.0,23023.0,41488.0,,41488.0
A,ETS,FG069,FG069,Lotion/Cream,42637.28063764567,26433.0,69070.0,111707.0,,111707.0
A,ETS,FG070,FG070,Lotion/Cream,23407.162502545576,7422.0,30829.0,54236.0,,54236.0
A,ETS,FG071,FG071,Lotion/Cream,22756.205078593077,5532.0,28288.0,51044.0,,51044.0
A,ETS,FG072,FG072,Lotion/Cream,7489.514316102908,1777.0,9267.0,16757.0,,16757.0
A,ETS,FG073,FG073,Lotion/Cream,28653.73460384885,7949.0,36603.0,65257.0,,65257.0
A,ETS,FG074,FG074,Lotion/Cream,5982.261605779076,2256.0,8238.0,14220.0,,14220.0
A,ETS,FG075,FG075,Lotion/Cream,7603.608967101733,1679.0,9283.0,16887.0,,16887.0
A,ETS,FG076,FG076,Talc,6351.127468516628,1707.0,8058.0,14409.0,,14409.0
A,ETS,FG077,FG077,Talc,24751.020595542886,4219.0,28970.0,53721.0,,53721.0
A,ETS,FG078,FG078,Talc,9053.229547915573,2311.0,11364.0,20417.0,,20417.0
A,ETS,FG079,FG079,Talc,15902.370297539515,5438.0,21340.0,37242.0,,37242.0
A,ETS,FG080,FG080,Talc,28822.29893240903,6368.0,35190.0,64012.0,,64012.0
A,ETS,FG081,FG081,Talc,6059.6207717057705,1666.0,7726.0,13786.0,,13786.0
A,ETS,FG082,FG082,Home Care,35939.377152219335,8854.0,44793.0,80732.0,,80732.0
A,ETS,FG083,FG083,Home Care,32082.259597382665,6790.0,38872.0,70954.0,,70954.0
A,ETS,FG084,FG084,Home Care,24335.24782886312,5852.0,30187.0,54522.0,,54522.0
A,ETS,FG085,FG085,Home Care,8731.469679329655,1863.0,10594.0,19325.0,,19325.0
A,ETS,FG086,FG086,Home Care,16218.886631846835,4065.0,20284.0,36503.0,,36503.0
A,ETS,FG087,FG087,Home Care,35799.35284560634,9322.0,45121.0,80920.0,,80920.0
A,ETS,FG088,FG088,Home Care,29440.07785389487,7596.0,37036.0,66476.0,,66476.0
A,ETS,FG089,FG089,Home Care,18082.58970803801,4634.0,22717.0,40800.0,,40800.0
A,ETS,FG090,FG090,Home Care,11282.855334567585,3704.0,14987.0,26270.0,,26270.0
A,ETS,FG091,FG091,Home Care,25760.905741001665,5839.0,31600.0,57361.0,,57361.0
A,ETS,FG092,FG092,Baby Care,17099.17214748547,4038.0,21137.0,38236.0,,38236.0
A,ETS,FG093,FG093,Baby Care,8093.407002251221,1890.0,9983.0,18076.0,,18076.0
A,ETS,FG094,FG094,Baby Care,9882.774273778168,3171.0,13054.0,22937.0,,22937.0
A,ETS,FG095,FG095,Baby Care,24125.920671984935,5471.0,29597.0,53723.0,,53723.0
A,ETS,FG096,FG096,Baby Care,6618.344063221783,1269.0,7887.0,14505.0,,14505.0
A,ETS,FG097,FG097,Baby Care,8620.466330202316,1684.0,10304.0,18924.0,,18924.0
A,ETS,FG098,FG098,Baby Care,9437.235918809742,2176.0,11613.0,21050.0,,21050.0
A,ETS,FG099,FG099,Combo,6003.822063576398,2620.0,8624.0,14628.0,,14628.0
A,ETS,FG100,FG100,Combo,5800.992502859295,2177.0,7978.0,13779.0,,13779.0
A,ETS,FG101,FG101,Combo,4470.528416695757,2402.0,6873.0,11344.0,,11344.0
A,ETS,FG102,FG102,Combo,6428.389004566209,3160.0,9588.0,16016.0,,16016.0
A,ETS,FG103,FG103,Combo,4573.659133096127,1770.0,6344.0,10918.0,,10918.0
A,SARIMA,FG001,FG001,Soap,28330.557045713755,12286.0,40617.0,68948.0,,68948.0
A,SARIMA,FG002,FG002,Soap,65521.812046102765,46616.0,112138.0,177660.0,,177660.0
A,SARIMA,FG003,FG003,Soap,61655.559266159486,1301462.0,1363118.0,1424774.0,,1424774.0
A,SARIMA,FG004,FG004,Soap,48567.20069830291,24349.0,72916.0,121483.0,,121483.0
A,SARIMA,FG005,FG005,Soap,31701.84485866901,11634.0,43336.0,75038.0,,75038.0
A,SARIMA,FG006,FG006,Soap,51778.06601140771,50707.0,102485.0,154263.0,,154263.0
A,SARIMA,FG007,FG007,Soap,55653.05198500905,25411.0,81064.0,136717.0,,136717.0
A,SARIMA,FG008,FG008,Soap,49619.22192683812,9347.0,58966.0,108585.0,,108585.0
A,SARIMA,FG009,FG009,Soap,32506.643835308427,21453.0,53960.0,86467.0,,86467.0
A,SARIMA,FG010,FG010,Soap,85169.79500201665,13784.0,98954.0,184124.0,,184124.0
A,SARIMA,FG011,FG011,Soap,58483.2120978233,13243.0,71726.0,130209.0,,130209.0
A,SARIMA,FG012,FG012,Soap,38215.53696054177,25620.0,63836.0,102052.0,,102052.0
A,SARIMA,FG013,FG013,Soap,90479.95648236125,66475.0,156955.0,247435.0,,247435.0
A,SARIMA,FG014,FG014,Soap,64136.19369691328,584505.0,648641.0,712777.0,,712777.0
A,SARIMA,FG015,FG015,Soap,62895.28075399395,48096.0,110991.0,173886.0,,173886.0
A,SARIMA,FG016,FG016,Shampoo,22582.20873202253,9421.0,32003.0,54585.0,,54585.0
A,SARIMA,FG017,FG017,Shampoo,30856.45321963105,22970.0,53826.0,84682.0,,84682.0
A,SARIMA,FG018,FG018,Shampoo,29759.15761110802,8874.0,38633.0,68392.0,,68392.0
A,SARIMA,FG019,FG019,Shampoo,67936.67536288979,52078.0,120015.0,187952.0,,187952.0
A,SARIMA,FG020,FG020,Shampoo,48056.034573401026,10847.0,58903.0,106959.0,,106959.0
A,SARIMA,FG021,FG021,Shampoo,33404.73100435132,6472549986317872.0,6472549986351277.0,6472549986384682.0,,6472549986384682.0
A,SARIMA,FG022,FG022,Shampoo,44887.80111883993,68606179527033.0,68606179571921.0,68606179616809.0,,68606179616809.0
A,SARIMA,FG023,FG023,Shampoo,31503.137209385157,17172.0,48675.0,80178.0,,80178.0
A,SARIMA,FG024,FG024,Shampoo,37705.74755737329,12349.0,50055.0,87761.0,,87761.0
A,SARIMA,FG025,FG025,Shampoo,27032.8836515054,7961.0,34994.0,62027.0,,62027.0
A,SARIMA,FG026,FG026,Shampoo,39864.98643636295,3.9489238468102554e+20,3.948923846810256e+20,3.9489238468102567e+20,,3.9489238468102567e+20
A,SARIMA,FG027,FG027,Shampoo,50507.63172855475,18794.0,69302.0,119810.0,,119810.0
A,SARIMA,FG028,FG028,Shampoo,40102.25098372781,9376.0,49478.0,89580.0,,89580.0
A,SARIMA,FG029,FG029,Shampoo,17592.480317961497,1700478769.0,1700496361.0,1700513953.0,,1700513953.0
A,SARIMA,FG030,FG030,Shampoo,46996.08418045045,11801.0,58797.0,105793.0,,105793.0
A,SARIMA,FG031,FG031,Shampoo,66204.001274214,18087.0,84291.0,150495.0,,150495.0
A,SARIMA,FG032,FG032,Shampoo,15949.528390151549,7257.0,23207.0,39157.0,,39157.0
A,SARIMA,FG033,FG033,Shampoo,49247.95250452255,45959.0,95207.0,144455.0,,144455.0
A,SARIMA,FG034,FG034,Liquid Wash,41742.75148007774,7817.0,49560.0,91303.0,,91303.0
A,SARIMA,FG035,FG035,Liquid Wash,32536.381309921333,12072.0,44608.0,77144.0,,77144.0
A,SARIMA,FG036,FG036,Liquid Wash,43957.66303224184,4187463.0,4231421.0,4275379.0,,4275379.0
A,SARIMA,FG037,FG037,Liquid Wash,21366.77307139849,6501.0,27868.0,49235.0,,49235.0
A,SARIMA,FG038,FG038,Liquid Wash,35915.189551468015,69529.0,105444.0,141359.0,,141359.0
A,SARIMA,FG039,FG039,Liquid Wash,15356.657688645406,5120.0,20477.0,35834.0,,35834.0
A,SARIMA,FG040,FG040,Liquid Wash,20746.734292096047,14879.0,35626.0,56373.0,,56373.0
A,SARIMA,FG041,FG041,Liquid Wash,13266.689926788124,11394.0,24661.0,37928.0,,37928.0
A,SARIMA,FG042,FG042,Liquid Wash,22915.148703675382,7677.0,30592.0,53507.0,,53507.0
A,SARIMA,FG043,FG043,Liquid Wash,37951.34965994585,9.272548411378372e+19,9.272548411378377e+19,9.27254841137838e+19,,9.27254841137838e+19
A,SARIMA,FG044,FG044,Diaper,43226.27934385097,6396.0,49622.0,92848.0,,92848.0
A,SARIMA,FG045,FG045,Diaper,63172.845136038995,8963.0,72136.0,135309.0,,135309.0
A,SARIMA,FG046,FG046,Diaper,64535.27872265204,39120.0,103655.0,168190.0,,168190.0
A,SARIMA,FG047,FG047,Diaper,17745.590303099114,15704.0,33450.0,51196.0,,51196.0
A,SARIMA,FG048,FG048,Diaper,31611.957977390735,8256.0,39868.0,71480.0,,71480.0
A,SARIMA,FG049,FG049,Diaper,54322.60711379879,127530.0,181853.0,236176.0,,236176.0
A,SARIMA,FG050,FG050,Diaper,26257.99079172581,52860.0,79118.0,105376.0,,105376.0
A,SARIMA,FG051,FG051,Diaper,15968.549401928176,8393.0,24362.0,40331.0,,40331.0
A,SARIMA,FG052,FG052,Diaper,72628.8061016372,13576.0,86205.0,158834.0,,158834.0
A,SARIMA,FG053,FG053,Diaper,64666.10822552314,5.177783963711928e+20,5.177783963711929e+20,5.17778396371193e+20,,5.17778396371193e+20
A,SARIMA,FG054,FG054,Diaper,60728.78436356529,12233834.0,12294563.0,12355292.0,,12355292.0
A,SARIMA,FG055,FG055,Diaper,12751.539849310642,3842.0,16594.0,29346.0,,29346.0
A,SARIMA,FG056,FG056,Sanitary,30337.113583039536,17374.0,47711.0,78048.0,,78048.0
A,SARIMA,FG057,FG057,Sanitary,35258.62375216165,5470.0,40729.0,75988.0,,75988.0
A,SARIMA,FG058,FG058,Sanitary,37373.71890464419,11971.0,49345.0,86719.0,,86719.0
A,SARIMA,FG059,FG059,Sanitary,5993.899409615508,244805.0,250799.0,256793.0,,256793.0
A,SARIMA,FG060,FG060,Sanitary,37903.87849344758,5892.0,43796.0,81700.0,,81700.0
A,SARIMA,FG061,FG061,Sanitary,22017.138559354484,8833.0,30850.0,52867.0,,52867.0
A,SARIMA,FG062,FG062,Sanitary,16124.909588243792,4078.0,20203.0,36328.0,,36328.0
A,SARIMA,FG063,FG063,Sanitary,46658.83955615495,26473249794796.0,26473249841455.0,26473249888114.0,,26473249888114.0
A,SARIMA,FG064,FG064,Lotion/Cream,22718.97270291524,545706782552453.0,545706782575172.0,545706782597891.0,,545706782597891.0
A,SARIMA,FG065,FG065,Lotion/Cream,24256.854278005445,91265.0,115522.0,139779.0,,139779.0
A,SARIMA,FG066,FG066,Lotion/Cream,10582.156198828716,3448.0,14030.0,24612.0,,24612.0
A,SARIMA,FG067,FG067,Lotion/Cream,35330.68162677397,24109435.0,24144766.0,24180097.0,,24180097.0
A,SARIMA,FG068,FG068,Lotion/Cream,19867.1449836159,12202.0,32069.0,51936.0,,51936.0
A,SARIMA,FG069,FG069,Lotion/Cream,42136.32296454147,23254.0,65390.0,107526.0,,107526.0
A,SARIMA,FG070,FG070,Lotion/Cream,25947.97481470545,7573.0,33521.0,59469.0,,59469.0
A,SARIMA,FG071,FG071,Lotion/Cream,9366.215847541387,15179.0,24545.0,33911.0,,33911.0
A,SARIMA,FG072,FG072,Lotion/Cream,7740.313372466597,18064501981.0,18064509721.0,18064517461.0,,18064517461.0
A,SARIMA,FG073,FG073,Lotion/Cream,27687.93735487426,42815.0,70503.0,98191.0,,98191.0
A,SARIMA,FG074,FG074,Lotion/Cream,6221.486496000383,204085362.0,204091583.0,204097804.0,,204097804.0
A,SARIMA,FG075,FG075,Lotion/Cream,7292.672590248953,2006.0,9299.0,16592.0,,16592.0
A,SARIMA,FG076,FG076,Talc,6599.030644490791,4913.0,11512.0,18111.0,,18111.0
A,SARIMA,FG077,FG077,Talc,24934.10014957136,168326712639.0,168326737573.0,168326762507.0,,168326762507.0
A,SARIMA,FG078,FG078,Talc,8444.321505516165,1518938363.0,1518946807.0,1518955251.0,,1518955251.0
A,SARIMA,FG079,FG079,Talc,20592.591752899974,6507.0,27100.0,47693.0,,47693.0
A,SARIMA,FG080,FG080,Talc,30372.16352499125,9121.0,39493.0,69865.0,,69865.0
A,SARIMA,FG081,FG081,Talc,6323.787637325819,1531.0,7855.0,14179.0,,14179.0
A,SARIMA,FG082,FG082,Home Care,37961.46649649848,11250.0,49211.0,87172.0,,87172.0
A,SARIMA,FG083,FG083,Home Care,30128.2140585369,10735.0,40863.0,70991.0,,70991.0
A,SARIMA,FG084,FG084,Home Care,25368.05329463822,4967828100.0,4967853468.0,4967878836.0,,4967878836.0
A,SARIMA,FG085,FG085,Home Care,9436.098781174516,1515516191957.0,1515516201393.0,1515516210829.0,,1515516210829.0
A,SARIMA,FG086,FG086,Home Care,17292.651787209936,14158.0,31451.0,48744.0,,48744.0
A,SARIMA,FG087,FG087,Home Care,40183.75334407268,307056.0,347240.0,387424.0,,387424.0
A,SARIMA,FG088,FG088,Home Care,31973.500480104663,3049172186760414.0,3049172186792388.0,3049172186824362.0,,3049172186824362.0
A,SARIMA,FG089,FG089,Home Care,18787.393752000156,4259007.0,4277794.0,4296581.0,,4296581.0
A,SARIMA,FG090,FG090,Home Care,13358.498246214922,3574.0,16932.0,30290.0,,30290.0
A,SARIMA,FG091,FG091,Home Care,27050.601776496012,6810.0,33861.0,60912.0,,60912.0
A,SARIMA,FG092,FG092,Baby Care,19398.4731571645,15687.0,35085.0,54483.0,,54483.0
A,SARIMA,FG093,FG093,Baby Care,8362.850575069502,3679.0,12042.0,20405.0,,20405.0
A,SARIMA,FG094,FG094,Baby Care,10169.6277475137,3823.0,13993.0,24163.0,,24163.0
A,SARIMA,FG095,FG095,Baby Care,25109.901252820982,5133.0,30243.0,55353.0,,55353.0
A,SARIMA,FG096,FG096,Baby Care,6503.720717087571,2597.0,9101.0,15605.0,,15605.0
A,SARIMA,FG097,FG097,Baby Care,10182.410723690073,7574.0,17756.0,27938.0,,27938.0
A,SARIMA,FG098,FG098,Baby Care,8582.64255189531,2725.0,11308.0,19891.0,,19891.0
A,SARIMA,FG099,FG099,Combo,6480.584869384085,5863.0,12344.0,18825.0,,18825.0
A,SARIMA,FG100,FG100,Combo,6095.653403459688,2339.0,8435.0,14531.0,,14531.0
A,SARIMA,FG101,FG101,Combo,3653.980714340745,4871.0,8525.0,12179.0,,12179.0
A,SARIMA,FG102,FG102,Combo,6567.023531996238,3008.0,9575.0,16142.0,,16142.0
A,SARIMA,FG103,FG103,Combo,3406.329198367319,3473.0,6879.0,10285.0,,10285.0
B,ARIMA,FG001,FG001,Soap,25223.14573051754,4488.0,16259.0,41482.0,59381.0,0.0
B,ARIMA,FG002,FG002,Soap,50156.87788162649,10065.0,58550.0,108707.0,74976.0,33731.0
B,ARIMA,FG003,FG003,Soap,76242.6922580871,16408.0,87568.0,163811.0,186247.0,0.0
B,ARIMA,FG004,FG004,Soap,50779.37698292211,9214.0,48145.0,98924.0,106304.0,0.0
B,ARIMA,FG005,FG005,Soap,37626.46634615506,7646.0,36493.0,74119.0,80133.0,0.0
B,ARIMA,FG006,FG006,Soap,66317.93409958563,14639.0,94221.0,160539.0,93012.0,67527.0
B,ARIMA,FG007,FG007,Soap,44683.24738666852,5827.0,31148.0,75831.0,125905.0,0.0
B,ARIMA,FG008,FG008,Soap,38272.0470863038,5093.0,44641.0,82913.0,67135.0,15778.0
B,ARIMA,FG009,FG009,Soap,33374.1146738038,4018.0,25155.0,58529.0,39970.0,18559.0
B,ARIMA,FG010,FG010,Soap,77306.72351744969,8105.0,41605.0,118912.0,159730.0,0.0
B,ARIMA,FG011,FG011,Soap,60321.66018827863,11465.0,61733.0,122055.0,109274.0,12781.0
B,ARIMA,FG012,FG012,Soap,35298.78351783443,5140.0,48675.0,83974.0,75757.0,8217.0
B,ARIMA,FG013,FG013,Soap,74289.06934615114,20456.0,97221.0,171510.0,218380.0,0.0
B,ARIMA,FG014,FG014,Soap,53745.437321384605,15959.0,67913.0,121658.0,103769.0,17889.0
B,ARIMA,FG015,FG015,Soap,60455.23246633598,11751.0,74221.0,134676.0,151466.0,0.0
B,ARIMA,FG016,FG016,Shampoo,23151.606642905448,5715.0,31182.0,54334.0,35879.0,18455.0
B,ARIMA,FG017,FG017,Shampoo,39058.412176747275,11807.0,39148.0,78206.0,51554.0,26652.0
B,ARIMA,FG018,FG018,Shampoo,31568.556092577608,5236.0,19968.0,51537.0,51867.0,0.0
B,ARIMA,FG019,FG019,Shampoo,61316.61108803447,15287.0,82735.0,144052.0,133923.0,10129.0
B,ARIMA,FG020,FG020,Shampoo,44994.21621070845,12225.0,49720.0,94714.0,86037.0,8677.0
B,ARIMA,FG021,FG021,Shampoo,36640.61568473495,6759.0,34850.0,71491.0,41660.0,29831.0
B,ARIMA,FG022,FG022,Shampoo,47763.297954340094,6572.0,40006.0,87769.0,76913.0,10856.0
B,ARIMA,FG023,FG023,Shampoo,38062.87596548938,5445.0,25745.0,63808.0,108867.0,0.0
B,ARIMA,FG024,FG024,Shampoo,40019.30380247536,12562.0,56583.0,96602.0,103552.0,0.0
B,ARIMA,FG025,FG025,Shampoo,21147.16044194369,5497.0,28054.0,49201.0,49256.0,0.0
B,ARIMA,FG026,FG026,Shampoo,41225.80882741804,12731.0,53957.0,95183.0,91327.0,3856.0
B,ARIMA,FG027,FG027,Shampoo,46388.90626450854,9779.0,43798.0,90187.0,115895.0,0.0
B,ARIMA,FG028,FG028,Shampoo,35860.03200363606,10099.0,48350.0,84210.0,75262.0,8948.0
B,ARIMA,FG029,FG029,Shampoo,17530.168979322407,4440.0,19048.0,36578.0,34940.0,1638.0
B,ARIMA,FG030,FG030,Shampoo,37995.68573976505,6212.0,35342.0,73338.0,95375.0,0.0
B,ARIMA,FG031,FG031,Shampoo,59014.78020066375,11762.0,51105.0,110120.0,122384.0,0.0
B,ARIMA,FG032,FG032,Shampoo,15603.259104264342,2597.0,10399.0,26002.0,31110.0,0.0
B,ARIMA,FG033,FG033,Shampoo,43719.05145410293,7159.0,27561.0,71280.0,68173.0,3107.0
B,ARIMA,FG034,FG034,Liquid Wash,41075.51285736875,7348.0,44316.0,85392.0,122515.0,0.0
B,ARIMA,FG035,FG035,Liquid Wash,36392.5008234068,10228.0,51473.0,87866.0,60912.0,26954.0
B,ARIMA,FG036,FG036,Liquid Wash,37347.63884566614,5235.0,22664.0,60012.0,104800.0,0.0
B,ARIMA,FG037,FG037,Liquid Wash,19324.447685101593,4573.0,25186.0,44510.0,34512.0,9998.0
B,ARIMA,FG038,FG038,Liquid Wash,32506.851385811548,7605.0,46613.0,79120.0,54765.0,24355.0
B,ARIMA,FG039,FG039,Liquid Wash,15409.580192058422,3360.0,11065.0,26475.0,30903.0,0.0
B,ARIMA,FG040,FG040,Liquid Wash,22005.98057140503,5688.0,25493.0,47499.0,25648.0,21851.0
B,ARIMA,FG041,FG041,Liquid Wash,14678.81106500318,1967.0,9796.0,24475.0,22861.0,1614.0
B,ARIMA,FG042,FG042,Liquid Wash,23644.35251700557,5267.0,27335.0,50979.0,48592.0,2387.0
B,ARIMA,FG043,FG043,Liquid Wash,38600.44978782845,7523.0,49983.0,88583.0,83325.0,5258.0
B,ARIMA,FG044,FG044,Diaper,43286.45779301835,3679.0,33980.0,77266.0,51462.0,25804.0
B,ARIMA,FG045,FG045,Diaper,66122.02057702055,6479.0,32928.0,99050.0,94908.0,4142.0
B,ARIMA,FG046,FG046,Diaper,59221.63890125364,7997.0,77089.0,136311.0,148277.0,0.0
B,ARIMA,FG047,FG047,Diaper,17834.341214221746,1864.0,14943.0,32777.0,44974.0,0.0
B,ARIMA,FG048,FG048,Diaper,30224.684966013552,5839.0,41101.0,71326.0,53907.0,17419.0
B,ARIMA,FG049,FG049,Diaper,59204.14565434357,9887.0,65144.0,124348.0,85596.0,38752.0
B,ARIMA,FG050,FG050,Diaper,23350.811660109404,3240.0,28148.0,51499.0,28784.0,22715.0
B,ARIMA,FG051,FG051,Diaper,19190.91908043133,2784.0,21335.0,40526.0,31924.0,8602.0
B,ARIMA,FG052,FG052,Diaper,61887.221099445575,7223.0,48481.0,110368.0,77005.0,33363.0
B,ARIMA,FG053,FG053,Diaper,50926.66981200021,6870.0,40821.0,91748.0,127959.0,0.0
B,ARIMA,FG054,FG054,Diaper,64261.13153170448,6762.0,58171.0,122432.0,95660.0,26772.0
B,ARIMA,FG055,FG055,Diaper,16083.68523569712,1961.0,13756.0,29840.0,30746.0,0.0
B,ARIMA,FG056,FG056,Sanitary,29634.24342801233,1781.0,12647.0,42281.0,67200.0,0.0
B,ARIMA,FG057,FG057,Sanitary,34608.80769563583,4323.0,32010.0,66619.0,65918.0,701.0
B,ARIMA,FG058,FG058,Sanitary,43457.3262270511,4757.0,26486.0,69943.0,66789.0,3154.0
B,ARIMA,FG059,FG059,Sanitary,14900.021350503885,2237.0,16144.0,31044.0,39403.0,0.0
B,ARIMA,FG060,FG060,Sanitary,37228.82094004757,4310.0,45262.0,82491.0,70819.0,11672.0
B,ARIMA,FG061,FG061,Sanitary,19654.727170485156,2560.0,24180.0,43835.0,37922.0,5913.0
B,ARIMA,FG062,FG062,Sanitary,17643.9883961722,2556.0,19612.0,37256.0,21543.0,15713.0
B,ARIMA,FG063,FG063,Sanitary,45788.66715920698,3799.0,38904.0,84693.0,53520.0,31173.0
B,ARIMA,FG064,FG064,Lotion/Cream,25611.37666699902,9897.0,43192.0,68803.0,45552.0,23251.0
B,ARIMA,FG065,FG065,Lotion/Cream,31585.63199500725,5055.0,27165.0,58751.0,57052.0,1699.0
B,ARIMA,FG066,FG066,Lotion/Cream,10952.977615345282,2067.0,9369.0,20322.0,19013.0,1309.0
B,ARIMA,FG067,FG067,Lotion/Cream,29693.8800178994,4932.0,41554.0,71248.0,54562.0,16686.0
B,ARIMA,FG068,FG068,Lotion/Cream,16597.171291238476,3277.0,12682.0,29279.0,42867.0,0.0
B,ARIMA,FG069,FG069,Lotion/Cream,36642.26249428818,9058.0,22493.0,59135.0,64041.0,0.0
B,ARIMA,FG070,FG070,Lotion/Cream,23869.95547692817,5231.0,26714.0,50584.0,33029.0,17555.0
B,ARIMA,FG071,FG071,Lotion/Cream,20537.68980250793,6253.0,30898.0,51436.0,47589.0,3847.0
B,ARIMA,FG072,FG072,Lotion/Cream,6961.928896544636,1052.0,4533.0,11495.0,8287.0,3208.0
B,ARIMA,FG073,FG073,Lotion/Cream,26658.67517757164,4154.0,24592.0,51251.0,54306.0,0.0
B,ARIMA,FG074,FG074,Lotion/Cream,6269.662458529532,954.0,3462.0,9732.0,12521.0,0.0
B,ARIMA,FG075,FG075,Lotion/Cream,7600.531101430069,1580.0,8674.0,16275.0,9611.0,6664.0
B,ARIMA,FG076,FG076,Talc,5509.034904723382,1055.0,5462.0,10971.0,6733.0,4238.0
B,ARIMA,FG077,FG077,Talc,19048.305500162405,3979.0,17948.0,36996.0,32844.0,4152.0
B,ARIMA,FG078,FG078,Talc,8120.847128630227,2079.0,6952.0,15073.0,18826.0,0.0
B,ARIMA,FG079,FG079,Talc,18248.56889056817,3602.0,18201.0,36450.0,35524.0,926.0
B,ARIMA,FG080,FG080,Talc,24759.5178412508,4212.0,25670.0,50430.0,56857.0,0.0
B,ARIMA,FG081,FG081,Talc,5252.93817987326,1374.0,7678.0,12931.0,10871.0,2060.0
B,ARIMA,FG082,FG082,Home Care,33772.92513887385,7695.0,33588.0,67361.0,75426.0,0.0
B,ARIMA,FG083,FG083,Home Care,29187.202115321114,4109.0,16757.0,45944.0,73863.0,0.0
B,ARIMA,FG084,FG084,Home Care,25545.787632020732,4222.0,31471.0,57017.0,35036.0,21981.0
B,ARIMA,FG085,FG085,Home Care,9183.392915377328,1569.0,9528.0,18711.0,9497.0,9214.0
B,ARIMA,FG086,FG086,Home Care,15679.4954269069,3042.0,19767.0,35446.0,37803.0,0.0
B,ARIMA,FG087,FG087,Home Care,33698.84218153535,4358.0,18961.0,52660.0,80288.0,0.0
B,ARIMA,FG088,FG088,Home Care,25839.77339444282,5093.0,20597.0,46437.0,48669.0,0.0
B,ARIMA,FG089,FG089,Home Care,18030.089918837144,4701.0,22731.0,40761.0,39212.0,1549.0
B,ARIMA,FG090,FG090,Home Care,12736.710072632368,3213.0,17223.0,29960.0,25529.0,4431.0
B,ARIMA,FG091,FG091,Home Care,23064.794957522063,5045.0,23497.0,46562.0,59119.0,0.0
B,ARIMA,FG092,FG092,Baby Care,16970.946548281707,3587.0,22821.0,39792.0,32214.0,7578.0
B,ARIMA,FG093,FG093,Baby Care,7293.1792617561805,1695.0,9961.0,17254.0,15746.0,1508.0
B,ARIMA,FG094,FG094,Baby Care,10448.021954533331,2494.0,9808.0,20256.0,19247.0,1009.0
B,ARIMA,FG095,FG095,Baby Care,19899.61833561992,4378.0,28921.0,48821.0,32005.0,16816.0
B,ARIMA,FG096,FG096,Baby Care,5641.914675864951,693.0,3514.0,9156.0,11941.0,0.0
B,ARIMA,FG097,FG097,Baby Care,9123.64966589803,1430.0,6296.0,15420.0,18788.0,0.0
B,ARIMA,FG098,FG098,Baby Care,9197.414550468662,1471.0,9749.0,18946.0,17167.0,1779.0
B,ARIMA,FG099,FG099,Combo,6655.040353547821,2994.0,8762.0,15417.0,15011.0,406.0
B,ARIMA,FG100,FG100,Combo,4565.900277566322,1087.0,3066.0,7632.0,6159.0,1473.0
B,ARIMA,FG101,FG101,Combo,4886.996011836364,2776.0,8152.0,13039.0,13119.0,0.0
B,ARIMA,FG102,FG102,Combo,4934.422154758811,2105.0,4901.0,9835.0,18434.0,0.0
B,ARIMA,FG103,FG103,Combo,4155.633629200946,1779.0,6073.0,10229.0,7116.0,3113.0
B,ETS,FG001,FG001,Soap,27093.946745843274,4489.0,17133.0,44227.0,59381.0,0.0
B,ETS,FG002,FG002,Soap,55293.35041802274,10383.0,63833.0,119126.0,74976.0,44150.0
B,ETS,FG003,FG003,Soap,78373.03046857308,14706.0,87854.0,166227.0,186247.0,0.0
B,ETS,FG004,FG004,Soap,48073.61307787496,11081.0,47937.0,96011.0,106304.0,0.0
B,ETS,FG005,FG005,Soap,35235.02195382855,8342.0,35356.0,70591.0,80133.0,0.0
B,ETS,FG006,FG006,Soap,66407.94607991795,15585.0,95275.0,161683.0,93012.0,68671.0
B,ETS,FG007,FG007,Soap,49944.67674408598,9185.0,37487.0,87432.0,125905.0,0.0
B,ETS,FG008,FG008,Soap,45741.60208212496,8422.0,55688.0,101430.0,67135.0,34295.0
B,ETS,FG009,FG009,Soap,32640.707451139944,5942.0,26614.0,59255.0,39970.0,19285.0
B,ETS,FG010,FG010,Soap,83819.62638981218,9580.0,45902.0,129722.0,159730.0,0.0
B,ETS,FG011,FG011,Soap,54520.08905425289,11511.0,56944.0,111464.0,109274.0,2190.0
B,ETS,FG012,FG012,Soap,37937.26052121531,7527.0,54316.0,92253.0,75757.0,16496.0
B,ETS,FG013,FG013,Soap,85353.65016793182,21227.0,109426.0,194780.0,218380.0,0.0
B,ETS,FG014,FG014,Soap,60986.60509890667,11277.0,70231.0,131218.0,103769.0,27449.0
B,ETS,FG015,FG015,Soap,60494.39465905951,16456.0,78967.0,139461.0,151466.0,0.0
B,ETS,FG016,FG016,Shampoo,19359.390507606284,7417.0,28712.0,48071.0,35879.0,12192.0
B,ETS,FG017,FG017,Shampoo,37886.476848131286,11020.0,37541.0,75427.0,51554.0,23873.0
B,ETS,FG018,FG018,Shampoo,30398.168593101607,5238.0,19424.0,49822.0,51867.0,0.0
B,ETS,FG019,FG019,Shampoo,62456.958086226885,16759.0,85462.0,147919.0,133923.0,13996.0
B,ETS,FG020,FG020,Shampoo,46962.838494767486,10638.0,49774.0,96737.0,86037.0,10700.0
B,ETS,FG021,FG021,Shampoo,29167.757475865714,10768.0,33130.0,62298.0,41660.0,20638.0
B,ETS,FG022,FG022,Shampoo,43778.46530145872,5627.0,36272.0,80050.0,76913.0,3137.0
B,ETS,FG023,FG023,Shampoo,34468.503204292065,6032.0,24415.0,58884.0,108867.0,0.0
B,ETS,FG024,FG024,Shampoo,32099.65853218618,10720.0,46030.0,78130.0,103552.0,0.0
B,ETS,FG025,FG025,Shampoo,21284.17301713081,5293.0,27996.0,49280.0,49256.0,24.0
B,ETS,FG026,FG026,Shampoo,32362.294657576094,10779.0,43141.0,75503.0,91327.0,0.0
B,ETS,FG027,FG027,Shampoo,47766.01079056634,8069.0,43097.0,90863.0,115895.0,0.0
B,ETS,FG028,FG028,Shampoo,37294.76111979061,9674.0,49455.0,86750.0,75262.0,11488.0
B,ETS,FG029,FG029,Shampoo,16278.149110615026,3921.0,17486.0,33764.0,34940.0,0.0
B,ETS,FG030,FG030,Shampoo,42978.53517624869,9400.0,42350.0,85329.0,95375.0,0.0
B,ETS,FG031,FG031,Shampoo,68804.34207722919,13246.0,59116.0,127920.0,122384.0,5536.0
B,ETS,FG032,FG032,Shampoo,16245.415505809333,2852.0,10975.0,27220.0,31110.0,0.0
B,ETS,FG033,FG033,Shampoo,40575.61712472126,8536.0,27471.0,68047.0,68173.0,0.0
B,ETS,FG034,FG034,Liquid Wash,39745.762020732225,5935.0,41706.0,81452.0,122515.0,0.0
B,ETS,FG035,FG035,Liquid Wash,32879.032262834575,12141.0,49404.0,82283.0,60912.0,21371.0
B,ETS,FG036,FG036,Liquid Wash,38527.82357533363,5223.0,23203.0,61731.0,104800.0,0.0
B,ETS,FG037,FG037,Liquid Wash,21436.92169501002,5083.0,27949.0,49386.0,34512.0,14874.0
B,ETS,FG038,FG038,Liquid Wash,32478.368021752325,10106.0,49080.0,81558.0,54765.0,26793.0
B,ETS,FG039,FG039,Liquid Wash,14338.879604570422,2849.0,10018.0,24357.0,30903.0,0.0
B,ETS,FG040,FG040,Liquid Wash,21473.151080380256,6188.0,25514.0,46987.0,25648.0,21339.0
B,ETS,FG041,FG041,Liquid Wash,13691.790448683576,1877.0,9179.0,22871.0,22861.0,10.0
B,ETS,FG042,FG042,Liquid Wash,24348.815173452585,8386.0,31112.0,55461.0,48592.0,6869.0
B,ETS,FG043,FG043,Liquid Wash,35387.644658189485,11240.0,50166.0,85554.0,83325.0,2229.0
B,ETS,FG044,FG044,Diaper,39136.60344292412,4215.0,31611.0,70748.0,51462.0,19286.0
B,ETS,FG045,FG045,Diaper,63966.073433992984,6510.0,32096.0,96062.0,94908.0,1154.0
B,ETS,FG046,FG046,Diaper,59302.55740771,9389.0,78575.0,137878.0,148277.0,0.0
B,ETS,FG047,FG047,Diaper,16960.13676043786,2886.0,15323.0,32283.0,44974.0,0.0
B,ETS,FG048,FG048,Diaper,29800.04515123866,8148.0,42915.0,72715.0,53907.0,18808.0
B,ETS,FG049,FG049,Diaper,58552.834416426515,9953.0,64602.0,123155.0,85596.0,37559.0
B,ETS,FG050,FG050,Diaper,24317.273019150172,4903.0,30841.0,55158.0,28784.0,26374.0
B,ETS,FG051,FG051,Diaper,17523.830872608363,2626.0,19566.0,37090.0,31924.0,5166.0
B,ETS,FG052,FG052,Diaper,64144.59022039315,9683.0,52446.0,116591.0,77005.0,39586.0
B,ETS,FG053,FG053,Diaper,52752.42750930368,7556.0,42724.0,95476.0,127959.0,0.0
B,ETS,FG054,FG054,Diaper,61858.84629848288,4758.0,54245.0,116104.0,95660.0,20444.0
B,ETS,FG055,FG055,Diaper,15978.284265096838,2304.0,14021.0,29999.0,30746.0,0.0
B,ETS,FG056,FG056,Sanitary,30129.4047413169,2563.0,13610.0,43739.0,67200.0,0.0
B,ETS,FG057,FG057,Sanitary,33181.13068935612,4678.0,31223.0,64404.0,65918.0,0.0
B,ETS,FG058,FG058,Sanitary,42449.88282715858,6797.0,28022.0,70472.0,66789.0,3683.0
B,ETS,FG059,FG059,Sanitary,13828.793240816643,2579.0,15486.0,29315.0,39403.0,0.0
B,ETS,FG060,FG060,Sanitary,38051.17225076293,5099.0,46955.0,85006.0,70819.0,14187.0
B,ETS,FG061,FG061,Sanitary,19621.332318833098,2650.0,24233.0,43854.0,37922.0,5932.0
B,ETS,FG062,FG062,Sanitary,16792.141177840476,2899.0,19131.0,35923.0,21543.0,14380.0
B,ETS,FG063,FG063,Sanitary,48163.05392437064,5240.0,42165.0,90328.0,53520.0,36808.0
B,ETS,FG064,FG064,Lotion/Cream,22904.83576976228,9961.0,39737.0,62642.0,45552.0,17090.0
B,ETS,FG065,FG065,Lotion/Cream,30445.084128050457,6150.0,27462.0,57907.0,57052.0,855.0
B,ETS,FG066,FG066,Lotion/Cream,10754.284999850166,2291.0,9461.0,20215.0,19013.0,1202.0
B,ETS,FG067,FG067,Lotion/Cream,34156.44904055401,4181.0,46307.0,80463.0,54562.0,25901.0
B,ETS,FG068,FG068,Lotion/Cream,18464.563175436924,3431.0,13894.0,32359.0,42867.0,0.0
B,ETS,FG069,FG069,Lotion/Cream,42637.28063764567,16006.0,31640.0,74277.0,64041.0,10236.0
B,ETS,FG070,FG070,Lotion/Cream,23407.162502545576,7041.0,28107.0,51514.0,33029.0,18485.0
B,ETS,FG071,FG071,Lotion/Cream,22756.205078593077,6060.0,33367.0,56123.0,47589.0,8534.0
B,ETS,FG072,FG072,Lotion/Cream,7489.514316102908,1257.0,5002.0,12492.0,8287.0,4205.0
B,ETS,FG073,FG073,Lotion/Cream,28653.73460384885,6960.0,28928.0,57582.0,54306.0,3276.0
B,ETS,FG074,FG074,Lotion/Cream,5982.261605779076,1427.0,3820.0,9802.0,12521.0,0.0
B,ETS,FG075,FG075,Lotion/Cream,7603.608967101733,1622.0,8719.0,16323.0,9611.0,6712.0
B,ETS,FG076,FG076,Talc,6351.127468516628,1527.0,6608.0,12959.0,6733.0,6226.0
B,ETS,FG077,FG077,Talc,24751.020595542886,3613.0,21764.0,46515.0,32844.0,13671.0
B,ETS,FG078,FG078,Talc,9053.229547915573,1790.0,7222.0,16275.0,18826.0,0.0
B,ETS,FG079,FG079,Talc,15902.370297539515,4864.0,17586.0,33488.0,35524.0,0.0
B,ETS,FG080,FG080,Talc,28822.29893240903,5928.0,30907.0,59729.0,56857.0,2872.0
B,ETS,FG081,FG081,Talc,6059.6207717057705,1825.0,9097.0,15157.0,10871.0,4286.0
B,ETS,FG082,FG082,Home Care,35939.377152219335,7752.0,35306.0,71245.0,75426.0,0.0
B,ETS,FG083,FG083,Home Care,32082.259597382665,4470.0,18372.0,50454.0,73863.0,0.0
B,ETS,FG084,FG084,Home Care,24335.24782886312,6044.0,32002.0,56337.0,35036.0,21301.0
B,ETS,FG085,FG085,Home Care,8731.469679329655,1734.0,9301.0,18032.0,9497.0,8535.0
B,ETS,FG086,FG086,Home Care,16218.886631846835,4198.0,21498.0,37717.0,37803.0,0.0
B,ETS,FG087,FG087,Home Care,35799.35284560634,6137.0,21650.0,57449.0,80288.0,0.0
B,ETS,FG088,FG088,Home Care,29440.07785389487,5884.0,23548.0,52988.0,48669.0,4319.0
B,ETS,FG089,FG089,Home Care,18082.58970803801,4634.0,22717.0,40800.0,39212.0,1588.0
B,ETS,FG090,FG090,Home Care,11282.855334567585,3885.0,16296.0,27579.0,25529.0,2050.0
B,ETS,FG091,FG091,Home Care,25760.905741001665,5222.0,25831.0,51592.0,59119.0,0.0
B,ETS,FG092,FG092,Baby Care,17099.17214748547,4298.0,23677.0,40776.0,32214.0,8562.0
B,ETS,FG093,FG093,Baby Care,8093.407002251221,2012.0,11185.0,19278.0,15746.0,3532.0
B,ETS,FG094,FG094,Baby Care,9882.774273778168,2653.0,9571.0,19454.0,19247.0,207.0
B,ETS,FG095,FG095,Baby Care,24125.920671984935,6075.0,35830.0,59956.0,32005.0,27951.0
B,ETS,FG096,FG096,Baby Care,6618.344063221783,897.0,4206.0,10824.0,11941.0,0.0
B,ETS,FG097,FG097,Baby Care,8620.466330202316,1230.0,5828.0,14448.0,18788.0,0.0
B,ETS,FG098,FG098,Baby Care,9437.235918809742,2064.0,10558.0,19995.0,17167.0,2828.0
B,ETS,FG099,FG099,Combo,6003.822063576398,2439.0,7642.0,13646.0,15011.0,0.0
B,ETS,FG100,FG100,Combo,5800.992502859295,1433.0,3947.0,9748.0,6159.0,3589.0
B,ETS,FG101,FG101,Combo,4470.528416695757,2520.0,7438.0,11909.0,13119.0,0.0
B,ETS,FG102,FG102,Combo,6428.389004566209,2379.0,6022.0,12450.0,18434.0,0.0
B,ETS,FG103,FG103,Combo,4573.659133096127,1799.0,6525.0,11099.0,7116.0,3983.0
B,SARIMA,FG001,FG001,Soap,28330.557045713755,8393.0,21614.0,49945.0,59381.0,0.0
B,SARIMA,FG002,FG002,Soap,65521.812046102765,45833.0,109171.0,174693.0,74976.0,99717.0
B,SARIMA,FG003,FG003,Soap,61655.559266159486,1257331.0,1314876.0,1376532.0,186247.0,1190285.0
B,SARIMA,FG004,FG004,Soap,48567.20069830291,21320.0,58555.0,107122.0,106304.0,818.0
B,SARIMA,FG005,FG005,Soap,31701.84485866901,10187.0,34492.0,66194.0,80133.0,0.0
B,SARIMA,FG006,FG006,Soap,51778.06601140771,55547.0,117681.0,169459.0,93012.0,76447.0
B,SARIMA,FG007,FG007,Soap,55653.05198500905,19129.0,50666.0,106319.0,125905.0,0.0
B,SARIMA,FG008,FG008,Soap,49619.22192683812,9502.0,60775.0,110394.0,67135.0,43259.0
B,SARIMA,FG009,FG009,Soap,32506.643835308427,17073.0,37661.0,70168.0,39970.0,30198.0
B,SARIMA,FG010,FG010,Soap,85169.79500201665,9074.0,45981.0,131151.0,159730.0,0.0
B,SARIMA,FG011,FG011,Soap,58483.2120978233,12090.0,60826.0,119309.0,109274.0,10035.0
B,SARIMA,FG012,FG012,Soap,38215.53696054177,28452.0,75584.0,113800.0,75757.0,38043.0
B,SARIMA,FG013,FG013,Soap,90479.95648236125,67574.0,161070.0,251550.0,218380.0,33170.0
B,SARIMA,FG014,FG014,Soap,64136.19369691328,574681.0,636679.0,700815.0,103769.0,597046.0
B,SARIMA,FG015,FG015,Soap,62895.28075399395,48891.0,113883.0,176778.0,151466.0,25312.0
B,SARIMA,FG016,FG016,Shampoo,22582.20873202253,9880.0,34720.0,57302.0,35879.0,21423.0
B,SARIMA,FG017,FG017,Shampoo,30856.45321963105,19218.0,40818.0,71674.0,51554.0,20120.0
B,SARIMA,FG018,FG018,Shampoo,29759.15761110802,6062.0,19950.0,49709.0,51867.0,0.0
B,SARIMA,FG019,FG019,Shampoo,67936.67536288979,54620.0,129350.0,197287.0,133923.0,63364.0
B,SARIMA,FG020,FG020,Shampoo,48056.034573401026,9902.0,49949.0,98005.0,86037.0,11968.0
B,SARIMA,FG021,FG021,Shampoo,33404.73100435132,5667332636799020.0,5667332636824630.0,5667332636858035.0,41660.0,5667332636816375.0
B,SARIMA,FG022,FG022,Shampoo,44887.80111883993,57400047983489.0,57400048014910.0,57400048059798.0,76913.0,57400047982885.0
B,SARIMA,FG023,FG023,Shampoo,31503.137209385157,12541.0,29343.0,60846.0,108867.0,0.0
B,SARIMA,FG024,FG024,Shampoo,37705.74755737329,12952.0,54428.0,92134.0,103552.0,0.0
B,SARIMA,FG025,FG025,Shampoo,27032.8836515054,8222.0,37057.0,64090.0,49256.0,14834.0
B,SARIMA,FG026,FG026,Shampoo,39864.98643636295,3.9489238468102554e+20,3.948923846810256e+20,3.9489238468102567e+20,91327.0,3.948923846810256e+20
B,SARIMA,FG027,FG027,Shampoo,50507.63172855475,16094.0,53133.0,103641.0,115895.0,0.0
B,SARIMA,FG028,FG028,Shampoo,40102.25098372781,9684.0,52460.0,92562.0,75262.0,17300.0
B,SARIMA,FG029,FG029,Shampoo,17592.480317961497,1552317634.0,1552332294.0,1552349886.0,34940.0,1552314946.0
B,SARIMA,FG030,FG030,Shampoo,46996.08418045045,10333.0,46363.0,93359.0,95375.0,0.0
B,SARIMA,FG031,FG031,Shampoo,66204.001274214,14768.0,58904.0,125108.0,122384.0,2724.0
B,SARIMA,FG032,FG032,Shampoo,15949.528390151549,5131.0,13106.0,29056.0,31110.0,0.0
B,SARIMA,FG033,FG033,Shampoo,49247.95250452255,31396.0,54378.0,103626.0,68173.0,35453.0
B,SARIMA,FG034,FG034,Liquid Wash,41742.75148007774,7416.0,44984.0,86727.0,122515.0,0.0
B,SARIMA,FG035,FG035,Liquid Wash,32536.381309921333,12851.0,49726.0,82262.0,60912.0,21350.0
B,SARIMA,FG036,FG036,Liquid Wash,43957.66303224184,2860582.0,2881096.0,2925054.0,104800.0,2820254.0
B,SARIMA,FG037,FG037,Liquid Wash,21366.77307139849,6714.0,29505.0,50872.0,34512.0,16360.0
B,SARIMA,FG038,FG038,Liquid Wash,35915.189551468015,76165.0,119263.0,155178.0,54765.0,100413.0
B,SARIMA,FG039,FG039,Liquid Wash,15356.657688645406,3620.0,11298.0,26655.0,30903.0,0.0
B,SARIMA,FG040,FG040,Liquid Wash,20746.734292096047,14115.0,32787.0,53534.0,25648.0,27886.0
B,SARIMA,FG041,FG041,Liquid Wash,13266.689926788124,8321.0,15397.0,28664.0,22861.0,5803.0
B,SARIMA,FG042,FG042,Liquid Wash,22915.148703675382,7417.0,28804.0,51719.0,48592.0,3127.0
B,SARIMA,FG043,FG043,Liquid Wash,37951.34965994585,9.72513081893972e+19,9.725130818939724e+19,9.725130818939729e+19,83325.0,9.72513081893972e+19
B,SARIMA,FG044,FG044,Diaper,43226.27934385097,5352.0,35610.0,78836.0,51462.0,27374.0
B,SARIMA,FG045,FG045,Diaper,63172.845136038995,5669.0,30938.0,94111.0,94908.0,0.0
B,SARIMA,FG046,FG046,Diaper,64535.27872265204,42255.0,117546.0,182081.0,148277.0,33804.0
B,SARIMA,FG047,FG047,Diaper,17745.590303099114,13448.0,26461.0,44207.0,44974.0,0.0
B,SARIMA,FG048,FG048,Diaper,31611.957977390735,8918.0,45799.0,77411.0,53907.0,23504.0
B,SARIMA,FG049,FG049,Diaper,54322.60711379879,123206.0,173907.0,228230.0,85596.0,142634.0
B,SARIMA,FG050,FG050,Diaper,26257.99079172581,54593.0,82602.0,108860.0,28784.0,80076.0
B,SARIMA,FG051,FG051,Diaper,15968.549401928176,8252.0,23688.0,39657.0,31924.0,7733.0
B,SARIMA,FG052,FG052,Diaper,72628.8061016372,11085.0,59504.0,132133.0,77005.0,55128.0
B,SARIMA,FG053,FG053,Diaper,64666.10822552314,4.2276429031531984e+20,4.227642903153199e+20,4.2276429031532e+20,127959.0,4.2276429031531984e+20
B,SARIMA,FG054,FG054,Diaper,60728.78436356529,10942274.0,10990857.0,11051586.0,95660.0,10955926.0
B,SARIMA,FG055,FG055,Diaper,12751.539849310642,3290.0,12641.0,25393.0,30746.0,0.0
B,SARIMA,FG056,FG056,Sanitary,30337.113583039536,10520.0,21644.0,51981.0,67200.0,0.0
B,SARIMA,FG057,FG057,Sanitary,35258.62375216165,4893.0,33100.0,68359.0,65918.0,2441.0
B,SARIMA,FG058,FG058,Sanitary,37373.71890464419,8465.0,27152.0,64526.0,66789.0,0.0
B,SARIMA,FG059,FG059,Sanitary,5993.899409615508,236504.0,242098.0,248092.0,39403.0,208689.0
B,SARIMA,FG060,FG060,Sanitary,37903.87849344758,6180.0,47874.0,85778.0,70819.0,14959.0
B,SARIMA,FG061,FG061,Sanitary,22017.138559354484,9264.0,33483.0,55500.0,37922.0,17578.0
B,SARIMA,FG062,FG062,Sanitary,16124.909588243792,4010.0,19597.0,35722.0,21543.0,14179.0
B,SARIMA,FG063,FG063,Sanitary,46658.83955615495,23179846101047.0,23179846136819.0,23179846183478.0,53520.0,23179846129958.0
B,SARIMA,FG064,FG064,Lotion/Cream,22718.97270291524,622201462776226.0,622201462805761.0,622201462828480.0,45552.0,622201462782928.0
B,SARIMA,FG065,FG065,Lotion/Cream,24256.854278005445,76358.0,93338.0,117595.0,57052.0,60543.0
B,SARIMA,FG066,FG066,Lotion/Cream,10582.156198828716,2815.0,9870.0,20452.0,19013.0,1439.0
B,SARIMA,FG067,FG067,Lotion/Cream,35330.68162677397,26774863.0,26818438.0,26853769.0,54562.0,26799207.0
B,SARIMA,FG068,FG068,Lotion/Cream,19867.1449836159,9185.0,20443.0,40310.0,42867.0,0.0
B,SARIMA,FG069,FG069,Lotion/Cream,42136.32296454147,14081.0,29531.0,71667.0,64041.0,7626.0
B,SARIMA,FG070,FG070,Lotion/Cream,25947.97481470545,7184.0,30537.0,56485.0,33029.0,23456.0
B,SARIMA,FG071,FG071,Lotion/Cream,9366.215847541387,16628.0,27867.0,37233.0,47589.0,0.0
B,SARIMA,FG072,FG072,Lotion/Cream,7740.313372466597,12773531849.0,12773535719.0,12773543459.0,8287.0,12773535172.0
B,SARIMA,FG073,FG073,Lotion/Cream,27687.93735487426,37488.0,58715.0,86403.0,54306.0,32097.0
B,SARIMA,FG074,FG074,Lotion/Cream,6221.486496000383,129074916.0,129077405.0,129083626.0,12521.0,129071105.0
B,SARIMA,FG075,FG075,Lotion/Cream,7292.672590248953,1938.0,8744.0,16037.0,9611.0,6426.0
B,SARIMA,FG076,FG076,Talc,6599.030644490791,4394.0,9673.0,16272.0,6733.0,9539.0
B,SARIMA,FG077,FG077,Talc,24934.10014957136,144146384870.0,144146403155.0,144146428089.0,32844.0,144146395245.0
B,SARIMA,FG078,FG078,Talc,8444.321505516165,1176564597.0,1176569664.0,1176578108.0,18826.0,1176559282.0
B,SARIMA,FG079,FG079,Talc,20592.591752899974,5820.0,22294.0,42887.0,35524.0,7363.0
B,SARIMA,FG080,FG080,Talc,30372.16352499125,8491.0,34814.0,65186.0,56857.0,8329.0
B,SARIMA,FG081,FG081,Talc,6323.787637325819,1677.0,9266.0,15590.0,10871.0,4719.0
B,SARIMA,FG082,FG082,Home Care,37961.46649649848,9851.0,38955.0,76916.0,75426.0,1490.0
B,SARIMA,FG083,FG083,Home Care,30128.2140585369,7067.0,20123.0,50251.0,73863.0,0.0
B,SARIMA,FG084,FG084,Home Care,25368.05329463822,5130750799.0,5130777858.0,5130803226.0,35036.0,5130768190.0
B,SARIMA,FG085,FG085,Home Care,9436.098781174516,1410868792981.0,1410868801159.0,1410868810595.0,9497.0,1410868801098.0
B,SARIMA,FG086,FG086,Home Care,17292.651787209936,14622.0,33067.0,50360.0,37803.0,12557.0
B,SARIMA,FG087,FG087,Home Care,40183.75334407268,202129.0,219542.0,259726.0,80288.0,179438.0
B,SARIMA,FG088,FG088,Home Care,31973.500480104663,2361878619808388.0,2361878619827572.0,2361878619859546.0,48669.0,2361878619810877.0
B,SARIMA,FG089,FG089,Home Care,18787.393752000156,4259007.0,4277794.0,4296581.0,39212.0,4257369.0
B,SARIMA,FG090,FG090,Home Care,13358.498246214922,3748.0,18442.0,31800.0,25529.0,6271.0
B,SARIMA,FG091,FG091,Home Care,27050.601776496012,6091.0,27731.0,54782.0,59119.0,0.0
B,SARIMA,FG092,FG092,Baby Care,19398.4731571645,16700.0,38685.0,58083.0,32214.0,25869.0
B,SARIMA,FG093,FG093,Baby Care,8362.850575069502,3916.0,13394.0,21757.0,15746.0,6011.0
B,SARIMA,FG094,FG094,Baby Care,10169.6277475137,3198.0,10317.0,20487.0,19247.0,1240.0
B,SARIMA,FG095,FG095,Baby Care,25109.901252820982,5701.0,36670.0,61780.0,32005.0,29775.0
B,SARIMA,FG096,FG096,Baby Care,6503.720717087571,1836.0,5088.0,11592.0,11941.0,0.0
B,SARIMA,FG097,FG097,Baby Care,10182.410723690073,5531.0,10962.0,21144.0,18788.0,2356.0
B,SARIMA,FG098,FG098,Baby Care,8582.64255189531,2585.0,10309.0,18892.0,17167.0,1725.0
B,SARIMA,FG099,FG099,Combo,6480.584869384085,5458.0,11075.0,17556.0,15011.0,2545.0
B,SARIMA,FG100,FG100,Combo,6095.653403459688,1540.0,4181.0,10277.0,6159.0,4118.0
B,SARIMA,FG101,FG101,Combo,3653.980714340745,5108.0,9127.0,12781.0,13119.0,0.0
B,SARIMA,FG102,FG102,Combo,6567.023531996238,2264.0,5985.0,12552.0,18434.0,0.0
B,SARIMA,FG103,FG103,Combo,3406.329198367319,3531.0,7051.0,10457.0,7116.0,3341.0
